Year,Season,NOC,Total_Medals,Gold,Silver,Bronze,Men_Medals,Women_Medals,Is_Host
1896,Summer,GRE,44,10,17,17,44.0,0.0,1
1896,Summer,USA,19,11,6,2,19.0,0.0,0
1896,Summer,GER,14,7,5,2,14.0,0.0,0
1896,Summer,FRA,11,5,4,2,11.0,0.0,0
1896,Summer,GBR,9,3,3,3,9.0,0.0,0
1896,Summer,HUN,6,2,1,3,6.0,0.0,0
1896,Summer,DEN,6,1,2,3,6.0,0.0,0
1896,Summer,AUT,5,2,1,2,5.0,0.0,0
1896,Summer,SUI,3,1,2,0,3.0,0.0,0
1896,Summer,AUS,3,2,0,1,3.0,0.0,0
1896,Summer,ITA,0,0,0,0,0.0,0.0,0
1896,Summer,SWE,0,0,0,0,0.0,0.0,0
1900,Summer,FRA,102,28,40,34,100.0,2.0,1
1900,Summer,USA,54,21,16,17,49.0,5.0,0
1900,Summer,GBR,42,19,11,12,40.0,2.0,0
1900,Summer,BEL,18,6,7,5,18.0,0.0,0
1900,Summer,SUI,9,6,2,1,9.0,0.0,0
1900,Summer,GER,8,4,3,1,8.0,0.0,0
1900,Summer,DEN,7,2,3,2,7.0,0.0,0
1900,Summer,NED,7,1,2,4,7.0,0.0,0
1900,Summer,AUT,6,0,3,3,6.0,0.0,0
1900,Summer,AUS,6,3,0,3,6.0,0.0,0
1900,Summer,NOR,5,0,2,3,5.0,0.0,0
1900,Summer,ITA,5,3,2,0,5.0,0.0,0
1900,Summer,HUN,5,1,2,2,5.0,0.0,0
1900,Summer,BOH,3,0,1,2,1.0,2.0,0
1900,Summer,SWE,2,1,0,1,2.0,0.0,0
1900,Summer,CUB,2,1,1,0,2.0,0.0,0
1900,Summer,CAN,2,1,0,1,2.0,0.0,0
1900,Summer,IND,2,0,2,0,2.0,0.0,0
1900,Summer,ESP,1,1,0,0,1.0,0.0,0
1900,Summer,HAI,1,1,0,0,1.0,0.0,0
1900,Summer,MEX,1,0,0,1,1.0,0.0,0
1900,Summer,COL,1,0,1,0,1.0,0.0,0
1900,Summer,NZL,1,1,0,0,1.0,0.0,0
1900,Summer,LUX,1,1,0,0,1.0,0.0,0
1900,Summer,ARG,0,0,0,0,0.0,0.0,0
1900,Summer,PER,0,0,0,0,0.0,0.0,0
1900,Summer,RUS,0,0,0,0,0.0,0.0,0
1900,Summer,BRA,0,0,0,0,0.0,0.0,0
1900,Summer,IRI,0,0,0,0,0.0,0.0,0
1900,Summer,GRE,0,0,0,0,0.0,0.0,0
1900,Summer,ROU,0,0,0,0,0.0,0.0,0
1904,Summer,USA,230,76,79,75,223.0,7.0,1
1904,Summer,GER,16,4,5,7,16.0,0.0,0
1904,Summer,CAN,6,4,1,1,6.0,0.0,0
1904,Summer,CUB,4,4,0,0,4.0,0.0,0
1904,Summer,HUN,4,2,1,1,4.0,0.0,0
1904,Summer,AUS,4,0,3,1,4.0,0.0,0
1904,Summer,AUT,4,2,1,1,4.0,0.0,0
1904,Summer,SUI,3,1,0,2,3.0,0.0,0
1904,Summer,FRA,2,0,2,0,2.0,0.0,0
1904,Summer,GBR,2,1,1,0,2.0,0.0,0
1904,Summer,GRE,2,1,0,1,2.0,0.0,0
1904,Summer,NOR,2,2,0,0,2.0,0.0,0
1904,Summer,ITA,0,0,0,0,0.0,0.0,0
1904,Summer,NFL,0,0,0,0,0.0,0.0,0
1904,Summer,RSA,0,0,0,0,0.0,0.0,0
1906,Summer,FRA,41,15,10,16,40.0,1.0,0
1906,Summer,GRE,35,8,14,13,31.0,4.0,0
1906,Summer,GBR,25,8,12,5,25.0,0.0,0
1906,Summer,USA,23,12,5,6,23.0,0.0,0
1906,Summer,ITA,16,7,6,3,16.0,0.0,0
1906,Summer,GER,14,4,6,4,14.0,0.0,0
1906,Summer,SWE,14,2,5,7,14.0,0.0,0
1906,Summer,HUN,10,2,5,3,10.0,0.0,0
1906,Summer,AUT,9,3,3,3,9.0,0.0,0
1906,Summer,SUI,8,4,3,1,8.0,0.0,0
1906,Summer,BEL,7,2,2,3,7.0,0.0,0
1906,Summer,DEN,6,3,2,1,6.0,0.0,0
1906,Summer,FIN,4,2,1,1,4.0,0.0,0
1906,Summer,AUS,3,0,0,3,3.0,0.0,0
1906,Summer,NED,3,0,1,2,3.0,0.0,0
1906,Summer,NOR,2,1,1,0,2.0,0.0,0
1906,Summer,CAN,2,1,1,0,2.0,0.0,0
1906,Summer,BOH,2,0,0,2,2.0,0.0,0
1906,Summer,CRT,0,0,0,0,0.0,0.0,0
1906,Summer,EGY,0,0,0,0,0.0,0.0,0
1906,Summer,TUR,0,0,0,0,0.0,0.0,0
1908,Summer,GBR,143,56,50,37,133.0,10.0,1
1908,Summer,USA,46,22,12,12,46.0,0.0,0
1908,Summer,SWE,25,8,6,11,24.0,1.0,0
1908,Summer,FRA,19,5,5,9,19.0,0.0,0
1908,Summer,CAN,16,3,3,10,16.0,0.0,0
1908,Summer,GER,13,3,5,5,12.0,1.0,0
1908,Summer,HUN,9,3,4,2,9.0,0.0,0
1908,Summer,NOR,8,2,3,3,8.0,0.0,0
1908,Summer,BEL,8,1,5,2,8.0,0.0,0
1908,Summer,DEN,5,0,2,3,5.0,0.0,0
1908,Summer,ANZ,5,1,2,2,5.0,0.0,0
1908,Summer,FIN,5,1,1,3,5.0,0.0,0
1908,Summer,ITA,4,2,2,0,4.0,0.0,0
1908,Summer,GRE,4,0,3,1,4.0,0.0,0
1908,Summer,RUS,3,1,2,0,3.0,0.0,0
1908,Summer,BOH,2,0,0,2,2.0,0.0,0
1908,Summer,NED,2,0,0,2,2.0,0.0,0
1908,Summer,RSA,2,1,1,0,2.0,0.0,0
1908,Summer,AUT,1,0,0,1,1.0,0.0,0
1908,Summer,ISL,0,0,0,0,0.0,0.0,0
1908,Summer,ARG,0,0,0,0,0.0,0.0,0
1908,Summer,SUI,0,0,0,0,0.0,0.0,0
1912,Summer,SWE,65,24,24,17,61.0,4.0,1
1912,Summer,USA,63,26,18,19,63.0,0.0,0
1912,Summer,GBR,41,10,15,16,35.0,6.0,0
1912,Summer,FIN,26,9,8,9,26.0,0.0,0
1912,Summer,GER,26,6,13,7,23.0,3.0,0
1912,Summer,FRA,15,7,5,3,13.0,2.0,0
1912,Summer,DEN,12,1,6,5,11.0,1.0,0
1912,Summer,NOR,10,4,1,5,9.0,1.0,0
1912,Summer,HUN,8,3,2,3,8.0,0.0,0
1912,Summer,ITA,8,5,1,2,8.0,0.0,0
1912,Summer,CAN,8,3,2,3,8.0,0.0,0
1912,Summer,ANZ,7,2,2,3,5.0,2.0,0
1912,Summer,BEL,6,2,1,3,6.0,0.0,0
1912,Summer,RSA,6,4,2,0,6.0,0.0,0
1912,Summer,RUS,5,0,2,3,5.0,0.0,0
1912,Summer,AUT,4,0,2,2,3.0,1.0,0
1912,Summer,NED,3,0,0,3,3.0,0.0,0
1912,Summer,GRE,2,1,0,1,2.0,0.0,0
1912,Summer,SUI,1,1,0,0,1.0,0.0,0
1912,Summer,LUX,0,0,0,0,0.0,0.0,0
1912,Summer,CHI,0,0,0,0,0.0,0.0,0
1912,Summer,BOH,0,0,0,0,0.0,0.0,0
1912,Summer,POR,0,0,0,0,0.0,0.0,0
1912,Summer,UNK,0,0,0,0,0.0,0.0,0
1912,Summer,ISL,0,0,0,0,0.0,0.0,0
1912,Summer,JPN,0,0,0,0,0.0,0.0,0
1912,Summer,SRB,0,0,0,0,0.0,0.0,0
1912,Summer,TUR,0,0,0,0,0.0,0.0,0
1912,Summer,POL,0,0,0,0,0.0,0.0,0
1920,Summer,USA,95,41,27,27,84.0,11.0,0
1920,Summer,SWE,64,19,20,25,60.0,4.0,0
1920,Summer,GBR,43,14,16,13,35.0,8.0,0
1920,Summer,BEL,42,16,12,14,42.0,0.0,1
1920,Summer,FRA,42,9,20,13,39.0,3.0,0
1920,Summer,FIN,34,15,10,9,34.0,0.0,0
1920,Summer,NOR,29,10,10,9,28.0,1.0,0
1920,Summer,ITA,25,14,6,5,25.0,0.0,0
1920,Summer,DEN,13,3,9,1,12.0,1.0,0
1920,Summer,SUI,11,2,2,7,11.0,0.0,0
1920,Summer,NED,11,4,2,5,11.0,0.0,0
1920,Summer,RSA,10,3,4,3,10.0,0.0,0
1920,Summer,CAN,9,3,3,3,9.0,0.0,0
1920,Summer,BRA,3,1,1,1,3.0,0.0,0
1920,Summer,AUS,3,0,2,1,3.0,0.0,0
1920,Summer,EST,3,1,2,0,3.0,0.0,0
1920,Summer,ESP,2,0,2,0,2.0,0.0,0
1920,Summer,TCH,2,0,0,2,1.0,1.0,0
1920,Summer,JPN,2,0,2,0,2.0,0.0,0
1920,Summer,LUX,1,0,1,0,1.0,0.0,0
1920,Summer,GRE,1,0,1,0,1.0,0.0,0
1920,Summer,NZL,1,0,0,1,1.0,0.0,0
1920,Summer,EGY,0,0,0,0,0.0,0.0,0
1920,Summer,IND,0,0,0,0,0.0,0.0,0
1920,Summer,MON,0,0,0,0,0.0,0.0,0
1920,Summer,CHI,0,0,0,0,0.0,0.0,0
1920,Summer,POR,0,0,0,0,0.0,0.0,0
1920,Summer,YUG,0,0,0,0,0.0,0.0,0
1920,Summer,ARG,0,0,0,0,0.0,0.0,0
1924,Summer,USA,99,45,27,27,80.0,19.0,0
1924,Summer,FRA,40,14,14,12,39.0,1.0,1
1924,Summer,FIN,37,14,13,10,37.0,0.0,0
1924,Summer,GBR,35,9,14,12,26.0,9.0,0
1924,Summer,SWE,29,4,13,12,27.0,2.0,0
1924,Summer,SUI,25,7,8,10,25.0,0.0,0
1924,Summer,ITA,16,8,3,5,16.0,0.0,0
1924,Summer,BEL,13,3,7,3,13.0,0.0,0
1924,Summer,NED,11,4,1,6,10.0,1.0,0
1924,Summer,DEN,11,2,6,3,9.0,2.0,0
1924,Summer,NOR,10,5,2,3,10.0,0.0,0
1924,Summer,HUN,10,2,4,4,10.0,0.0,0
1924,Summer,TCH,10,1,4,5,10.0,0.0,0
1924,Summer,ARG,6,1,3,2,6.0,0.0,0
1924,Summer,AUS,6,3,1,2,6.0,0.0,0
1924,Summer,EST,6,1,1,4,6.0,0.0,0
1924,Summer,AUT,4,0,3,1,4.0,0.0,0
1924,Summer,CAN,4,0,3,1,4.0,0.0,0
1924,Summer,RSA,3,1,1,1,3.0,0.0,0
1924,Summer,POL,2,0,1,1,2.0,0.0,0
1924,Summer,LUX,2,1,1,0,2.0,0.0,0
1924,Summer,YUG,2,2,0,0,2.0,0.0,0
1924,Summer,IRL,2,0,1,1,2.0,0.0,0
1924,Summer,MON,1,0,0,1,1.0,0.0,0
1924,Summer,GRE,1,1,0,0,1.0,0.0,0
1924,Summer,URU,1,1,0,0,1.0,0.0,0
1924,Summer,HAI,1,0,0,1,1.0,0.0,0
1924,Summer,ROU,1,0,0,1,1.0,0.0,0
1924,Summer,POR,1,0,0,1,1.0,0.0,0
1924,Summer,JPN,1,0,0,1,1.0,0.0,0
1924,Summer,NZL,1,0,0,1,1.0,0.0,0
1924,Summer,BUL,0,0,0,0,0.0,0.0,0
1924,Summer,CHI,0,0,0,0,0.0,0.0,0
1924,Summer,EGY,0,0,0,0,0.0,0.0,0
1924,Summer,MEX,0,0,0,0,0.0,0.0,0
1924,Summer,TUR,0,0,0,0,0.0,0.0,0
1924,Summer,CUB,0,0,0,0,0.0,0.0,0
1924,Summer,ESP,0,0,0,0,0.0,0.0,0
1924,Summer,LTU,0,0,0,0,0.0,0.0,0
1924,Summer,LAT,0,0,0,0,0.0,0.0,0
1924,Summer,BRA,0,0,0,0,0.0,0.0,0
1924,Summer,IND,0,0,0,0,0.0,0.0,0
1924,Summer,ECU,0,0,0,0,0.0,0.0,0
1924,Summer,PHI,0,0,0,0,0.0,0.0,0
1924,Summer,RUS,0,0,0,0,0.0,0.0,0
1924,Winter,NOR,17,4,7,6,17.0,0.0,0
1924,Winter,FIN,11,4,4,3,11.0,0.0,0
1924,Winter,GBR,5,2,1,2,4.0,1.0,0
1924,Winter,USA,4,1,2,1,3.0,1.0,0
1924,Winter,SUI,3,2,0,1,3.0,0.0,0
1924,Winter,FRA,3,0,0,3,3.0,0.0,1
1924,Winter,AUT,3,2,1,0,2.0,1.0,0
1924,Winter,SWE,2,1,1,0,2.0,0.0,0
1924,Winter,NEP,1,1,0,0,1.0,0.0,0
1924,Winter,CAN,1,1,0,0,1.0,0.0,0
1924,Winter,BEL,1,0,0,1,1.0,0.0,0
1924,Winter,AUS,1,1,0,0,1.0,0.0,0
1924,Winter,IND,1,1,0,0,1.0,0.0,0
1924,Winter,TCH,0,0,0,0,0.0,0.0,0
1924,Winter,ITA,0,0,0,0,0.0,0.0,0
1924,Winter,POL,0,0,0,0,0.0,0.0,0
1924,Winter,HUN,0,0,0,0,0.0,0.0,0
1924,Winter,YUG,0,0,0,0,0.0,0.0,0
1924,Winter,LAT,0,0,0,0,0.0,0.0,0
1928,Summer,USA,56,22,18,16,42.0,14.0,0
1928,Summer,GER,39,11,9,19,32.0,7.0,0
1928,Summer,SWE,25,7,6,12,22.0,3.0,0
1928,Summer,FRA,25,7,12,6,25.0,0.0,0
1928,Summer,FIN,25,8,8,9,25.0,0.0,0
1928,Summer,NED,23,8,10,5,18.0,5.0,1
1928,Summer,GBR,22,4,11,7,15.0,7.0,0
1928,Summer,ITA,20,7,6,7,19.0,1.0,0
1928,Summer,SUI,17,7,6,4,17.0,0.0,0
1928,Summer,CAN,15,4,4,7,11.0,4.0,0
1928,Summer,HUN,10,5,5,0,10.0,0.0,0
1928,Summer,DEN,9,3,2,4,9.0,0.0,0
1928,Summer,TCH,9,2,5,2,9.0,0.0,0
1928,Summer,ARG,7,3,3,1,7.0,0.0,0
1928,Summer,POL,7,2,1,4,6.0,1.0,0
1928,Summer,JPN,5,2,2,1,4.0,1.0,0
1928,Summer,YUG,5,1,1,3,5.0,0.0,0
1928,Summer,EST,5,2,1,2,5.0,0.0,0
1928,Summer,NOR,4,1,2,1,4.0,0.0,0
1928,Summer,EGY,4,2,1,1,4.0,0.0,0
1928,Summer,AUT,4,3,0,1,4.0,0.0,0
1928,Summer,AUS,4,1,2,1,4.0,0.0,0
1928,Summer,BEL,3,0,1,2,3.0,0.0,0
1928,Summer,RSA,3,1,0,2,2.0,1.0,0
1928,Summer,IND,1,1,0,0,1.0,0.0,0
1928,Summer,ESP,1,1,0,0,1.0,0.0,0
1928,Summer,CHI,1,0,1,0,1.0,0.0,0
1928,Summer,LUX,1,1,0,0,1.0,0.0,0
1928,Summer,POR,1,0,0,1,1.0,0.0,0
1928,Summer,URU,1,1,0,0,1.0,0.0,0
1928,Summer,IRL,1,1,0,0,1.0,0.0,0
1928,Summer,HAI,1,0,1,0,1.0,0.0,0
1928,Summer,NZL,1,1,0,0,1.0,0.0,0
1928,Summer,PHI,1,0,0,1,1.0,0.0,0
1928,Summer,MEX,0,0,0,0,0.0,0.0,0
1928,Summer,LTU,0,0,0,0,0.0,0.0,0
1928,Summer,ROU,0,0,0,0,0.0,0.0,0
1928,Summer,GRE,0,0,0,0,0.0,0.0,0
1928,Summer,TUR,0,0,0,0,0.0,0.0,0
1928,Summer,MON,0,0,0,0,0.0,0.0,0
1928,Summer,CUB,0,0,0,0,0.0,0.0,0
1928,Summer,LAT,0,0,0,0,0.0,0.0,0
1928,Summer,ZIM,0,0,0,0,0.0,0.0,0
1928,Summer,MLT,0,0,0,0,0.0,0.0,0
1928,Summer,PAN,0,0,0,0,0.0,0.0,0
1928,Summer,BUL,0,0,0,0,0.0,0.0,0
1928,Winter,NOR,15,6,4,5,14.0,1.0,0
1928,Winter,USA,6,2,2,2,5.0,1.0,0
1928,Winter,SWE,5,2,2,1,5.0,0.0,0
1928,Winter,FIN,4,2,1,1,4.0,0.0,0
1928,Winter,AUT,4,0,3,1,2.0,2.0,0
1928,Winter,SUI,1,0,0,1,1.0,0.0,1
1928,Winter,FRA,1,1,0,0,1.0,0.0,0
1928,Winter,GER,1,0,0,1,1.0,0.0,0
1928,Winter,BEL,1,0,0,1,1.0,0.0,0
1928,Winter,TCH,1,0,0,1,1.0,0.0,0
1928,Winter,GBR,1,0,0,1,1.0,0.0,0
1928,Winter,CAN,1,1,0,0,1.0,0.0,0
1928,Winter,POL,0,0,0,0,0.0,0.0,0
1928,Winter,JPN,0,0,0,0,0.0,0.0,0
1928,Winter,HUN,0,0,0,0,0.0,0.0,0
1928,Winter,ROU,0,0,0,0,0.0,0.0,0
1928,Winter,ITA,0,0,0,0,0.0,0.0,0
1928,Winter,YUG,0,0,0,0,0.0,0.0,0
1928,Winter,LTU,0,0,0,0,0.0,0.0,0
1928,Winter,EST,0,0,0,0,0.0,0.0,0
1928,Winter,MEX,0,0,0,0,0.0,0.0,0
1928,Winter,ARG,0,0,0,0,0.0,0.0,0
1928,Winter,NED,0,0,0,0,0.0,0.0,0
1928,Winter,LUX,0,0,0,0,0.0,0.0,0
1928,Winter,LAT,0,0,0,0,0.0,0.0,0
1932,Summer,USA,110,44,36,30,88.0,22.0,1
1932,Summer,ITA,36,12,12,12,36.0,0.0,0
1932,Summer,FIN,25,5,8,12,25.0,0.0,0
1932,Summer,SWE,24,10,5,9,24.0,0.0,0
1932,Summer,GER,24,5,12,7,22.0,2.0,0
1932,Summer,FRA,20,11,5,4,20.0,0.0,0
1932,Summer,JPN,18,7,7,4,17.0,1.0,0
1932,Summer,GBR,17,5,7,5,13.0,4.0,0
1932,Summer,CAN,16,2,5,9,13.0,3.0,0
1932,Summer,HUN,16,6,5,5,15.0,1.0,0
1932,Summer,POL,9,3,2,4,6.0,3.0,0
1932,Summer,NED,8,2,5,1,6.0,2.0,0
1932,Summer,DEN,8,0,5,3,7.0,1.0,0
1932,Summer,TCH,6,1,3,2,6.0,0.0,0
1932,Summer,RSA,5,2,0,3,3.0,2.0,0
1932,Summer,AUS,5,3,1,1,3.0,2.0,0
1932,Summer,AUT,5,1,1,3,4.0,1.0,0
1932,Summer,ARG,4,3,1,0,4.0,0.0,0
1932,Summer,PHI,3,0,0,3,3.0,0.0,0
1932,Summer,MEX,2,0,2,0,2.0,0.0,0
1932,Summer,IRL,2,2,0,0,2.0,0.0,0
1932,Summer,BEL,1,0,0,1,1.0,0.0,0
1932,Summer,IND,1,1,0,0,1.0,0.0,0
1932,Summer,ESP,1,0,0,1,1.0,0.0,0
1932,Summer,LAT,1,0,1,0,1.0,0.0,0
1932,Summer,NZL,1,0,1,0,1.0,0.0,0
1932,Summer,SUI,1,0,1,0,1.0,0.0,0
1932,Summer,URU,1,0,0,1,1.0,0.0,0
1932,Summer,BRA,0,0,0,0,0.0,0.0,0
1932,Summer,PER,0,0,0,0,0.0,0.0,0
1932,Summer,HAI,0,0,0,0,0.0,0.0,0
1932,Summer,GRE,0,0,0,0,0.0,0.0,0
1932,Summer,ROU,0,0,0,0,0.0,0.0,0
1932,Summer,CUB,0,0,0,0,0.0,0.0,0
1932,Summer,NOR,0,0,0,0,0.0,0.0,0
1932,Summer,POR,0,0,0,0,0.0,0.0,0
1932,Summer,COL,0,0,0,0,0.0,0.0,0
1932,Summer,ESA,0,0,0,0,0.0,0.0,0
1932,Summer,VEN,0,0,0,0,0.0,0.0,0
1932,Summer,LUX,0,0,0,0,0.0,0.0,0
1932,Summer,EST,0,0,0,0,0.0,0.0,0
1932,Summer,BUL,0,0,0,0,0.0,0.0,0
1932,Summer,CHN,0,0,0,0,0.0,0.0,0
1932,Summer,GUA,0,0,0,0,0.0,0.0,0
1932,Summer,YUG,0,0,0,0,0.0,0.0,0
1932,Summer,TUR,0,0,0,0,0.0,0.0,0
1932,Summer,MON,0,0,0,0,0.0,0.0,0
1932,Winter,USA,12,6,4,2,11.0,1.0,1
1932,Winter,NOR,10,3,4,3,9.0,1.0,0
1932,Winter,CAN,7,1,1,5,7.0,0.0,0
1932,Winter,FIN,3,1,1,1,3.0,0.0,0
1932,Winter,SWE,3,1,2,0,3.0,0.0,0
1932,Winter,GER,2,0,0,2,2.0,0.0,0
1932,Winter,AUT,2,1,1,0,1.0,1.0,0
1932,Winter,FRA,1,1,0,0,1.0,0.0,0
1932,Winter,SUI,1,0,1,0,1.0,0.0,0
1932,Winter,HUN,1,0,0,1,0.0,1.0,0
1932,Winter,JPN,0,0,0,0,0.0,0.0,0
1932,Winter,TCH,0,0,0,0,0.0,0.0,0
1932,Winter,ITA,0,0,0,0,0.0,0.0,0
1932,Winter,GBR,0,0,0,0,0.0,0.0,0
1932,Winter,POL,0,0,0,0,0.0,0.0,0
1932,Winter,BEL,0,0,0,0,0.0,0.0,0
1932,Winter,ROU,0,0,0,0,0.0,0.0,0
1936,Summer,GER,101,38,31,32,88.0,13.0,1
1936,Summer,USA,57,24,21,12,47.0,10.0,0
1936,Summer,ITA,27,9,13,5,26.0,1.0,0
1936,Summer,SWE,21,6,5,10,21.0,0.0,0
1936,Summer,JPN,20,6,4,10,19.0,1.0,0
1936,Summer,FIN,20,8,6,6,20.0,0.0,0
1936,Summer,FRA,19,7,6,6,19.0,0.0,0
1936,Summer,SUI,18,4,9,5,18.0,0.0,0
1936,Summer,AUT,17,5,7,5,16.0,1.0,0
1936,Summer,NED,17,6,4,7,12.0,5.0,0
1936,Summer,HUN,16,10,1,5,13.0,3.0,0
1936,Summer,GBR,14,4,7,3,12.0,2.0,0
1936,Summer,CAN,9,1,3,5,7.0,2.0,0
1936,Summer,POL,9,0,4,5,6.0,3.0,0
1936,Summer,TCH,9,3,5,1,8.0,1.0,0
1936,Summer,EST,7,2,2,3,7.0,0.0,0
1936,Summer,ARG,7,2,2,3,6.0,1.0,0
1936,Summer,NOR,6,1,3,2,6.0,0.0,0
1936,Summer,EGY,5,2,1,2,5.0,0.0,0
1936,Summer,DEN,5,0,2,3,3.0,2.0,0
1936,Summer,MEX,3,0,0,3,3.0,0.0,0
1936,Summer,BEL,3,0,0,3,3.0,0.0,0
1936,Summer,TUR,2,1,0,1,2.0,0.0,0
1936,Summer,LAT,2,0,1,1,2.0,0.0,0
1936,Summer,ROU,1,0,1,0,1.0,0.0,0
1936,Summer,PHI,1,0,0,1,1.0,0.0,0
1936,Summer,IND,1,1,0,0,1.0,0.0,0
1936,Summer,POR,1,0,0,1,1.0,0.0,0
1936,Summer,NZL,1,1,0,0,1.0,0.0,0
1936,Summer,AUS,1,0,0,1,1.0,0.0,0
1936,Summer,YUG,1,0,1,0,1.0,0.0,0
1936,Summer,RSA,1,0,1,0,1.0,0.0,0
1936,Summer,MON,0,0,0,0,0.0,0.0,0
1936,Summer,CHI,0,0,0,0,0.0,0.0,0
1936,Summer,URU,0,0,0,0,0.0,0.0,0
1936,Summer,AFG,0,0,0,0,0.0,0.0,0
1936,Summer,BRA,0,0,0,0,0.0,0.0,0
1936,Summer,PER,0,0,0,0,0.0,0.0,0
1936,Summer,BUL,0,0,0,0,0.0,0.0,0
1936,Summer,GRE,0,0,0,0,0.0,0.0,0
1936,Summer,CHN,0,0,0,0,0.0,0.0,0
1936,Summer,BER,0,0,0,0,0.0,0.0,0
1936,Summer,MLT,0,0,0,0,0.0,0.0,0
1936,Summer,LUX,0,0,0,0,0.0,0.0,0
1936,Summer,BOL,0,0,0,0,0.0,0.0,0
1936,Summer,CRC,0,0,0,0,0.0,0.0,0
1936,Summer,COL,0,0,0,0,0.0,0.0,0
1936,Summer,LIE,0,0,0,0,0.0,0.0,0
1936,Summer,ISL,0,0,0,0,0.0,0.0,0
1936,Winter,NOR,15,7,5,3,13.0,2.0,0
1936,Winter,SWE,7,2,2,3,6.0,1.0,0
1936,Winter,GER,6,3,3,0,4.0,2.0,1
1936,Winter,FIN,6,1,2,3,6.0,0.0,0
1936,Winter,AUT,4,1,1,2,4.0,0.0,0
1936,Winter,USA,4,1,0,3,4.0,0.0,0
1936,Winter,SUI,3,1,2,0,3.0,0.0,0
1936,Winter,GBR,3,1,1,1,2.0,1.0,0
1936,Winter,FRA,1,0,0,1,1.0,0.0,0
1936,Winter,CAN,1,0,1,0,1.0,0.0,0
1936,Winter,HUN,1,0,0,1,0.0,1.0,0
1936,Winter,JPN,0,0,0,0,0.0,0.0,0
1936,Winter,LAT,0,0,0,0,0.0,0.0,0
1936,Winter,BUL,0,0,0,0,0.0,0.0,0
1936,Winter,ITA,0,0,0,0,0.0,0.0,0
1936,Winter,TUR,0,0,0,0,0.0,0.0,0
1936,Winter,BEL,0,0,0,0,0.0,0.0,0
1936,Winter,YUG,0,0,0,0,0.0,0.0,0
1936,Winter,TCH,0,0,0,0,0.0,0.0,0
1936,Winter,NED,0,0,0,0,0.0,0.0,0
1936,Winter,LIE,0,0,0,0,0.0,0.0,0
1936,Winter,ROU,0,0,0,0,0.0,0.0,0
1936,Winter,ESP,0,0,0,0,0.0,0.0,0
1936,Winter,POL,0,0,0,0,0.0,0.0,0
1936,Winter,EST,0,0,0,0,0.0,0.0,0
1936,Winter,AUS,0,0,0,0,0.0,0.0,0
1936,Winter,LUX,0,0,0,0,0.0,0.0,0
1936,Winter,GRE,0,0,0,0,0.0,0.0,0
1948,Summer,USA,84,38,27,19,72.0,12.0,0
1948,Summer,SWE,46,17,11,18,45.0,1.0,0
1948,Summer,FRA,32,11,6,15,28.0,4.0,0
1948,Summer,ITA,31,9,12,10,29.0,2.0,0
1948,Summer,GBR,27,4,16,7,21.0,6.0,1
1948,Summer,HUN,27,10,5,12,22.0,5.0,0
1948,Summer,FIN,22,8,8,6,20.0,2.0,0
1948,Summer,DEN,22,5,8,9,14.0,8.0,0
1948,Summer,SUI,22,5,12,5,22.0,0.0,0
1948,Summer,NED,16,5,2,9,8.0,8.0,0
1948,Summer,AUS,13,2,6,5,8.0,5.0,0
1948,Summer,TUR,12,6,4,2,12.0,0.0,0
1948,Summer,TCH,11,6,2,3,10.0,1.0,0
1948,Summer,AUT,8,2,2,4,4.0,4.0,0
1948,Summer,NOR,7,1,3,3,7.0,0.0,0
1948,Summer,BEL,7,2,2,3,7.0,0.0,0
1948,Summer,ARG,7,3,3,1,6.0,1.0,0
1948,Summer,RSA,6,2,2,2,6.0,0.0,0
1948,Summer,EGY,5,2,2,1,5.0,0.0,0
1948,Summer,MEX,5,2,1,2,5.0,0.0,0
1948,Summer,CAN,4,0,2,2,3.0,1.0,0
1948,Summer,JAM,3,1,2,0,3.0,0.0,0
1948,Summer,URU,2,0,1,1,2.0,0.0,0
1948,Summer,POL,2,1,0,1,2.0,0.0,0
1948,Summer,YUG,2,0,2,0,2.0,0.0,0
1948,Summer,KOR,2,0,0,2,2.0,0.0,0
1948,Summer,POR,2,0,1,1,2.0,0.0,0
1948,Summer,PAN,2,0,0,2,2.0,0.0,0
1948,Summer,IRI,1,0,0,1,1.0,0.0,0
1948,Summer,ESP,1,0,1,0,1.0,0.0,0
1948,Summer,CUB,1,0,1,0,1.0,0.0,0
1948,Summer,IRL,1,0,0,1,0.0,1.0,0
1948,Summer,IND,1,1,0,0,1.0,0.0,0
1948,Summer,PER,1,1,0,0,1.0,0.0,0
1948,Summer,BRA,1,0,0,1,1.0,0.0,0
1948,Summer,PUR,1,0,0,1,1.0,0.0,0
1948,Summer,SRI,1,0,1,0,1.0,0.0,0
1948,Summer,TTO,1,0,1,0,1.0,0.0,0
1948,Summer,PAK,0,0,0,0,0.0,0.0,0
1948,Summer,MON,0,0,0,0,0.0,0.0,0
1948,Summer,CHI,0,0,0,0,0.0,0.0,0
1948,Summer,PHI,0,0,0,0,0.0,0.0,0
1948,Summer,AFG,0,0,0,0,0.0,0.0,0
1948,Summer,IRQ,0,0,0,0,0.0,0.0,0
1948,Summer,COL,0,0,0,0,0.0,0.0,0
1948,Summer,LUX,0,0,0,0,0.0,0.0,0
1948,Summer,GRE,0,0,0,0,0.0,0.0,0
1948,Summer,ISL,0,0,0,0,0.0,0.0,0
1948,Summer,BER,0,0,0,0,0.0,0.0,0
1948,Summer,LIB,0,0,0,0,0.0,0.0,0
1948,Summer,LIE,0,0,0,0,0.0,0.0,0
1948,Summer,NZL,0,0,0,0,0.0,0.0,0
1948,Summer,CHN,0,0,0,0,0.0,0.0,0
1948,Summer,GUY,0,0,0,0,0.0,0.0,0
1948,Summer,MLT,0,0,0,0,0.0,0.0,0
1948,Summer,VEN,0,0,0,0,0.0,0.0,0
1948,Summer,MYA,0,0,0,0,0.0,0.0,0
1948,Summer,SYR,0,0,0,0,0.0,0.0,0
1948,Summer,SGP,0,0,0,0,0.0,0.0,0
1948,Winter,NOR,10,4,3,3,10.0,0.0,0
1948,Winter,SWE,10,4,3,3,10.0,0.0,0
1948,Winter,SUI,9,3,4,2,7.0,2.0,1
1948,Winter,AUT,8,1,3,4,2.0,6.0,0
1948,Winter,USA,8,3,3,2,6.0,2.0,0
1948,Winter,FIN,6,1,3,2,6.0,0.0,0
1948,Winter,FRA,5,2,1,2,5.0,0.0,0
1948,Winter,CAN,3,2,0,1,2.0,1.0,0
1948,Winter,GBR,2,0,0,2,1.0,1.0,0
1948,Winter,BEL,2,1,1,0,2.0,0.0,0
1948,Winter,ITA,1,1,0,0,1.0,0.0,0
1948,Winter,TCH,1,0,1,0,1.0,0.0,0
1948,Winter,HUN,1,0,1,0,0.0,1.0,0
1948,Winter,ESP,0,0,0,0,0.0,0.0,0
1948,Winter,ISL,0,0,0,0,0.0,0.0,0
1948,Winter,LIE,0,0,0,0,0.0,0.0,0
1948,Winter,YUG,0,0,0,0,0.0,0.0,0
1948,Winter,ROU,0,0,0,0,0.0,0.0,0
1948,Winter,TUR,0,0,0,0,0.0,0.0,0
1948,Winter,NED,0,0,0,0,0.0,0.0,0
1948,Winter,POL,0,0,0,0,0.0,0.0,0
1948,Winter,ARG,0,0,0,0,0.0,0.0,0
1948,Winter,KOR,0,0,0,0,0.0,0.0,0
1948,Winter,DEN,0,0,0,0,0.0,0.0,0
1948,Winter,BUL,0,0,0,0,0.0,0.0,0
1948,Winter,CHI,0,0,0,0,0.0,0.0,0
1948,Winter,LIB,0,0,0,0,0.0,0.0,0
1948,Winter,GRE,0,0,0,0,0.0,0.0,0
1952,Summer,USA,76,40,19,17,68.0,8.0,0
1952,Summer,URS,70,22,29,19,47.0,23.0,0
1952,Summer,HUN,42,16,10,16,26.0,16.0,0
1952,Summer,SWE,35,12,13,10,34.0,1.0,0
1952,Summer,GER,24,0,7,17,21.0,3.0,0
1952,Summer,FIN,22,6,3,13,21.0,1.0,1
1952,Summer,ITA,21,8,9,4,20.0,1.0,0
1952,Summer,FRA,18,6,6,6,17.0,1.0,0
1952,Summer,SUI,14,2,6,6,14.0,0.0,0
1952,Summer,TCH,13,7,3,3,11.0,2.0,0
1952,Summer,AUS,11,6,2,3,7.0,4.0,0
1952,Summer,GBR,11,1,2,8,7.0,4.0,0
1952,Summer,RSA,10,2,4,4,7.0,3.0,0
1952,Summer,JPN,8,1,6,1,8.0,0.0,0
1952,Summer,IRI,7,0,3,4,7.0,0.0,0
1952,Summer,DEN,6,2,1,3,4.0,2.0,0
1952,Summer,NOR,5,3,2,0,5.0,0.0,0
1952,Summer,ARG,5,1,2,2,5.0,0.0,0
1952,Summer,NED,5,0,5,0,1.0,4.0,0
1952,Summer,JAM,5,2,3,0,5.0,0.0,0
1952,Summer,ROU,4,1,1,2,4.0,0.0,0
1952,Summer,POL,4,1,2,1,4.0,0.0,0
1952,Summer,BEL,4,2,2,0,4.0,0.0,0
1952,Summer,TUR,3,2,0,1,3.0,0.0,0
1952,Summer,CAN,3,1,2,0,3.0,0.0,0
1952,Summer,BRA,3,1,0,2,3.0,0.0,0
1952,Summer,NZL,3,1,0,2,1.0,2.0,0
1952,Summer,YUG,3,1,2,0,3.0,0.0,0
1952,Summer,URU,2,0,0,2,2.0,0.0,0
1952,Summer,CHI,2,0,2,0,2.0,0.0,0
1952,Summer,AUT,2,0,1,1,1.0,1.0,0
1952,Summer,IND,2,1,0,1,2.0,0.0,0
1952,Summer,LIB,2,0,1,1,2.0,0.0,0
1952,Summer,KOR,2,0,0,2,2.0,0.0,0
1952,Summer,TTO,2,0,0,2,2.0,0.0,0
1952,Summer,EGY,1,0,0,1,1.0,0.0,0
1952,Summer,ESP,1,0,1,0,1.0,0.0,0
1952,Summer,MEX,1,0,1,0,1.0,0.0,0
1952,Summer,POR,1,0,0,1,1.0,0.0,0
1952,Summer,VEN,1,0,0,1,1.0,0.0,0
1952,Summer,LUX,1,1,0,0,1.0,0.0,0
1952,Summer,BUL,1,0,0,1,1.0,0.0,0
1952,Summer,IRL,1,0,1,0,1.0,0.0,0
1952,Summer,PAK,0,0,0,0,0.0,0.0,0
1952,Summer,MON,0,0,0,0,0.0,0.0,0
1952,Summer,GHA,0,0,0,0,0.0,0.0,0
1952,Summer,CUB,0,0,0,0,0.0,0.0,0
1952,Summer,NGR,0,0,0,0,0.0,0.0,0
1952,Summer,BAH,0,0,0,0,0.0,0.0,0
1952,Summer,ISR,0,0,0,0,0.0,0.0,0
1952,Summer,PUR,0,0,0,0,0.0,0.0,0
1952,Summer,SAA,0,0,0,0,0.0,0.0,0
1952,Summer,GRE,0,0,0,0,0.0,0.0,0
1952,Summer,PHI,0,0,0,0,0.0,0.0,0
1952,Summer,BER,0,0,0,0,0.0,0.0,0
1952,Summer,GUA,0,0,0,0,0.0,0.0,0
1952,Summer,SGP,0,0,0,0,0.0,0.0,0
1952,Summer,ISL,0,0,0,0,0.0,0.0,0
1952,Summer,AHO,0,0,0,0,0.0,0.0,0
1952,Summer,VNM,0,0,0,0,0.0,0.0,0
1952,Summer,PAN,0,0,0,0,0.0,0.0,0
1952,Summer,HKG,0,0,0,0,0.0,0.0,0
1952,Summer,SRI,0,0,0,0,0.0,0.0,0
1952,Summer,LIE,0,0,0,0,0.0,0.0,0
1952,Summer,THA,0,0,0,0,0.0,0.0,0
1952,Summer,MYA,0,0,0,0,0.0,0.0,0
1952,Summer,GUY,0,0,0,0,0.0,0.0,0
1952,Summer,INA,0,0,0,0,0.0,0.0,0
1952,Summer,CHN,0,0,0,0,0.0,0.0,0
1952,Winter,NOR,16,7,3,6,16.0,0.0,1
1952,Winter,USA,11,4,6,1,7.0,4.0,0
1952,Winter,FIN,9,3,4,2,6.0,3.0,0
1952,Winter,AUT,8,2,4,2,6.0,2.0,0
1952,Winter,GER,7,3,2,2,3.0,4.0,0
1952,Winter,SWE,4,0,0,4,4.0,0.0,0
1952,Winter,NED,3,0,3,0,3.0,0.0,0
1952,Winter,CAN,2,1,0,1,2.0,0.0,0
1952,Winter,SUI,2,0,0,2,2.0,0.0,0
1952,Winter,ITA,2,1,0,1,1.0,1.0,0
1952,Winter,FRA,1,0,0,1,0.0,1.0,0
1952,Winter,GBR,1,1,0,0,0.0,1.0,0
1952,Winter,HUN,1,0,0,1,1.0,0.0,0
1952,Winter,ROU,0,0,0,0,0.0,0.0,0
1952,Winter,POL,0,0,0,0,0.0,0.0,0
1952,Winter,JPN,0,0,0,0,0.0,0.0,0
1952,Winter,ESP,0,0,0,0,0.0,0.0,0
1952,Winter,AUS,0,0,0,0,0.0,0.0,0
1952,Winter,BUL,0,0,0,0,0.0,0.0,0
1952,Winter,TCH,0,0,0,0,0.0,0.0,0
1952,Winter,ARG,0,0,0,0,0.0,0.0,0
1952,Winter,YUG,0,0,0,0,0.0,0.0,0
1952,Winter,BEL,0,0,0,0,0.0,0.0,0
1952,Winter,DEN,0,0,0,0,0.0,0.0,0
1952,Winter,CHI,0,0,0,0,0.0,0.0,0
1952,Winter,ISL,0,0,0,0,0.0,0.0,0
1952,Winter,NZL,0,0,0,0,0.0,0.0,0
1952,Winter,LIB,0,0,0,0,0.0,0.0,0
1952,Winter,GRE,0,0,0,0,0.0,0.0,0
1952,Winter,POR,0,0,0,0,0.0,0.0,0
1956,Summer,URS,98,37,29,32,79.0,19.0,0
1956,Summer,USA,74,32,25,17,60.0,14.0,0
1956,Summer,AUS,35,13,8,14,22.0,13.0,1
1956,Summer,GER,26,6,13,7,17.0,9.0,0
1956,Summer,HUN,26,9,10,7,18.0,8.0,0
1956,Summer,ITA,25,8,8,9,25.0,0.0,0
1956,Summer,GBR,24,6,7,11,19.0,5.0,0
1956,Summer,SWE,19,8,5,6,17.0,2.0,0
1956,Summer,JPN,17,4,10,3,17.0,0.0,0
1956,Summer,FIN,15,3,1,11,15.0,0.0,0
1956,Summer,FRA,14,4,4,6,13.0,1.0,0
1956,Summer,ROU,13,5,3,5,10.0,3.0,0
1956,Summer,POL,9,1,4,4,7.0,2.0,0
1956,Summer,TUR,7,3,2,2,7.0,0.0,0
1956,Summer,TCH,6,1,4,1,4.0,2.0,0
1956,Summer,CAN,6,2,1,3,5.0,1.0,0
1956,Summer,BUL,5,1,3,1,5.0,0.0,0
1956,Summer,IRI,5,2,2,1,5.0,0.0,0
1956,Summer,IRL,5,1,1,3,5.0,0.0,0
1956,Summer,RSA,4,0,0,4,3.0,1.0,0
1956,Summer,CHI,4,0,2,2,3.0,1.0,0
1956,Summer,DEN,4,1,2,1,2.0,2.0,0
1956,Summer,NOR,3,1,0,2,3.0,0.0,0
1956,Summer,YUG,3,0,3,0,3.0,0.0,0
1956,Summer,NZL,2,2,0,0,2.0,0.0,0
1956,Summer,BEL,2,0,2,0,2.0,0.0,0
1956,Summer,MEX,2,1,0,1,2.0,0.0,0
1956,Summer,KOR,2,0,1,1,2.0,0.0,0
1956,Summer,ARG,2,0,1,1,2.0,0.0,0
1956,Summer,AUT,2,0,0,2,2.0,0.0,0
1956,Summer,IND,1,1,0,0,1.0,0.0,0
1956,Summer,PAK,1,0,1,0,1.0,0.0,0
1956,Summer,BAH,1,0,0,1,1.0,0.0,0
1956,Summer,BRA,1,1,0,0,1.0,0.0,0
1956,Summer,URU,1,0,0,1,1.0,0.0,0
1956,Summer,GRE,1,0,0,1,1.0,0.0,0
1956,Summer,SUI,1,0,0,1,1.0,0.0,0
1956,Summer,ISL,1,0,1,0,1.0,0.0,0
1956,Summer,AFG,0,0,0,0,0.0,0.0,0
1956,Summer,PHI,0,0,0,0,0.0,0.0,0
1956,Summer,TTO,0,0,0,0,0.0,0.0,0
1956,Summer,THA,0,0,0,0,0.0,0.0,0
1956,Summer,NGR,0,0,0,0,0.0,0.0,0
1956,Summer,MAL,0,0,0,0,0.0,0.0,0
1956,Summer,KEN,0,0,0,0,0.0,0.0,0
1956,Summer,COL,0,0,0,0,0.0,0.0,0
1956,Summer,CUB,0,0,0,0,0.0,0.0,0
1956,Summer,INA,0,0,0,0,0.0,0.0,0
1956,Summer,MYA,0,0,0,0,0.0,0.0,0
1956,Summer,POR,0,0,0,0,0.0,0.0,0
1956,Summer,ETH,0,0,0,0,0.0,0.0,0
1956,Summer,PER,0,0,0,0,0.0,0.0,0
1956,Summer,LUX,0,0,0,0,0.0,0.0,0
1956,Summer,FIJ,0,0,0,0,0.0,0.0,0
1956,Summer,VEN,0,0,0,0,0.0,0.0,0
1956,Summer,NBO,0,0,0,0,0.0,0.0,0
1956,Summer,SGP,0,0,0,0,0.0,0.0,0
1956,Summer,TPE,0,0,0,0,0.0,0.0,0
1956,Summer,HKG,0,0,0,0,0.0,0.0,0
1956,Summer,PUR,0,0,0,0,0.0,0.0,0
1956,Summer,ESP,0,0,0,0,0.0,0.0,0
1956,Summer,EGY,0,0,0,0,0.0,0.0,0
1956,Summer,JAM,0,0,0,0,0.0,0.0,0
1956,Summer,SRI,0,0,0,0,0.0,0.0,0
1956,Summer,UGA,0,0,0,0,0.0,0.0,0
1956,Summer,BER,0,0,0,0,0.0,0.0,0
1956,Summer,CAM,0,0,0,0,0.0,0.0,0
1956,Summer,GUY,0,0,0,0,0.0,0.0,0
1956,Summer,LBR,0,0,0,0,0.0,0.0,0
1956,Summer,ISR,0,0,0,0,0.0,0.0,0
1956,Summer,VNM,0,0,0,0,0.0,0.0,0
1956,Summer,NED,0,0,0,0,0.0,0.0,0
1956,Winter,URS,15,6,3,6,11.0,4.0,0
1956,Winter,AUT,11,4,3,4,7.0,4.0,0
1956,Winter,SWE,10,2,4,4,8.0,2.0,0
1956,Winter,USA,7,2,3,2,5.0,2.0,0
1956,Winter,FIN,7,3,3,1,6.0,1.0,0
1956,Winter,SUI,6,3,2,1,3.0,3.0,0
1956,Winter,NOR,4,2,1,1,4.0,0.0,0
1956,Winter,ITA,3,1,2,0,3.0,0.0,1
1956,Winter,CAN,3,0,1,2,2.0,1.0,0
1956,Winter,GER,2,1,0,1,1.0,1.0,0
1956,Winter,JPN,1,0,1,0,1.0,0.0,0
1956,Winter,POL,1,0,0,1,1.0,0.0,0
1956,Winter,HUN,1,0,0,1,1.0,0.0,0
1956,Winter,FRA,0,0,0,0,0.0,0.0,0
1956,Winter,ROU,0,0,0,0,0.0,0.0,0
1956,Winter,IRI,0,0,0,0,0.0,0.0,0
1956,Winter,BUL,0,0,0,0,0.0,0.0,0
1956,Winter,ESP,0,0,0,0,0.0,0.0,0
1956,Winter,AUS,0,0,0,0,0.0,0.0,0
1956,Winter,GBR,0,0,0,0,0.0,0.0,0
1956,Winter,TCH,0,0,0,0,0.0,0.0,0
1956,Winter,LIE,0,0,0,0,0.0,0.0,0
1956,Winter,YUG,0,0,0,0,0.0,0.0,0
1956,Winter,NED,0,0,0,0,0.0,0.0,0
1956,Winter,BEL,0,0,0,0,0.0,0.0,0
1956,Winter,TUR,0,0,0,0,0.0,0.0,0
1956,Winter,BOL,0,0,0,0,0.0,0.0,0
1956,Winter,LIB,0,0,0,0,0.0,0.0,0
1956,Winter,CHI,0,0,0,0,0.0,0.0,0
1956,Winter,ISL,0,0,0,0,0.0,0.0,0
1956,Winter,KOR,0,0,0,0,0.0,0.0,0
1956,Winter,GRE,0,0,0,0,0.0,0.0,0
1960,Summer,URS,103,43,29,31,75.0,28.0,0
1960,Summer,USA,71,34,21,16,59.0,12.0,0
1960,Summer,GER,42,12,19,11,27.0,15.0,0
1960,Summer,ITA,36,13,10,13,34.0,2.0,1
1960,Summer,AUS,22,8,8,6,17.0,5.0,0
1960,Summer,POL,21,4,6,11,17.0,4.0,0
1960,Summer,HUN,21,6,8,7,19.0,2.0,0
1960,Summer,GBR,20,2,6,12,12.0,8.0,0
1960,Summer,JPN,18,4,7,7,17.0,1.0,0
1960,Summer,ROU,10,3,1,6,6.0,4.0,0
1960,Summer,TUR,9,7,2,0,9.0,0.0,0
1960,Summer,TCH,8,3,2,3,5.0,3.0,0
1960,Summer,BUL,7,1,3,3,7.0,0.0,0
1960,Summer,SWE,6,1,2,3,5.0,1.0,0
1960,Summer,SUI,6,0,3,3,6.0,0.0,0
1960,Summer,DEN,6,2,3,1,6.0,0.0,0
1960,Summer,FRA,5,0,2,3,5.0,0.0,0
1960,Summer,FIN,5,1,1,3,5.0,0.0,0
1960,Summer,BEL,4,0,2,2,4.0,0.0,0
1960,Summer,IRI,4,0,1,3,4.0,0.0,0
1960,Summer,NZL,3,2,0,1,3.0,0.0,0
1960,Summer,NED,3,0,1,2,1.0,2.0,0
1960,Summer,RSA,3,0,1,2,3.0,0.0,0
1960,Summer,UAR,2,0,1,1,2.0,0.0,0
1960,Summer,PAK,2,1,0,1,2.0,0.0,0
1960,Summer,ARG,2,0,1,1,2.0,0.0,0
1960,Summer,BRA,2,0,0,2,2.0,0.0,0
1960,Summer,YUG,2,1,1,0,2.0,0.0,0
1960,Summer,AUT,2,1,1,0,2.0,0.0,0
1960,Summer,WIF,2,0,0,2,2.0,0.0,0
1960,Summer,NOR,1,1,0,0,1.0,0.0,0
1960,Summer,IRQ,1,0,0,1,1.0,0.0,0
1960,Summer,MEX,1,0,0,1,1.0,0.0,0
1960,Summer,CAN,1,0,1,0,1.0,0.0,0
1960,Summer,GHA,1,0,1,0,1.0,0.0,0
1960,Summer,ETH,1,1,0,0,1.0,0.0,0
1960,Summer,MAR,1,0,1,0,1.0,0.0,0
1960,Summer,ESP,1,0,0,1,1.0,0.0,0
1960,Summer,POR,1,0,1,0,1.0,0.0,0
1960,Summer,VEN,1,0,0,1,1.0,0.0,0
1960,Summer,IND,1,0,1,0,1.0,0.0,0
1960,Summer,GRE,1,1,0,0,1.0,0.0,0
1960,Summer,TPE,1,0,1,0,1.0,0.0,0
1960,Summer,SGP,1,0,1,0,1.0,0.0,0
1960,Summer,SUD,0,0,0,0,0.0,0.0,0
1960,Summer,ISR,0,0,0,0,0.0,0.0,0
1960,Summer,CHI,0,0,0,0,0.0,0.0,0
1960,Summer,PHI,0,0,0,0,0.0,0.0,0
1960,Summer,UGA,0,0,0,0,0.0,0.0,0
1960,Summer,AHO,0,0,0,0,0.0,0.0,0
1960,Summer,KEN,0,0,0,0,0.0,0.0,0
1960,Summer,URU,0,0,0,0,0.0,0.0,0
1960,Summer,CUB,0,0,0,0,0.0,0.0,0
1960,Summer,NGR,0,0,0,0,0.0,0.0,0
1960,Summer,TUN,0,0,0,0,0.0,0.0,0
1960,Summer,PER,0,0,0,0,0.0,0.0,0
1960,Summer,BAH,0,0,0,0,0.0,0.0,0
1960,Summer,MAL,0,0,0,0,0.0,0.0,0
1960,Summer,LIB,0,0,0,0,0.0,0.0,0
1960,Summer,KOR,0,0,0,0,0.0,0.0,0
1960,Summer,COL,0,0,0,0,0.0,0.0,0
1960,Summer,LUX,0,0,0,0,0.0,0.0,0
1960,Summer,GUY,0,0,0,0,0.0,0.0,0
1960,Summer,THA,0,0,0,0,0.0,0.0,0
1960,Summer,IRL,0,0,0,0,0.0,0.0,0
1960,Summer,RHO,0,0,0,0,0.0,0.0,0
1960,Summer,PUR,0,0,0,0,0.0,0.0,0
1960,Summer,MON,0,0,0,0,0.0,0.0,0
1960,Summer,INA,0,0,0,0,0.0,0.0,0
1960,Summer,MLT,0,0,0,0,0.0,0.0,0
1960,Summer,LIE,0,0,0,0,0.0,0.0,0
1960,Summer,PAN,0,0,0,0,0.0,0.0,0
1960,Summer,SMR,0,0,0,0,0.0,0.0,0
1960,Summer,HKG,0,0,0,0,0.0,0.0,0
1960,Summer,MYA,0,0,0,0,0.0,0.0,0
1960,Summer,SRI,0,0,0,0,0.0,0.0,0
1960,Summer,ZIM,0,0,0,0,0.0,0.0,0
1960,Summer,BER,0,0,0,0,0.0,0.0,0
1960,Summer,AFG,0,0,0,0,0.0,0.0,0
1960,Summer,ISL,0,0,0,0,0.0,0.0,0
1960,Summer,LBR,0,0,0,0,0.0,0.0,0
1960,Summer,HAI,0,0,0,0,0.0,0.0,0
1960,Summer,FIJ,0,0,0,0,0.0,0.0,0
1960,Summer,VNM,0,0,0,0,0.0,0.0,0
1960,Winter,URS,21,7,5,9,11.0,10.0,0
1960,Winter,USA,10,3,4,3,3.0,7.0,1
1960,Winter,FIN,8,2,3,3,6.0,2.0,0
1960,Winter,GER,8,4,3,1,4.0,4.0,0
1960,Winter,SWE,7,3,2,2,6.0,1.0,0
1960,Winter,NOR,6,3,3,0,6.0,0.0,0
1960,Winter,AUT,6,1,2,3,5.0,1.0,0
1960,Winter,CAN,4,2,1,1,3.0,1.0,0
1960,Winter,FRA,3,1,0,2,3.0,0.0,0
1960,Winter,SUI,2,2,0,0,1.0,1.0,0
1960,Winter,POL,2,0,1,1,0.0,2.0,0
1960,Winter,NED,2,0,1,1,1.0,1.0,0
1960,Winter,ITA,1,0,0,1,0.0,1.0,0
1960,Winter,TCH,1,0,1,0,1.0,0.0,0
1960,Winter,AUS,0,0,0,0,0.0,0.0,0
1960,Winter,JPN,0,0,0,0,0.0,0.0,0
1960,Winter,ARG,0,0,0,0,0.0,0.0,0
1960,Winter,ESP,0,0,0,0,0.0,0.0,0
1960,Winter,HUN,0,0,0,0,0.0,0.0,0
1960,Winter,ISL,0,0,0,0,0.0,0.0,0
1960,Winter,CHI,0,0,0,0,0.0,0.0,0
1960,Winter,NZL,0,0,0,0,0.0,0.0,0
1960,Winter,KOR,0,0,0,0,0.0,0.0,0
1960,Winter,GBR,0,0,0,0,0.0,0.0,0
1960,Winter,TUR,0,0,0,0,0.0,0.0,0
1960,Winter,BUL,0,0,0,0,0.0,0.0,0
1960,Winter,RSA,0,0,0,0,0.0,0.0,0
1960,Winter,LIE,0,0,0,0,0.0,0.0,0
1960,Winter,LIB,0,0,0,0,0.0,0.0,0
1960,Winter,DEN,0,0,0,0,0.0,0.0,0
1964,Summer,URS,93,30,30,33,68.0,25.0,0
1964,Summer,USA,90,36,26,28,65.0,25.0,0
1964,Summer,GER,50,10,22,18,41.0,9.0,0
1964,Summer,JPN,29,16,5,8,27.0,2.0,1
1964,Summer,ITA,27,10,10,7,26.0,1.0,0
1964,Summer,POL,23,7,6,10,17.0,6.0,0
1964,Summer,HUN,22,10,7,5,17.0,5.0,0
1964,Summer,GBR,18,4,12,2,13.0,5.0,0
1964,Summer,AUS,18,6,2,10,11.0,7.0,0
1964,Summer,FRA,15,1,8,6,13.0,2.0,0
1964,Summer,TCH,14,5,6,3,10.0,4.0,0
1964,Summer,ROU,12,2,4,6,7.0,5.0,0
1964,Summer,BUL,10,3,5,2,10.0,0.0,0
1964,Summer,NED,10,2,4,4,7.0,3.0,0
1964,Summer,SWE,8,2,2,4,8.0,0.0,0
1964,Summer,TUR,6,2,3,1,6.0,0.0,0
1964,Summer,DEN,6,2,1,3,6.0,0.0,0
1964,Summer,FIN,5,3,0,2,5.0,0.0,0
1964,Summer,NZL,5,3,0,2,4.0,1.0,0
1964,Summer,YUG,5,2,1,2,5.0,0.0,0
1964,Summer,SUI,4,1,2,1,4.0,0.0,0
1964,Summer,CAN,4,1,2,1,4.0,0.0,0
1964,Summer,BEL,3,2,0,1,3.0,0.0,0
1964,Summer,KOR,3,0,2,1,3.0,0.0,0
1964,Summer,TTO,3,0,1,2,3.0,0.0,0
1964,Summer,IRI,2,0,0,2,2.0,0.0,0
1964,Summer,TUN,2,0,1,1,2.0,0.0,0
1964,Summer,PAK,1,0,1,0,1.0,0.0,0
1964,Summer,GHA,1,0,0,1,1.0,0.0,0
1964,Summer,ARG,1,0,1,0,1.0,0.0,0
1964,Summer,BRA,1,0,0,1,1.0,0.0,0
1964,Summer,KEN,1,0,0,1,1.0,0.0,0
1964,Summer,MEX,1,0,0,1,1.0,0.0,0
1964,Summer,NGR,1,0,0,1,1.0,0.0,0
1964,Summer,IND,1,1,0,0,1.0,0.0,0
1964,Summer,ETH,1,1,0,0,1.0,0.0,0
1964,Summer,PHI,1,0,1,0,1.0,0.0,0
1964,Summer,URU,1,0,0,1,1.0,0.0,0
1964,Summer,IRL,1,0,0,1,1.0,0.0,0
1964,Summer,CUB,1,0,1,0,1.0,0.0,0
1964,Summer,BAH,1,1,0,0,1.0,0.0,0
1964,Summer,IRQ,0,0,0,0,0.0,0.0,0
1964,Summer,EGY,0,0,0,0,0.0,0.0,0
1964,Summer,TAN,0,0,0,0,0.0,0.0,0
1964,Summer,PER,0,0,0,0,0.0,0.0,0
1964,Summer,CIV,0,0,0,0,0.0,0.0,0
1964,Summer,MAR,0,0,0,0,0.0,0.0,0
1964,Summer,PUR,0,0,0,0,0.0,0.0,0
1964,Summer,ESP,0,0,0,0,0.0,0.0,0
1964,Summer,NOR,0,0,0,0,0.0,0.0,0
1964,Summer,AUT,0,0,0,0,0.0,0.0,0
1964,Summer,MAS,0,0,0,0,0.0,0.0,0
1964,Summer,POR,0,0,0,0,0.0,0.0,0
1964,Summer,UGA,0,0,0,0,0.0,0.0,0
1964,Summer,CAM,0,0,0,0,0.0,0.0,0
1964,Summer,LUX,0,0,0,0,0.0,0.0,0
1964,Summer,AFG,0,0,0,0,0.0,0.0,0
1964,Summer,LIB,0,0,0,0,0.0,0.0,0
1964,Summer,COL,0,0,0,0,0.0,0.0,0
1964,Summer,THA,0,0,0,0,0.0,0.0,0
1964,Summer,ISR,0,0,0,0,0.0,0.0,0
1964,Summer,ZAM,0,0,0,0,0.0,0.0,0
1964,Summer,MGL,0,0,0,0,0.0,0.0,0
1964,Summer,ZIM,0,0,0,0,0.0,0.0,0
1964,Summer,CRC,0,0,0,0,0.0,0.0,0
1964,Summer,MON,0,0,0,0,0.0,0.0,0
1964,Summer,MYA,0,0,0,0,0.0,0.0,0
1964,Summer,AHO,0,0,0,0,0.0,0.0,0
1964,Summer,VEN,0,0,0,0,0.0,0.0,0
1964,Summer,JAM,0,0,0,0,0.0,0.0,0
1964,Summer,LIE,0,0,0,0,0.0,0.0,0
1964,Summer,SRI,0,0,0,0,0.0,0.0,0
1964,Summer,MLI,0,0,0,0,0.0,0.0,0
1964,Summer,PAN,0,0,0,0,0.0,0.0,0
1964,Summer,HKG,0,0,0,0,0.0,0.0,0
1964,Summer,TPE,0,0,0,0,0.0,0.0,0
1964,Summer,BER,0,0,0,0,0.0,0.0,0
1964,Summer,NIG,0,0,0,0,0.0,0.0,0
1964,Summer,SEN,0,0,0,0,0.0,0.0,0
1964,Summer,GUY,0,0,0,0,0.0,0.0,0
1964,Summer,CGO,0,0,0,0,0.0,0.0,0
1964,Summer,GRE,0,0,0,0,0.0,0.0,0
1964,Summer,CHI,0,0,0,0,0.0,0.0,0
1964,Summer,ISL,0,0,0,0,0.0,0.0,0
1964,Summer,NEP,0,0,0,0,0.0,0.0,0
1964,Summer,VNM,0,0,0,0,0.0,0.0,0
1964,Summer,CHA,0,0,0,0,0.0,0.0,0
1964,Summer,BOL,0,0,0,0,0.0,0.0,0
1964,Summer,LBR,0,0,0,0,0.0,0.0,0
1964,Summer,ALG,0,0,0,0,0.0,0.0,0
1964,Summer,CMR,0,0,0,0,0.0,0.0,0
1964,Summer,MAD,0,0,0,0,0.0,0.0,0
1964,Summer,DOM,0,0,0,0,0.0,0.0,0
1964,Winter,URS,24,11,7,6,8.0,16.0,0
1964,Winter,NOR,15,3,6,6,15.0,0.0,0
1964,Winter,AUT,12,4,5,3,7.0,5.0,1
1964,Winter,FIN,10,3,4,3,6.0,4.0,0
1964,Winter,GER,9,3,3,3,7.0,2.0,0
1964,Winter,SWE,7,3,3,1,6.0,1.0,0
1964,Winter,USA,7,1,2,4,5.0,2.0,0
1964,Winter,FRA,7,3,4,0,3.0,4.0,0
1964,Winter,ITA,4,0,1,3,4.0,0.0,0
1964,Winter,CAN,3,1,1,1,2.0,1.0,0
1964,Winter,NED,2,1,1,0,1.0,1.0,0
1964,Winter,PRK,1,0,1,0,0.0,1.0,0
1964,Winter,GBR,1,1,0,0,1.0,0.0,0
1964,Winter,TCH,1,0,0,1,1.0,0.0,0
1964,Winter,SUI,0,0,0,0,0.0,0.0,0
1964,Winter,IRI,0,0,0,0,0.0,0.0,0
1964,Winter,ARG,0,0,0,0,0.0,0.0,0
1964,Winter,HUN,0,0,0,0,0.0,0.0,0
1964,Winter,ROU,0,0,0,0,0.0,0.0,0
1964,Winter,BUL,0,0,0,0,0.0,0.0,0
1964,Winter,YUG,0,0,0,0,0.0,0.0,0
1964,Winter,JPN,0,0,0,0,0.0,0.0,0
1964,Winter,MGL,0,0,0,0,0.0,0.0,0
1964,Winter,ISL,0,0,0,0,0.0,0.0,0
1964,Winter,LIB,0,0,0,0,0.0,0.0,0
1964,Winter,POL,0,0,0,0,0.0,0.0,0
1964,Winter,CHI,0,0,0,0,0.0,0.0,0
1964,Winter,BEL,0,0,0,0,0.0,0.0,0
1964,Winter,AUS,0,0,0,0,0.0,0.0,0
1964,Winter,IND,0,0,0,0,0.0,0.0,0
1964,Winter,DEN,0,0,0,0,0.0,0.0,0
1964,Winter,KOR,0,0,0,0,0.0,0.0,0
1964,Winter,TUR,0,0,0,0,0.0,0.0,0
1964,Winter,ESP,0,0,0,0,0.0,0.0,0
1964,Winter,LIE,0,0,0,0,0.0,0.0,0
1964,Winter,GRE,0,0,0,0,0.0,0.0,0
1968,Summer,USA,107,45,28,34,74.0,33.0,0
1968,Summer,URS,91,29,32,30,67.0,24.0,0
1968,Summer,HUN,32,10,10,12,26.0,6.0,0
1968,Summer,FRG,26,5,11,10,21.0,5.0,0
1968,Summer,JPN,25,11,7,7,24.0,1.0,0
1968,Summer,GDR,25,9,9,7,17.0,8.0,0
1968,Summer,POL,18,5,2,11,15.0,3.0,0
1968,Summer,AUS,17,5,7,5,10.0,7.0,0
1968,Summer,ITA,16,3,4,9,16.0,0.0,0
1968,Summer,FRA,15,7,3,5,14.0,1.0,0
1968,Summer,ROU,15,4,6,5,9.0,6.0,0
1968,Summer,GBR,13,5,5,3,10.0,3.0,0
1968,Summer,TCH,13,7,2,4,5.0,8.0,0
1968,Summer,MEX,9,3,3,3,7.0,2.0,1
1968,Summer,BUL,9,2,4,3,9.0,0.0,0
1968,Summer,KEN,9,3,4,2,9.0,0.0,0
1968,Summer,DEN,8,1,4,3,8.0,0.0,0
1968,Summer,YUG,8,3,3,2,6.0,2.0,0
1968,Summer,NED,7,3,3,1,5.0,2.0,0
1968,Summer,SUI,5,0,1,4,5.0,0.0,0
1968,Summer,CAN,5,1,3,1,2.0,3.0,0
1968,Summer,IRI,5,2,1,2,5.0,0.0,0
1968,Summer,FIN,4,1,2,1,4.0,0.0,0
1968,Summer,AUT,4,0,2,2,2.0,2.0,0
1968,Summer,SWE,4,2,1,1,4.0,0.0,0
1968,Summer,CUB,4,0,4,0,3.0,1.0,0
1968,Summer,MGL,4,0,1,3,4.0,0.0,0
1968,Summer,BRA,3,0,1,2,3.0,0.0,0
1968,Summer,NZL,3,1,0,2,3.0,0.0,0
1968,Summer,NOR,2,1,1,0,2.0,0.0,0
1968,Summer,ARG,2,0,0,2,2.0,0.0,0
1968,Summer,TUR,2,2,0,0,2.0,0.0,0
1968,Summer,ETH,2,1,1,0,2.0,0.0,0
1968,Summer,KOR,2,0,1,1,2.0,0.0,0
1968,Summer,TUN,2,1,0,1,2.0,0.0,0
1968,Summer,BEL,2,0,1,1,2.0,0.0,0
1968,Summer,UGA,2,0,1,1,2.0,0.0,0
1968,Summer,CMR,1,0,1,0,1.0,0.0,0
1968,Summer,PAK,1,1,0,0,1.0,0.0,0
1968,Summer,GRE,1,0,0,1,1.0,0.0,0
1968,Summer,VEN,1,1,0,0,1.0,0.0,0
1968,Summer,JAM,1,0,1,0,1.0,0.0,0
1968,Summer,TPE,1,0,0,1,0.0,1.0,0
1968,Summer,IND,1,0,0,1,1.0,0.0,0
1968,Summer,SUD,0,0,0,0,0.0,0.0,0
1968,Summer,MAS,0,0,0,0,0.0,0.0,0
1968,Summer,NGR,0,0,0,0,0.0,0.0,0
1968,Summer,PHI,0,0,0,0,0.0,0.0,0
1968,Summer,LIB,0,0,0,0,0.0,0.0,0
1968,Summer,EGY,0,0,0,0,0.0,0.0,0
1968,Summer,POR,0,0,0,0,0.0,0.0,0
1968,Summer,PER,0,0,0,0,0.0,0.0,0
1968,Summer,ESA,0,0,0,0,0.0,0.0,0
1968,Summer,GHA,0,0,0,0,0.0,0.0,0
1968,Summer,PUR,0,0,0,0,0.0,0.0,0
1968,Summer,PAN,0,0,0,0,0.0,0.0,0
1968,Summer,CRC,0,0,0,0,0.0,0.0,0
1968,Summer,MAR,0,0,0,0,0.0,0.0,0
1968,Summer,URU,0,0,0,0,0.0,0.0,0
1968,Summer,IRQ,0,0,0,0,0.0,0.0,0
1968,Summer,ESP,0,0,0,0,0.0,0.0,0
1968,Summer,BAH,0,0,0,0,0.0,0.0,0
1968,Summer,GUA,0,0,0,0,0.0,0.0,0
1968,Summer,GUY,0,0,0,0,0.0,0.0,0
1968,Summer,ECU,0,0,0,0,0.0,0.0,0
1968,Summer,BIZ,0,0,0,0,0.0,0.0,0
1968,Summer,AHO,0,0,0,0,0.0,0.0,0
1968,Summer,COL,0,0,0,0,0.0,0.0,0
1968,Summer,TTO,0,0,0,0,0.0,0.0,0
1968,Summer,NCA,0,0,0,0,0.0,0.0,0
1968,Summer,BOL,0,0,0,0,0.0,0.0,0
1968,Summer,THA,0,0,0,0,0.0,0.0,0
1968,Summer,CHI,0,0,0,0,0.0,0.0,0
1968,Summer,AFG,0,0,0,0,0.0,0.0,0
1968,Summer,MLI,0,0,0,0,0.0,0.0,0
1968,Summer,SYR,0,0,0,0,0.0,0.0,0
1968,Summer,IRL,0,0,0,0,0.0,0.0,0
1968,Summer,GUI,0,0,0,0,0.0,0.0,0
1968,Summer,ISR,0,0,0,0,0.0,0.0,0
1968,Summer,HON,0,0,0,0,0.0,0.0,0
1968,Summer,COD,0,0,0,0,0.0,0.0,0
1968,Summer,MON,0,0,0,0,0.0,0.0,0
1968,Summer,BER,0,0,0,0,0.0,0.0,0
1968,Summer,LIE,0,0,0,0,0.0,0.0,0
1968,Summer,ISV,0,0,0,0,0.0,0.0,0
1968,Summer,VNM,0,0,0,0,0.0,0.0,0
1968,Summer,BAR,0,0,0,0,0.0,0.0,0
1968,Summer,SEN,0,0,0,0,0.0,0.0,0
1968,Summer,DOM,0,0,0,0,0.0,0.0,0
1968,Summer,TAN,0,0,0,0,0.0,0.0,0
1968,Summer,SGP,0,0,0,0,0.0,0.0,0
1968,Summer,SLE,0,0,0,0,0.0,0.0,0
1968,Summer,HKG,0,0,0,0,0.0,0.0,0
1968,Summer,PAR,0,0,0,0,0.0,0.0,0
1968,Summer,NIG,0,0,0,0,0.0,0.0,0
1968,Summer,KUW,0,0,0,0,0.0,0.0,0
1968,Summer,INA,0,0,0,0,0.0,0.0,0
1968,Summer,CIV,0,0,0,0,0.0,0.0,0
1968,Summer,LUX,0,0,0,0,0.0,0.0,0
1968,Summer,SMR,0,0,0,0,0.0,0.0,0
1968,Summer,ISL,0,0,0,0,0.0,0.0,0
1968,Summer,MLT,0,0,0,0,0.0,0.0,0
1968,Summer,MYA,0,0,0,0,0.0,0.0,0
1968,Summer,CHA,0,0,0,0,0.0,0.0,0
1968,Summer,ZAM,0,0,0,0,0.0,0.0,0
1968,Summer,SRI,0,0,0,0,0.0,0.0,0
1968,Summer,LBA,0,0,0,0,0.0,0.0,0
1968,Summer,ALG,0,0,0,0,0.0,0.0,0
1968,Summer,FIJ,0,0,0,0,0.0,0.0,0
1968,Summer,CAF,0,0,0,0,0.0,0.0,0
1968,Summer,SUR,0,0,0,0,0.0,0.0,0
1968,Summer,MAD,0,0,0,0,0.0,0.0,0
1968,Winter,NOR,14,6,6,2,11.0,3.0,0
1968,Winter,URS,13,5,5,3,7.0,6.0,0
1968,Winter,AUT,11,3,4,4,9.0,2.0,0
1968,Winter,FRA,9,4,3,2,5.0,4.0,1
1968,Winter,NED,9,3,3,3,4.0,5.0,0
1968,Winter,SWE,8,3,2,3,5.0,3.0,0
1968,Winter,FRG,7,2,2,3,5.0,2.0,0
1968,Winter,SUI,6,0,2,4,5.0,1.0,0
1968,Winter,USA,5,1,3,1,2.0,3.0,0
1968,Winter,GDR,5,1,2,2,4.0,1.0,0
1968,Winter,FIN,5,1,2,2,3.0,2.0,0
1968,Winter,ITA,4,4,0,0,3.0,1.0,0
1968,Winter,TCH,4,1,2,1,3.0,1.0,0
1968,Winter,CAN,3,1,1,1,1.0,2.0,0
1968,Winter,ROU,1,0,0,1,1.0,0.0,0
1968,Winter,ESP,0,0,0,0,0.0,0.0,0
1968,Winter,JPN,0,0,0,0,0.0,0.0,0
1968,Winter,TUR,0,0,0,0,0.0,0.0,0
1968,Winter,HUN,0,0,0,0,0.0,0.0,0
1968,Winter,GRE,0,0,0,0,0.0,0.0,0
1968,Winter,GBR,0,0,0,0,0.0,0.0,0
1968,Winter,BUL,0,0,0,0,0.0,0.0,0
1968,Winter,YUG,0,0,0,0,0.0,0.0,0
1968,Winter,MAR,0,0,0,0,0.0,0.0,0
1968,Winter,POL,0,0,0,0,0.0,0.0,0
1968,Winter,IRI,0,0,0,0,0.0,0.0,0
1968,Winter,LIB,0,0,0,0,0.0,0.0,0
1968,Winter,MGL,0,0,0,0,0.0,0.0,0
1968,Winter,LIE,0,0,0,0,0.0,0.0,0
1968,Winter,ISL,0,0,0,0,0.0,0.0,0
1968,Winter,NZL,0,0,0,0,0.0,0.0,0
1968,Winter,CHI,0,0,0,0,0.0,0.0,0
1968,Winter,IND,0,0,0,0,0.0,0.0,0
1968,Winter,DEN,0,0,0,0,0.0,0.0,0
1968,Winter,AUS,0,0,0,0,0.0,0.0,0
1968,Winter,KOR,0,0,0,0,0.0,0.0,0
1968,Winter,ARG,0,0,0,0,0.0,0.0,0
1972,Summer,URS,99,50,27,22,76.0,23.0,0
1972,Summer,USA,94,33,31,30,72.0,22.0,0
1972,Summer,GDR,66,20,23,23,37.0,29.0,0
1972,Summer,FRG,40,13,11,16,27.0,13.0,1
1972,Summer,HUN,35,6,13,16,29.0,6.0,0
1972,Summer,JPN,29,13,8,8,27.0,2.0,0
1972,Summer,POL,21,7,5,9,19.0,2.0,0
1972,Summer,BUL,21,6,10,5,17.0,4.0,0
1972,Summer,ITA,18,5,3,10,13.0,5.0,0
1972,Summer,GBR,18,4,5,9,15.0,3.0,0
1972,Summer,AUS,17,8,7,2,7.0,10.0,0
1972,Summer,ROU,16,3,6,7,12.0,4.0,0
1972,Summer,SWE,16,4,6,6,13.0,3.0,0
1972,Summer,FRA,13,2,4,7,13.0,0.0,0
1972,Summer,KEN,9,2,3,4,9.0,0.0,0
1972,Summer,CUB,8,3,1,4,6.0,2.0,0
1972,Summer,FIN,8,3,1,4,8.0,0.0,0
1972,Summer,TCH,8,2,4,2,6.0,2.0,0
1972,Summer,CAN,5,0,2,3,3.0,2.0,0
1972,Summer,NED,5,3,1,1,4.0,1.0,0
1972,Summer,YUG,5,2,1,2,5.0,0.0,0
1972,Summer,PRK,5,1,1,3,4.0,1.0,0
1972,Summer,NOR,4,2,1,1,4.0,0.0,0
1972,Summer,COL,3,0,1,2,3.0,0.0,0
1972,Summer,IRI,3,0,2,1,3.0,0.0,0
1972,Summer,AUT,3,0,1,2,2.0,1.0,0
1972,Summer,SUI,3,0,3,0,3.0,0.0,0
1972,Summer,NZL,3,1,1,1,3.0,0.0,0
1972,Summer,ETH,2,0,0,2,2.0,0.0,0
1972,Summer,BRA,2,0,0,2,2.0,0.0,0
1972,Summer,UGA,2,1,1,0,2.0,0.0,0
1972,Summer,GRE,2,0,2,0,2.0,0.0,0
1972,Summer,BEL,2,0,2,0,2.0,0.0,0
1972,Summer,NGR,1,0,0,1,1.0,0.0,0
1972,Summer,ARG,1,0,1,0,1.0,0.0,0
1972,Summer,LIB,1,0,1,0,1.0,0.0,0
1972,Summer,GHA,1,0,0,1,1.0,0.0,0
1972,Summer,MEX,1,0,1,0,1.0,0.0,0
1972,Summer,DEN,1,1,0,0,1.0,0.0,0
1972,Summer,PAK,1,0,1,0,1.0,0.0,0
1972,Summer,TUR,1,0,1,0,1.0,0.0,0
1972,Summer,JAM,1,0,0,1,1.0,0.0,0
1972,Summer,ESP,1,0,0,1,1.0,0.0,0
1972,Summer,KOR,1,0,1,0,1.0,0.0,0
1972,Summer,IND,1,0,0,1,1.0,0.0,0
1972,Summer,MGL,1,0,1,0,1.0,0.0,0
1972,Summer,TUN,1,0,1,0,1.0,0.0,0
1972,Summer,NIG,1,0,0,1,1.0,0.0,0
1972,Summer,SUD,0,0,0,0,0.0,0.0,0
1972,Summer,CHA,0,0,0,0,0.0,0.0,0
1972,Summer,TAN,0,0,0,0,0.0,0.0,0
1972,Summer,KUW,0,0,0,0,0.0,0.0,0
1972,Summer,EGY,0,0,0,0,0.0,0.0,0
1972,Summer,SOM,0,0,0,0,0.0,0.0,0
1972,Summer,PER,0,0,0,0,0.0,0.0,0
1972,Summer,URU,0,0,0,0,0.0,0.0,0
1972,Summer,CMR,0,0,0,0,0.0,0.0,0
1972,Summer,PHI,0,0,0,0,0.0,0.0,0
1972,Summer,TOG,0,0,0,0,0.0,0.0,0
1972,Summer,AHO,0,0,0,0,0.0,0.0,0
1972,Summer,BEN,0,0,0,0,0.0,0.0,0
1972,Summer,MAR,0,0,0,0,0.0,0.0,0
1972,Summer,KSA,0,0,0,0,0.0,0.0,0
1972,Summer,POR,0,0,0,0,0.0,0.0,0
1972,Summer,PUR,0,0,0,0,0.0,0.0,0
1972,Summer,ALG,0,0,0,0,0.0,0.0,0
1972,Summer,INA,0,0,0,0,0.0,0.0,0
1972,Summer,ISR,0,0,0,0,0.0,0.0,0
1972,Summer,ISV,0,0,0,0,0.0,0.0,0
1972,Summer,ESA,0,0,0,0,0.0,0.0,0
1972,Summer,MAS,0,0,0,0,0.0,0.0,0
1972,Summer,BER,0,0,0,0,0.0,0.0,0
1972,Summer,SEN,0,0,0,0,0.0,0.0,0
1972,Summer,MAD,0,0,0,0,0.0,0.0,0
1972,Summer,LUX,0,0,0,0,0.0,0.0,0
1972,Summer,THA,0,0,0,0,0.0,0.0,0
1972,Summer,TTO,0,0,0,0,0.0,0.0,0
1972,Summer,AFG,0,0,0,0,0.0,0.0,0
1972,Summer,BOL,0,0,0,0,0.0,0.0,0
1972,Summer,PAN,0,0,0,0,0.0,0.0,0
1972,Summer,GUY,0,0,0,0,0.0,0.0,0
1972,Summer,ISL,0,0,0,0,0.0,0.0,0
1972,Summer,MYA,0,0,0,0,0.0,0.0,0
1972,Summer,CIV,0,0,0,0,0.0,0.0,0
1972,Summer,IRL,0,0,0,0,0.0,0.0,0
1972,Summer,LIE,0,0,0,0,0.0,0.0,0
1972,Summer,VEN,0,0,0,0,0.0,0.0,0
1972,Summer,CHI,0,0,0,0,0.0,0.0,0
1972,Summer,MON,0,0,0,0,0.0,0.0,0
1972,Summer,BAH,0,0,0,0,0.0,0.0,0
1972,Summer,CGO,0,0,0,0,0.0,0.0,0
1972,Summer,BAR,0,0,0,0,0.0,0.0,0
1972,Summer,DOM,0,0,0,0,0.0,0.0,0
1972,Summer,MLT,0,0,0,0,0.0,0.0,0
1972,Summer,BUR,0,0,0,0,0.0,0.0,0
1972,Summer,SUR,0,0,0,0,0.0,0.0,0
1972,Summer,GUA,0,0,0,0,0.0,0.0,0
1972,Summer,MLI,0,0,0,0,0.0,0.0,0
1972,Summer,NCA,0,0,0,0,0.0,0.0,0
1972,Summer,SMR,0,0,0,0,0.0,0.0,0
1972,Summer,CRC,0,0,0,0,0.0,0.0,0
1972,Summer,HKG,0,0,0,0,0.0,0.0,0
1972,Summer,SGP,0,0,0,0,0.0,0.0,0
1972,Summer,TPE,0,0,0,0,0.0,0.0,0
1972,Summer,HAI,0,0,0,0,0.0,0.0,0
1972,Summer,CAM,0,0,0,0,0.0,0.0,0
1972,Summer,ZAM,0,0,0,0,0.0,0.0,0
1972,Summer,MAW,0,0,0,0,0.0,0.0,0
1972,Summer,ECU,0,0,0,0,0.0,0.0,0
1972,Summer,SYR,0,0,0,0,0.0,0.0,0
1972,Summer,PAR,0,0,0,0,0.0,0.0,0
1972,Summer,SRI,0,0,0,0,0.0,0.0,0
1972,Summer,VNM,0,0,0,0,0.0,0.0,0
1972,Summer,LBR,0,0,0,0,0.0,0.0,0
1972,Summer,NEP,0,0,0,0,0.0,0.0,0
1972,Summer,ALB,0,0,0,0,0.0,0.0,0
1972,Summer,SWZ,0,0,0,0,0.0,0.0,0
1972,Summer,GAB,0,0,0,0,0.0,0.0,0
1972,Summer,LES,0,0,0,0,0.0,0.0,0
1972,Summer,BIZ,0,0,0,0,0.0,0.0,0
1972,Summer,FIJ,0,0,0,0,0.0,0.0,0
1972,Winter,URS,16,8,5,3,8.0,8.0,0
1972,Winter,GDR,14,4,3,7,10.0,4.0,0
1972,Winter,NOR,12,2,5,5,11.0,1.0,0
1972,Winter,SUI,10,4,3,3,8.0,2.0,0
1972,Winter,NED,9,4,3,2,4.0,5.0,0
1972,Winter,USA,8,3,2,3,1.0,7.0,0
1972,Winter,AUT,5,1,2,2,1.0,4.0,0
1972,Winter,FRG,5,3,1,1,4.0,1.0,0
1972,Winter,ITA,5,2,2,1,5.0,0.0,0
1972,Winter,FIN,5,0,4,1,2.0,3.0,0
1972,Winter,SWE,4,1,1,2,4.0,0.0,0
1972,Winter,JPN,3,1,1,1,3.0,0.0,1
1972,Winter,FRA,3,0,1,2,1.0,2.0,0
1972,Winter,TCH,3,1,0,2,2.0,1.0,0
1972,Winter,CAN,1,0,1,0,0.0,1.0,0
1972,Winter,POL,1,1,0,0,1.0,0.0,0
1972,Winter,ESP,1,1,0,0,1.0,0.0,0
1972,Winter,GRE,0,0,0,0,0.0,0.0,0
1972,Winter,HUN,0,0,0,0,0.0,0.0,0
1972,Winter,IRI,0,0,0,0,0.0,0.0,0
1972,Winter,GBR,0,0,0,0,0.0,0.0,0
1972,Winter,YUG,0,0,0,0,0.0,0.0,0
1972,Winter,BEL,0,0,0,0,0.0,0.0,0
1972,Winter,ROU,0,0,0,0,0.0,0.0,0
1972,Winter,LIE,0,0,0,0,0.0,0.0,0
1972,Winter,KOR,0,0,0,0,0.0,0.0,0
1972,Winter,TPE,0,0,0,0,0.0,0.0,0
1972,Winter,PRK,0,0,0,0,0.0,0.0,0
1972,Winter,PHI,0,0,0,0,0.0,0.0,0
1972,Winter,AUS,0,0,0,0,0.0,0.0,0
1972,Winter,MGL,0,0,0,0,0.0,0.0,0
1972,Winter,NZL,0,0,0,0,0.0,0.0,0
1972,Winter,LIB,0,0,0,0,0.0,0.0,0
1972,Winter,ARG,0,0,0,0,0.0,0.0,0
1972,Winter,BUL,0,0,0,0,0.0,0.0,0
1976,Summer,URS,125,49,41,35,89.0,36.0,0
1976,Summer,USA,94,34,35,25,75.0,19.0,0
1976,Summer,GDR,90,40,25,25,41.0,49.0,0
1976,Summer,FRG,39,10,12,17,33.0,6.0,0
1976,Summer,ROU,27,4,9,14,19.0,8.0,0
1976,Summer,POL,26,7,6,13,25.0,1.0,0
1976,Summer,JPN,25,9,6,10,24.0,1.0,0
1976,Summer,BUL,22,6,9,7,14.0,8.0,0
1976,Summer,HUN,22,4,5,13,16.0,6.0,0
1976,Summer,GBR,13,3,5,5,13.0,0.0,0
1976,Summer,CUB,13,6,4,3,13.0,0.0,0
1976,Summer,ITA,13,2,7,4,11.0,2.0,0
1976,Summer,CAN,11,0,5,6,4.0,7.0,1
1976,Summer,FRA,9,2,3,4,8.0,1.0,0
1976,Summer,TCH,8,2,2,4,7.0,1.0,0
1976,Summer,YUG,8,2,3,3,8.0,0.0,0
1976,Summer,FIN,6,4,2,0,6.0,0.0,0
1976,Summer,BEL,6,0,3,3,6.0,0.0,0
1976,Summer,KOR,6,1,1,4,5.0,1.0,0
1976,Summer,NED,5,0,2,3,3.0,2.0,0
1976,Summer,AUS,5,0,1,4,5.0,0.0,0
1976,Summer,SWE,5,4,1,0,4.0,1.0,0
1976,Summer,NZL,4,2,1,1,4.0,0.0,0
1976,Summer,SUI,4,1,1,2,3.0,1.0,0
1976,Summer,DEN,3,1,0,2,3.0,0.0,0
1976,Summer,ESP,2,0,2,0,2.0,0.0,0
1976,Summer,IRI,2,0,1,1,2.0,0.0,0
1976,Summer,BRA,2,0,0,2,2.0,0.0,0
1976,Summer,POR,2,0,2,0,2.0,0.0,0
1976,Summer,MEX,2,1,0,1,2.0,0.0,0
1976,Summer,JAM,2,1,1,0,2.0,0.0,0
1976,Summer,NOR,2,1,1,0,2.0,0.0,0
1976,Summer,PRK,2,1,1,0,2.0,0.0,0
1976,Summer,TTO,1,1,0,0,1.0,0.0,0
1976,Summer,PAK,1,0,0,1,1.0,0.0,0
1976,Summer,PUR,1,0,0,1,1.0,0.0,0
1976,Summer,VEN,1,0,1,0,1.0,0.0,0
1976,Summer,THA,1,0,0,1,1.0,0.0,0
1976,Summer,AUT,1,0,0,1,1.0,0.0,0
1976,Summer,MGL,1,0,1,0,1.0,0.0,0
1976,Summer,BER,1,0,0,1,1.0,0.0,0
1976,Summer,NCA,0,0,0,0,0.0,0.0,0
1976,Summer,KUW,0,0,0,0,0.0,0.0,0
1976,Summer,EGY,0,0,0,0,0.0,0.0,0
1976,Summer,TUN,0,0,0,0,0.0,0.0,0
1976,Summer,ARG,0,0,0,0,0.0,0.0,0
1976,Summer,PAN,0,0,0,0,0.0,0.0,0
1976,Summer,PAR,0,0,0,0,0.0,0.0,0
1976,Summer,GRE,0,0,0,0,0.0,0.0,0
1976,Summer,MAS,0,0,0,0,0.0,0.0,0
1976,Summer,TUR,0,0,0,0,0.0,0.0,0
1976,Summer,KSA,0,0,0,0,0.0,0.0,0
1976,Summer,URU,0,0,0,0,0.0,0.0,0
1976,Summer,COL,0,0,0,0,0.0,0.0,0
1976,Summer,ISL,0,0,0,0,0.0,0.0,0
1976,Summer,IND,0,0,0,0,0.0,0.0,0
1976,Summer,PHI,0,0,0,0,0.0,0.0,0
1976,Summer,CRC,0,0,0,0,0.0,0.0,0
1976,Summer,DOM,0,0,0,0,0.0,0.0,0
1976,Summer,GUA,0,0,0,0,0.0,0.0,0
1976,Summer,ISV,0,0,0,0,0.0,0.0,0
1976,Summer,CIV,0,0,0,0,0.0,0.0,0
1976,Summer,SEN,0,0,0,0,0.0,0.0,0
1976,Summer,MAR,0,0,0,0,0.0,0.0,0
1976,Summer,ISR,0,0,0,0,0.0,0.0,0
1976,Summer,MON,0,0,0,0,0.0,0.0,0
1976,Summer,LUX,0,0,0,0,0.0,0.0,0
1976,Summer,SUR,0,0,0,0,0.0,0.0,0
1976,Summer,LIE,0,0,0,0,0.0,0.0,0
1976,Summer,IRL,0,0,0,0,0.0,0.0,0
1976,Summer,BAH,0,0,0,0,0.0,0.0,0
1976,Summer,PER,0,0,0,0,0.0,0.0,0
1976,Summer,SMR,0,0,0,0,0.0,0.0,0
1976,Summer,HKG,0,0,0,0,0.0,0.0,0
1976,Summer,HAI,0,0,0,0,0.0,0.0,0
1976,Summer,SGP,0,0,0,0,0.0,0.0,0
1976,Summer,ANT,0,0,0,0,0.0,0.0,0
1976,Summer,BAR,0,0,0,0,0.0,0.0,0
1976,Summer,PNG,0,0,0,0,0.0,0.0,0
1976,Summer,ECU,0,0,0,0,0.0,0.0,0
1976,Summer,AND,0,0,0,0,0.0,0.0,0
1976,Summer,CHI,0,0,0,0,0.0,0.0,0
1976,Summer,LIB,0,0,0,0,0.0,0.0,0
1976,Summer,AHO,0,0,0,0,0.0,0.0,0
1976,Summer,HON,0,0,0,0,0.0,0.0,0
1976,Summer,BOL,0,0,0,0,0.0,0.0,0
1976,Summer,INA,0,0,0,0,0.0,0.0,0
1976,Summer,CAY,0,0,0,0,0.0,0.0,0
1976,Summer,CMR,0,0,0,0,0.0,0.0,0
1976,Summer,NEP,0,0,0,0,0.0,0.0,0
1976,Summer,FIJ,0,0,0,0,0.0,0.0,0
1976,Summer,BIZ,0,0,0,0,0.0,0.0,0
1976,Winter,URS,27,13,6,8,16.0,11.0,0
1976,Winter,GDR,19,7,5,7,12.0,7.0,0
1976,Winter,FRG,10,2,5,3,6.0,4.0,0
1976,Winter,USA,10,3,3,4,4.0,6.0,0
1976,Winter,FIN,7,2,4,1,4.0,3.0,0
1976,Winter,NOR,7,3,3,1,6.0,1.0,0
1976,Winter,AUT,6,2,2,2,5.0,1.0,1
1976,Winter,NED,6,1,2,3,5.0,1.0,0
1976,Winter,SUI,5,1,3,1,5.0,0.0,0
1976,Winter,ITA,4,1,2,1,3.0,1.0,0
1976,Winter,CAN,3,1,1,1,1.0,2.0,0
1976,Winter,SWE,2,0,0,2,2.0,0.0,0
1976,Winter,LIE,2,0,0,2,1.0,1.0,0
1976,Winter,GBR,1,1,0,0,1.0,0.0,0
1976,Winter,FRA,1,0,0,1,0.0,1.0,0
1976,Winter,TCH,1,0,1,0,1.0,0.0,0
1976,Winter,JPN,0,0,0,0,0.0,0.0,0
1976,Winter,YUG,0,0,0,0,0.0,0.0,0
1976,Winter,ROU,0,0,0,0,0.0,0.0,0
1976,Winter,AND,0,0,0,0,0.0,0.0,0
1976,Winter,NZL,0,0,0,0,0.0,0.0,0
1976,Winter,BUL,0,0,0,0,0.0,0.0,0
1976,Winter,TUR,0,0,0,0,0.0,0.0,0
1976,Winter,POL,0,0,0,0,0.0,0.0,0
1976,Winter,SMR,0,0,0,0,0.0,0.0,0
1976,Winter,BEL,0,0,0,0,0.0,0.0,0
1976,Winter,AUS,0,0,0,0,0.0,0.0,0
1976,Winter,CHI,0,0,0,0,0.0,0.0,0
1976,Winter,TPE,0,0,0,0,0.0,0.0,0
1976,Winter,ARG,0,0,0,0,0.0,0.0,0
1976,Winter,ESP,0,0,0,0,0.0,0.0,0
1976,Winter,ISL,0,0,0,0,0.0,0.0,0
1976,Winter,IRI,0,0,0,0,0.0,0.0,0
1976,Winter,GRE,0,0,0,0,0.0,0.0,0
1976,Winter,KOR,0,0,0,0,0.0,0.0,0
1976,Winter,LIB,0,0,0,0,0.0,0.0,0
1976,Winter,HUN,0,0,0,0,0.0,0.0,0
1980,Summer,URS,195,80,69,46,147.0,48.0,1
1980,Summer,GDR,126,47,37,42,66.0,60.0,0
1980,Summer,BUL,41,8,16,17,34.0,7.0,0
1980,Summer,POL,32,3,14,15,27.0,5.0,0
1980,Summer,HUN,32,7,10,15,29.0,3.0,0
1980,Summer,ROU,25,6,6,13,14.0,11.0,0
1980,Summer,GBR,21,5,7,9,17.0,4.0,0
1980,Summer,CUB,20,8,7,5,19.0,1.0,0
1980,Summer,ITA,15,8,3,4,13.0,2.0,0
1980,Summer,TCH,14,2,3,9,12.0,2.0,0
1980,Summer,FRA,14,6,5,3,12.0,2.0,0
1980,Summer,SWE,12,3,3,6,11.0,1.0,0
1980,Summer,YUG,9,2,3,4,7.0,2.0,0
1980,Summer,AUS,9,2,2,5,7.0,2.0,0
1980,Summer,FIN,8,3,1,4,7.0,1.0,0
1980,Summer,ESP,6,1,3,2,6.0,0.0,0
1980,Summer,DEN,5,2,1,2,4.0,1.0,0
1980,Summer,PRK,5,0,3,2,5.0,0.0,0
1980,Summer,BRA,4,2,0,2,4.0,0.0,0
1980,Summer,MGL,4,0,2,2,4.0,0.0,0
1980,Summer,ETH,4,2,0,2,4.0,0.0,0
1980,Summer,MEX,4,0,1,3,4.0,0.0,0
1980,Summer,AUT,4,1,2,1,3.0,1.0,0
1980,Summer,NED,3,0,1,2,2.0,1.0,0
1980,Summer,JAM,3,0,0,3,2.0,1.0,0
1980,Summer,GRE,3,1,0,2,3.0,0.0,0
1980,Summer,SUI,2,2,0,0,2.0,0.0,0
1980,Summer,TAN,2,0,2,0,2.0,0.0,0
1980,Summer,IRL,2,0,1,1,2.0,0.0,0
1980,Summer,VEN,1,0,1,0,1.0,0.0,0
1980,Summer,IND,1,1,0,0,1.0,0.0,0
1980,Summer,UGA,1,0,1,0,1.0,0.0,0
1980,Summer,LIB,1,0,0,1,1.0,0.0,0
1980,Summer,BEL,1,1,0,0,1.0,0.0,0
1980,Summer,GUY,1,0,0,1,1.0,0.0,0
1980,Summer,ZIM,1,1,0,0,0.0,1.0,0
1980,Summer,KUW,0,0,0,0,0.0,0.0,0
1980,Summer,ALG,0,0,0,0,0.0,0.0,0
1980,Summer,IRQ,0,0,0,0,0.0,0.0,0
1980,Summer,SYR,0,0,0,0,0.0,0.0,0
1980,Summer,LBA,0,0,0,0,0.0,0.0,0
1980,Summer,CGO,0,0,0,0,0.0,0.0,0
1980,Summer,BEN,0,0,0,0,0.0,0.0,0
1980,Summer,POR,0,0,0,0,0.0,0.0,0
1980,Summer,TTO,0,0,0,0,0.0,0.0,0
1980,Summer,NGR,0,0,0,0,0.0,0.0,0
1980,Summer,SEY,0,0,0,0,0.0,0.0,0
1980,Summer,MLT,0,0,0,0,0.0,0.0,0
1980,Summer,GUI,0,0,0,0,0.0,0.0,0
1980,Summer,CRC,0,0,0,0,0.0,0.0,0
1980,Summer,CMR,0,0,0,0,0.0,0.0,0
1980,Summer,SLE,0,0,0,0,0.0,0.0,0
1980,Summer,AFG,0,0,0,0,0.0,0.0,0
1980,Summer,MOZ,0,0,0,0,0.0,0.0,0
1980,Summer,COL,0,0,0,0,0.0,0.0,0
1980,Summer,NCA,0,0,0,0,0.0,0.0,0
1980,Summer,MAD,0,0,0,0,0.0,0.0,0
1980,Summer,CYP,0,0,0,0,0.0,0.0,0
1980,Summer,ECU,0,0,0,0,0.0,0.0,0
1980,Summer,PER,0,0,0,0,0.0,0.0,0
1980,Summer,SEN,0,0,0,0,0.0,0.0,0
1980,Summer,ZAM,0,0,0,0,0.0,0.0,0
1980,Summer,NEP,0,0,0,0,0.0,0.0,0
1980,Summer,ISL,0,0,0,0,0.0,0.0,0
1980,Summer,LAO,0,0,0,0,0.0,0.0,0
1980,Summer,LUX,0,0,0,0,0.0,0.0,0
1980,Summer,ANG,0,0,0,0,0.0,0.0,0
1980,Summer,SMR,0,0,0,0,0.0,0.0,0
1980,Summer,DOM,0,0,0,0,0.0,0.0,0
1980,Summer,BOT,0,0,0,0,0.0,0.0,0
1980,Summer,VIE,0,0,0,0,0.0,0.0,0
1980,Summer,GUA,0,0,0,0,0.0,0.0,0
1980,Summer,SRI,0,0,0,0,0.0,0.0,0
1980,Summer,MLI,0,0,0,0,0.0,0.0,0
1980,Summer,NZL,0,0,0,0,0.0,0.0,0
1980,Summer,AND,0,0,0,0,0.0,0.0,0
1980,Summer,LES,0,0,0,0,0.0,0.0,0
1980,Summer,JOR,0,0,0,0,0.0,0.0,0
1980,Summer,PUR,0,0,0,0,0.0,0.0,0
1980,Summer,MYA,0,0,0,0,0.0,0.0,0
1980,Winter,GDR,23,9,7,7,15.0,8.0,0
1980,Winter,URS,22,10,6,6,14.0,8.0,0
1980,Winter,USA,12,6,4,2,8.0,4.0,1
1980,Winter,NOR,10,1,3,6,8.0,2.0,0
1980,Winter,FIN,9,1,5,3,6.0,3.0,0
1980,Winter,AUT,7,3,2,2,6.0,1.0,0
1980,Winter,FRG,5,0,2,3,2.0,3.0,0
1980,Winter,SUI,5,1,1,3,3.0,2.0,0
1980,Winter,SWE,4,3,0,1,4.0,0.0,0
1980,Winter,NED,4,1,2,1,2.0,2.0,0
1980,Winter,LIE,4,2,2,0,1.0,3.0,0
1980,Winter,CAN,2,0,1,1,2.0,0.0,0
1980,Winter,ITA,2,0,2,0,2.0,0.0,0
1980,Winter,JPN,1,0,1,0,1.0,0.0,0
1980,Winter,BUL,1,0,0,1,1.0,0.0,0
1980,Winter,FRA,1,0,0,1,0.0,1.0,0
1980,Winter,GBR,1,1,0,0,1.0,0.0,0
1980,Winter,TCH,1,0,0,1,0.0,1.0,0
1980,Winter,HUN,1,0,1,0,0.0,1.0,0
1980,Winter,ARG,0,0,0,0,0.0,0.0,0
1980,Winter,AUS,0,0,0,0,0.0,0.0,0
1980,Winter,ROU,0,0,0,0,0.0,0.0,0
1980,Winter,NZL,0,0,0,0,0.0,0.0,0
1980,Winter,CYP,0,0,0,0,0.0,0.0,0
1980,Winter,GRE,0,0,0,0,0.0,0.0,0
1980,Winter,BOL,0,0,0,0,0.0,0.0,0
1980,Winter,CHN,0,0,0,0,0.0,0.0,0
1980,Winter,YUG,0,0,0,0,0.0,0.0,0
1980,Winter,POL,0,0,0,0,0.0,0.0,0
1980,Winter,MGL,0,0,0,0,0.0,0.0,0
1980,Winter,ESP,0,0,0,0,0.0,0.0,0
1980,Winter,AND,0,0,0,0,0.0,0.0,0
1980,Winter,LIB,0,0,0,0,0.0,0.0,0
1980,Winter,KOR,0,0,0,0,0.0,0.0,0
1980,Winter,ISL,0,0,0,0,0.0,0.0,0
1980,Winter,CRC,0,0,0,0,0.0,0.0,0
1980,Winter,BEL,0,0,0,0,0.0,0.0,0
1984,Summer,USA,173,82,61,30,112.0,61.0,1
1984,Summer,FRG,59,17,19,23,41.0,18.0,0
1984,Summer,ROU,52,19,16,17,25.0,27.0,0
1984,Summer,CAN,44,10,18,16,28.0,16.0,0
1984,Summer,GBR,37,5,11,21,25.0,12.0,0
1984,Summer,ITA,32,14,6,12,28.0,4.0,0
1984,Summer,CHN,32,15,8,9,22.0,10.0,0
1984,Summer,JPN,31,10,7,14,28.0,3.0,0
1984,Summer,FRA,28,5,7,16,25.0,3.0,0
1984,Summer,AUS,24,4,8,12,17.0,7.0,0
1984,Summer,SWE,19,2,11,6,15.0,4.0,0
1984,Summer,KOR,19,6,6,7,15.0,4.0,0
1984,Summer,YUG,18,7,4,7,17.0,1.0,0
1984,Summer,NED,13,5,2,6,2.0,11.0,0
1984,Summer,FIN,12,4,2,6,11.0,1.0,0
1984,Summer,NZL,11,8,1,2,11.0,0.0,0
1984,Summer,BRA,8,1,5,2,8.0,0.0,0
1984,Summer,SUI,8,0,4,4,6.0,2.0,0
1984,Summer,MEX,6,2,3,1,6.0,0.0,0
1984,Summer,DEN,6,0,3,3,4.0,2.0,0
1984,Summer,ESP,5,1,2,2,5.0,0.0,0
1984,Summer,BEL,4,1,1,2,2.0,2.0,0
1984,Summer,KEN,3,1,0,2,3.0,0.0,0
1984,Summer,JAM,3,0,1,2,1.0,2.0,0
1984,Summer,NOR,3,0,1,2,2.0,1.0,0
1984,Summer,TUR,3,0,0,3,3.0,0.0,0
1984,Summer,VEN,3,0,0,3,3.0,0.0,0
1984,Summer,POR,3,1,0,2,2.0,1.0,0
1984,Summer,AUT,3,1,1,1,3.0,0.0,0
1984,Summer,ALG,2,0,0,2,2.0,0.0,0
1984,Summer,NGR,2,0,1,1,2.0,0.0,0
1984,Summer,MAR,2,2,0,0,1.0,1.0,0
1984,Summer,PUR,2,0,1,1,2.0,0.0,0
1984,Summer,GRE,2,0,1,1,2.0,0.0,0
1984,Summer,EGY,1,0,1,0,1.0,0.0,0
1984,Summer,CMR,1,0,0,1,1.0,0.0,0
1984,Summer,DOM,1,0,0,1,1.0,0.0,0
1984,Summer,CIV,1,0,1,0,1.0,0.0,0
1984,Summer,ISL,1,0,0,1,1.0,0.0,0
1984,Summer,PAK,1,1,0,0,1.0,0.0,0
1984,Summer,SYR,1,0,1,0,1.0,0.0,0
1984,Summer,PER,1,0,1,0,1.0,0.0,0
1984,Summer,THA,1,0,1,0,1.0,0.0,0
1984,Summer,COL,1,0,1,0,1.0,0.0,0
1984,Summer,IRL,1,0,1,0,1.0,0.0,0
1984,Summer,TPE,1,0,0,1,1.0,0.0,0
1984,Summer,ZAM,1,0,0,1,1.0,0.0,0
1984,Summer,CHI,0,0,0,0,0.0,0.0,0
1984,Summer,MAS,0,0,0,0,0.0,0.0,0
1984,Summer,JOR,0,0,0,0,0.0,0.0,0
1984,Summer,KSA,0,0,0,0,0.0,0.0,0
1984,Summer,BRN,0,0,0,0,0.0,0.0,0
1984,Summer,UAE,0,0,0,0,0.0,0.0,0
1984,Summer,BEN,0,0,0,0,0.0,0.0,0
1984,Summer,IRQ,0,0,0,0,0.0,0.0,0
1984,Summer,IND,0,0,0,0,0.0,0.0,0
1984,Summer,CRC,0,0,0,0,0.0,0.0,0
1984,Summer,KUW,0,0,0,0,0.0,0.0,0
1984,Summer,UGA,0,0,0,0,0.0,0.0,0
1984,Summer,ECU,0,0,0,0,0.0,0.0,0
1984,Summer,GHA,0,0,0,0,0.0,0.0,0
1984,Summer,SOM,0,0,0,0,0.0,0.0,0
1984,Summer,MON,0,0,0,0,0.0,0.0,0
1984,Summer,INA,0,0,0,0,0.0,0.0,0
1984,Summer,MLT,0,0,0,0,0.0,0.0,0
1984,Summer,LUX,0,0,0,0,0.0,0.0,0
1984,Summer,CYP,0,0,0,0,0.0,0.0,0
1984,Summer,ARG,0,0,0,0,0.0,0.0,0
1984,Summer,PAN,0,0,0,0,0.0,0.0,0
1984,Summer,QAT,0,0,0,0,0.0,0.0,0
1984,Summer,SUD,0,0,0,0,0.0,0.0,0
1984,Summer,OMA,0,0,0,0,0.0,0.0,0
1984,Summer,YAR,0,0,0,0,0.0,0.0,0
1984,Summer,NIG,0,0,0,0,0.0,0.0,0
1984,Summer,GUA,0,0,0,0,0.0,0.0,0
1984,Summer,TUN,0,0,0,0,0.0,0.0,0
1984,Summer,CAF,0,0,0,0,0.0,0.0,0
1984,Summer,ISR,0,0,0,0,0.0,0.0,0
1984,Summer,TAN,0,0,0,0,0.0,0.0,0
1984,Summer,MRI,0,0,0,0,0.0,0.0,0
1984,Summer,SGP,0,0,0,0,0.0,0.0,0
1984,Summer,TTO,0,0,0,0,0.0,0.0,0
1984,Summer,LIB,0,0,0,0,0.0,0.0,0
1984,Summer,BOL,0,0,0,0,0.0,0.0,0
1984,Summer,FIJ,0,0,0,0,0.0,0.0,0
1984,Summer,PHI,0,0,0,0,0.0,0.0,0
1984,Summer,SOL,0,0,0,0,0.0,0.0,0
1984,Summer,SAM,0,0,0,0,0.0,0.0,0
1984,Summer,HON,0,0,0,0,0.0,0.0,0
1984,Summer,MAW,0,0,0,0,0.0,0.0,0
1984,Summer,SEN,0,0,0,0,0.0,0.0,0
1984,Summer,COD,0,0,0,0,0.0,0.0,0
1984,Summer,BOT,0,0,0,0,0.0,0.0,0
1984,Summer,IVB,0,0,0,0,0.0,0.0,0
1984,Summer,GUY,0,0,0,0,0.0,0.0,0
1984,Summer,GRN,0,0,0,0,0.0,0.0,0
1984,Summer,BAR,0,0,0,0,0.0,0.0,0
1984,Summer,AHO,0,0,0,0,0.0,0.0,0
1984,Summer,CGO,0,0,0,0,0.0,0.0,0
1984,Summer,SLE,0,0,0,0,0.0,0.0,0
1984,Summer,ANT,0,0,0,0,0.0,0.0,0
1984,Summer,PAR,0,0,0,0,0.0,0.0,0
1984,Summer,ISV,0,0,0,0,0.0,0.0,0
1984,Summer,MAD,0,0,0,0,0.0,0.0,0
1984,Summer,CAY,0,0,0,0,0.0,0.0,0
1984,Summer,TOG,0,0,0,0,0.0,0.0,0
1984,Summer,SRI,0,0,0,0,0.0,0.0,0
1984,Summer,SMR,0,0,0,0,0.0,0.0,0
1984,Summer,SEY,0,0,0,0,0.0,0.0,0
1984,Summer,GEQ,0,0,0,0,0.0,0.0,0
1984,Summer,PNG,0,0,0,0,0.0,0.0,0
1984,Summer,LIE,0,0,0,0,0.0,0.0,0
1984,Summer,BER,0,0,0,0,0.0,0.0,0
1984,Summer,RWA,0,0,0,0,0.0,0.0,0
1984,Summer,ESA,0,0,0,0,0.0,0.0,0
1984,Summer,GAM,0,0,0,0,0.0,0.0,0
1984,Summer,NCA,0,0,0,0,0.0,0.0,0
1984,Summer,DJI,0,0,0,0,0.0,0.0,0
1984,Summer,BIZ,0,0,0,0,0.0,0.0,0
1984,Summer,HKG,0,0,0,0,0.0,0.0,0
1984,Summer,BHU,0,0,0,0,0.0,0.0,0
1984,Summer,ZIM,0,0,0,0,0.0,0.0,0
1984,Summer,MOZ,0,0,0,0,0.0,0.0,0
1984,Summer,BAH,0,0,0,0,0.0,0.0,0
1984,Summer,SUR,0,0,0,0,0.0,0.0,0
1984,Summer,LBR,0,0,0,0,0.0,0.0,0
1984,Summer,BAN,0,0,0,0,0.0,0.0,0
1984,Summer,GUI,0,0,0,0,0.0,0.0,0
1984,Summer,MTN,0,0,0,0,0.0,0.0,0
1984,Summer,MLI,0,0,0,0,0.0,0.0,0
1984,Summer,CHA,0,0,0,0,0.0,0.0,0
1984,Summer,SWZ,0,0,0,0,0.0,0.0,0
1984,Summer,URU,0,0,0,0,0.0,0.0,0
1984,Summer,HAI,0,0,0,0,0.0,0.0,0
1984,Summer,AND,0,0,0,0,0.0,0.0,0
1984,Summer,NEP,0,0,0,0,0.0,0.0,0
1984,Summer,TGA,0,0,0,0,0.0,0.0,0
1984,Summer,MYA,0,0,0,0,0.0,0.0,0
1984,Summer,GAB,0,0,0,0,0.0,0.0,0
1984,Summer,LES,0,0,0,0,0.0,0.0,0
1984,Winter,URS,25,6,10,9,16.0,9.0,0
1984,Winter,GDR,24,9,9,6,11.0,13.0,0
1984,Winter,FIN,13,4,3,6,9.0,4.0,0
1984,Winter,NOR,9,3,2,4,5.0,4.0,0
1984,Winter,SWE,8,4,2,2,8.0,0.0,0
1984,Winter,USA,8,4,4,0,4.0,4.0,0
1984,Winter,TCH,6,0,2,4,3.0,3.0,0
1984,Winter,SUI,5,2,2,1,3.0,2.0,0
1984,Winter,FRG,4,2,1,1,4.0,0.0,0
1984,Winter,CAN,4,2,1,1,4.0,0.0,0
1984,Winter,FRA,3,0,1,2,1.0,2.0,0
1984,Winter,ITA,2,2,0,0,1.0,1.0,0
1984,Winter,LIE,2,0,0,2,1.0,1.0,0
1984,Winter,YUG,1,0,1,0,1.0,0.0,1
1984,Winter,GBR,1,1,0,0,1.0,0.0,0
1984,Winter,JPN,1,0,1,0,1.0,0.0,0
1984,Winter,AUT,1,0,0,1,1.0,0.0,0
1984,Winter,POL,0,0,0,0,0.0,0.0,0
1984,Winter,MAR,0,0,0,0,0.0,0.0,0
1984,Winter,AUS,0,0,0,0,0.0,0.0,0
1984,Winter,ARG,0,0,0,0,0.0,0.0,0
1984,Winter,ROU,0,0,0,0,0.0,0.0,0
1984,Winter,CYP,0,0,0,0,0.0,0.0,0
1984,Winter,GRE,0,0,0,0,0.0,0.0,0
1984,Winter,ISL,0,0,0,0,0.0,0.0,0
1984,Winter,BUL,0,0,0,0,0.0,0.0,0
1984,Winter,LIB,0,0,0,0,0.0,0.0,0
1984,Winter,KOR,0,0,0,0,0.0,0.0,0
1984,Winter,CHN,0,0,0,0,0.0,0.0,0
1984,Winter,BOL,0,0,0,0,0.0,0.0,0
1984,Winter,TUR,0,0,0,0,0.0,0.0,0
1984,Winter,SMR,0,0,0,0,0.0,0.0,0
1984,Winter,NED,0,0,0,0,0.0,0.0,0
1984,Winter,CRC,0,0,0,0,0.0,0.0,0
1984,Winter,TPE,0,0,0,0,0.0,0.0,0
1984,Winter,BEL,0,0,0,0,0.0,0.0,0
1984,Winter,MGL,0,0,0,0,0.0,0.0,0
1984,Winter,EGY,0,0,0,0,0.0,0.0,0
1984,Winter,HUN,0,0,0,0,0.0,0.0,0
1984,Winter,ESP,0,0,0,0,0.0,0.0,0
1984,Winter,CHI,0,0,0,0,0.0,0.0,0
1984,Winter,IVB,0,0,0,0,0.0,0.0,0
1984,Winter,NZL,0,0,0,0,0.0,0.0,0
1984,Winter,SEN,0,0,0,0,0.0,0.0,0
1984,Winter,PRK,0,0,0,0,0.0,0.0,0
1984,Winter,MON,0,0,0,0,0.0,0.0,0
1984,Winter,AND,0,0,0,0,0.0,0.0,0
1984,Winter,PUR,0,0,0,0,0.0,0.0,0
1984,Winter,MEX,0,0,0,0,0.0,0.0,0
1988,Summer,URS,131,54,31,46,95.0,36.0,0
1988,Summer,GDR,102,37,35,30,51.0,51.0,0
1988,Summer,USA,94,36,31,27,65.0,29.0,0
1988,Summer,FRG,40,11,14,15,29.0,11.0,0
1988,Summer,BUL,35,10,12,13,19.0,16.0,0
1988,Summer,KOR,33,12,10,11,26.0,7.0,1
1988,Summer,CHN,28,5,11,12,13.0,15.0,0
1988,Summer,GBR,24,5,10,9,19.0,5.0,0
1988,Summer,ROU,24,7,11,6,7.0,17.0,0
1988,Summer,HUN,23,11,6,6,19.0,4.0,0
1988,Summer,FRA,16,6,4,6,14.0,2.0,0
1988,Summer,POL,16,2,5,9,15.0,1.0,0
1988,Summer,ITA,14,6,4,4,13.0,1.0,0
1988,Summer,JPN,14,4,3,7,11.0,3.0,0
1988,Summer,AUS,14,3,6,5,9.0,5.0,0
1988,Summer,NZL,13,3,2,8,12.0,1.0,0
1988,Summer,YUG,12,3,4,5,8.0,4.0,0
1988,Summer,SWE,11,0,4,7,10.0,1.0,0
1988,Summer,CAN,10,3,2,5,6.0,4.0,0
1988,Summer,NED,9,2,2,5,5.0,4.0,0
1988,Summer,KEN,9,5,2,2,9.0,0.0,0
1988,Summer,TCH,8,3,3,2,7.0,1.0,0
1988,Summer,BRA,6,1,2,3,6.0,0.0,0
1988,Summer,NOR,5,2,3,0,4.0,1.0,0
1988,Summer,ESP,4,1,1,2,4.0,0.0,0
1988,Summer,SUI,4,0,2,2,3.0,1.0,0
1988,Summer,FIN,4,1,1,2,4.0,0.0,0
1988,Summer,DEN,4,2,1,1,4.0,0.0,0
1988,Summer,MAR,3,1,0,2,3.0,0.0,0
1988,Summer,MEX,2,0,0,2,2.0,0.0,0
1988,Summer,JAM,2,0,2,0,1.0,1.0,0
1988,Summer,ARG,2,0,1,1,1.0,1.0,0
1988,Summer,TUR,2,1,1,0,2.0,0.0,0
1988,Summer,BEL,2,0,0,2,2.0,0.0,0
1988,Summer,DJI,1,0,0,1,1.0,0.0,0
1988,Summer,POR,1,1,0,0,0.0,1.0,0
1988,Summer,PHI,1,0,0,1,1.0,0.0,0
1988,Summer,INA,1,0,1,0,0.0,1.0,0
1988,Summer,IRI,1,0,1,0,1.0,0.0,0
1988,Summer,PAK,1,0,0,1,1.0,0.0,0
1988,Summer,CRC,1,0,1,0,0.0,1.0,0
1988,Summer,CHI,1,0,1,0,1.0,0.0,0
1988,Summer,COL,1,0,0,1,1.0,0.0,0
1988,Summer,GRE,1,0,0,1,1.0,0.0,0
1988,Summer,PER,1,0,1,0,0.0,1.0,0
1988,Summer,AUT,1,1,0,0,1.0,0.0,0
1988,Summer,SUR,1,1,0,0,1.0,0.0,0
1988,Summer,SEN,1,0,1,0,1.0,0.0,0
1988,Summer,MGL,1,0,0,1,1.0,0.0,0
1988,Summer,ISV,1,0,1,0,1.0,0.0,0
1988,Summer,AHO,1,0,1,0,1.0,0.0,0
1988,Summer,THA,1,0,0,1,1.0,0.0,0
1988,Summer,LIB,0,0,0,0,0.0,0.0,0
1988,Summer,EGY,0,0,0,0,0.0,0.0,0
1988,Summer,ALG,0,0,0,0,0.0,0.0,0
1988,Summer,MDV,0,0,0,0,0.0,0.0,0
1988,Summer,YAR,0,0,0,0,0.0,0.0,0
1988,Summer,UAE,0,0,0,0,0.0,0.0,0
1988,Summer,NGR,0,0,0,0,0.0,0.0,0
1988,Summer,KUW,0,0,0,0,0.0,0.0,0
1988,Summer,TUN,0,0,0,0,0.0,0.0,0
1988,Summer,IRQ,0,0,0,0,0.0,0.0,0
1988,Summer,NIG,0,0,0,0,0.0,0.0,0
1988,Summer,LBA,0,0,0,0,0.0,0.0,0
1988,Summer,IND,0,0,0,0,0.0,0.0,0
1988,Summer,GUY,0,0,0,0,0.0,0.0,0
1988,Summer,JOR,0,0,0,0,0.0,0.0,0
1988,Summer,URU,0,0,0,0,0.0,0.0,0
1988,Summer,CMR,0,0,0,0,0.0,0.0,0
1988,Summer,UGA,0,0,0,0,0.0,0.0,0
1988,Summer,MTN,0,0,0,0,0.0,0.0,0
1988,Summer,VIN,0,0,0,0,0.0,0.0,0
1988,Summer,PUR,0,0,0,0,0.0,0.0,0
1988,Summer,SOM,0,0,0,0,0.0,0.0,0
1988,Summer,GHA,0,0,0,0,0.0,0.0,0
1988,Summer,HAI,0,0,0,0,0.0,0.0,0
1988,Summer,MLT,0,0,0,0,0.0,0.0,0
1988,Summer,TOG,0,0,0,0,0.0,0.0,0
1988,Summer,YMD,0,0,0,0,0.0,0.0,0
1988,Summer,TAN,0,0,0,0,0.0,0.0,0
1988,Summer,KSA,0,0,0,0,0.0,0.0,0
1988,Summer,SYR,0,0,0,0,0.0,0.0,0
1988,Summer,OMA,0,0,0,0,0.0,0.0,0
1988,Summer,BRN,0,0,0,0,0.0,0.0,0
1988,Summer,QAT,0,0,0,0,0.0,0.0,0
1988,Summer,BAN,0,0,0,0,0.0,0.0,0
1988,Summer,BEN,0,0,0,0,0.0,0.0,0
1988,Summer,DOM,0,0,0,0,0.0,0.0,0
1988,Summer,BER,0,0,0,0,0.0,0.0,0
1988,Summer,SAM,0,0,0,0,0.0,0.0,0
1988,Summer,MAS,0,0,0,0,0.0,0.0,0
1988,Summer,CAF,0,0,0,0,0.0,0.0,0
1988,Summer,ISR,0,0,0,0,0.0,0.0,0
1988,Summer,COD,0,0,0,0,0.0,0.0,0
1988,Summer,GUM,0,0,0,0,0.0,0.0,0
1988,Summer,SGP,0,0,0,0,0.0,0.0,0
1988,Summer,HON,0,0,0,0,0.0,0.0,0
1988,Summer,SUD,0,0,0,0,0.0,0.0,0
1988,Summer,GUA,0,0,0,0,0.0,0.0,0
1988,Summer,ISL,0,0,0,0,0.0,0.0,0
1988,Summer,MOZ,0,0,0,0,0.0,0.0,0
1988,Summer,LUX,0,0,0,0,0.0,0.0,0
1988,Summer,IVB,0,0,0,0,0.0,0.0,0
1988,Summer,FIJ,0,0,0,0,0.0,0.0,0
1988,Summer,BAR,0,0,0,0,0.0,0.0,0
1988,Summer,HKG,0,0,0,0,0.0,0.0,0
1988,Summer,PNG,0,0,0,0,0.0,0.0,0
1988,Summer,ESA,0,0,0,0,0.0,0.0,0
1988,Summer,CYP,0,0,0,0,0.0,0.0,0
1988,Summer,CIV,0,0,0,0,0.0,0.0,0
1988,Summer,MAW,0,0,0,0,0.0,0.0,0
1988,Summer,GUI,0,0,0,0,0.0,0.0,0
1988,Summer,CAY,0,0,0,0,0.0,0.0,0
1988,Summer,ZIM,0,0,0,0,0.0,0.0,0
1988,Summer,ANG,0,0,0,0,0.0,0.0,0
1988,Summer,NEP,0,0,0,0,0.0,0.0,0
1988,Summer,LIE,0,0,0,0,0.0,0.0,0
1988,Summer,MON,0,0,0,0,0.0,0.0,0
1988,Summer,SOL,0,0,0,0,0.0,0.0,0
1988,Summer,BOL,0,0,0,0,0.0,0.0,0
1988,Summer,BIZ,0,0,0,0,0.0,0.0,0
1988,Summer,CGO,0,0,0,0,0.0,0.0,0
1988,Summer,SMR,0,0,0,0,0.0,0.0,0
1988,Summer,LBR,0,0,0,0,0.0,0.0,0
1988,Summer,PAR,0,0,0,0,0.0,0.0,0
1988,Summer,VEN,0,0,0,0,0.0,0.0,0
1988,Summer,SRI,0,0,0,0,0.0,0.0,0
1988,Summer,GEQ,0,0,0,0,0.0,0.0,0
1988,Summer,GAB,0,0,0,0,0.0,0.0,0
1988,Summer,ANT,0,0,0,0,0.0,0.0,0
1988,Summer,IRL,0,0,0,0,0.0,0.0,0
1988,Summer,ZAM,0,0,0,0,0.0,0.0,0
1988,Summer,MLI,0,0,0,0,0.0,0.0,0
1988,Summer,ECU,0,0,0,0,0.0,0.0,0
1988,Summer,TPE,0,0,0,0,0.0,0.0,0
1988,Summer,TTO,0,0,0,0,0.0,0.0,0
1988,Summer,MRI,0,0,0,0,0.0,0.0,0
1988,Summer,GRN,0,0,0,0,0.0,0.0,0
1988,Summer,BAH,0,0,0,0,0.0,0.0,0
1988,Summer,AFG,0,0,0,0,0.0,0.0,0
1988,Summer,GAM,0,0,0,0,0.0,0.0,0
1988,Summer,VAN,0,0,0,0,0.0,0.0,0
1988,Summer,VIE,0,0,0,0,0.0,0.0,0
1988,Summer,PAN,0,0,0,0,0.0,0.0,0
1988,Summer,SWZ,0,0,0,0,0.0,0.0,0
1988,Summer,SLE,0,0,0,0,0.0,0.0,0
1988,Summer,BHU,0,0,0,0,0.0,0.0,0
1988,Summer,RWA,0,0,0,0,0.0,0.0,0
1988,Summer,ASA,0,0,0,0,0.0,0.0,0
1988,Summer,TGA,0,0,0,0,0.0,0.0,0
1988,Summer,ARU,0,0,0,0,0.0,0.0,0
1988,Summer,CHA,0,0,0,0,0.0,0.0,0
1988,Summer,BOT,0,0,0,0,0.0,0.0,0
1988,Summer,AND,0,0,0,0,0.0,0.0,0
1988,Summer,BUR,0,0,0,0,0.0,0.0,0
1988,Summer,COK,0,0,0,0,0.0,0.0,0
1988,Summer,LES,0,0,0,0,0.0,0.0,0
1988,Summer,MYA,0,0,0,0,0.0,0.0,0
1988,Summer,LAO,0,0,0,0,0.0,0.0,0
1988,Winter,URS,29,11,9,9,17.0,12.0,0
1988,Winter,GDR,25,9,10,6,11.0,14.0,0
1988,Winter,SUI,15,5,5,5,8.0,7.0,0
1988,Winter,AUT,10,3,5,2,8.0,2.0,0
1988,Winter,FRG,8,2,4,2,5.0,3.0,0
1988,Winter,NED,7,3,2,2,4.0,3.0,0
1988,Winter,FIN,7,4,1,2,4.0,3.0,0
1988,Winter,SWE,6,4,0,2,6.0,0.0,0
1988,Winter,USA,6,2,1,3,3.0,3.0,0
1988,Winter,NOR,5,0,3,2,4.0,1.0,0
1988,Winter,ITA,5,2,1,2,5.0,0.0,0
1988,Winter,CAN,5,0,2,3,2.0,3.0,1
1988,Winter,TCH,3,0,1,2,3.0,0.0,0
1988,Winter,YUG,3,0,2,1,2.0,1.0,0
1988,Winter,FRA,2,1,0,1,2.0,0.0,0
1988,Winter,JPN,1,0,0,1,1.0,0.0,0
1988,Winter,LIE,1,0,0,1,1.0,0.0,0
1988,Winter,ISV,0,0,0,0,0.0,0.0,0
1988,Winter,ESP,0,0,0,0,0.0,0.0,0
1988,Winter,POL,0,0,0,0,0.0,0.0,0
1988,Winter,MAR,0,0,0,0,0.0,0.0,0
1988,Winter,BUL,0,0,0,0,0.0,0.0,0
1988,Winter,MEX,0,0,0,0,0.0,0.0,0
1988,Winter,GRE,0,0,0,0,0.0,0.0,0
1988,Winter,ROU,0,0,0,0,0.0,0.0,0
1988,Winter,BOL,0,0,0,0,0.0,0.0,0
1988,Winter,PUR,0,0,0,0,0.0,0.0,0
1988,Winter,ARG,0,0,0,0,0.0,0.0,0
1988,Winter,CYP,0,0,0,0,0.0,0.0,0
1988,Winter,GBR,0,0,0,0,0.0,0.0,0
1988,Winter,KOR,0,0,0,0,0.0,0.0,0
1988,Winter,GUM,0,0,0,0,0.0,0.0,0
1988,Winter,POR,0,0,0,0,0.0,0.0,0
1988,Winter,MON,0,0,0,0,0.0,0.0,0
1988,Winter,AUS,0,0,0,0,0.0,0.0,0
1988,Winter,TUR,0,0,0,0,0.0,0.0,0
1988,Winter,GUA,0,0,0,0,0.0,0.0,0
1988,Winter,SMR,0,0,0,0,0.0,0.0,0
1988,Winter,AHO,0,0,0,0,0.0,0.0,0
1988,Winter,TPE,0,0,0,0,0.0,0.0,0
1988,Winter,NZL,0,0,0,0,0.0,0.0,0
1988,Winter,MGL,0,0,0,0,0.0,0.0,0
1988,Winter,IND,0,0,0,0,0.0,0.0,0
1988,Winter,DEN,0,0,0,0,0.0,0.0,0
1988,Winter,HUN,0,0,0,0,0.0,0.0,0
1988,Winter,AND,0,0,0,0,0.0,0.0,0
1988,Winter,LUX,0,0,0,0,0.0,0.0,0
1988,Winter,PRK,0,0,0,0,0.0,0.0,0
1988,Winter,JAM,0,0,0,0,0.0,0.0,0
1988,Winter,ISL,0,0,0,0,0.0,0.0,0
1988,Winter,CHN,0,0,0,0,0.0,0.0,0
1988,Winter,CRC,0,0,0,0,0.0,0.0,0
1988,Winter,CHI,0,0,0,0,0.0,0.0,0
1988,Winter,LIB,0,0,0,0,0.0,0.0,0
1988,Winter,PHI,0,0,0,0,0.0,0.0,0
1988,Winter,BEL,0,0,0,0,0.0,0.0,0
1988,Winter,FIJ,0,0,0,0,0.0,0.0,0
1992,Summer,EUN,112,45,38,29,75.0,37.0,0
1992,Summer,USA,108,37,34,37,63.0,45.0,0
1992,Summer,GER,82,33,21,28,50.0,32.0,0
1992,Summer,CHN,53,16,22,15,19.0,34.0,0
1992,Summer,CUB,31,14,6,11,23.0,8.0,0
1992,Summer,HUN,30,11,12,7,21.0,9.0,0
1992,Summer,FRA,29,8,5,16,22.0,7.0,0
1992,Summer,KOR,28,12,5,11,17.0,11.0,0
1992,Summer,AUS,27,7,9,11,17.0,10.0,0
1992,Summer,JPN,22,3,8,11,13.0,9.0,0
1992,Summer,ESP,22,13,7,2,14.0,8.0,1
1992,Summer,GBR,20,5,3,12,14.0,6.0,0
1992,Summer,ITA,19,6,5,8,16.0,3.0,0
1992,Summer,POL,19,3,6,10,17.0,2.0,0
1992,Summer,CAN,18,7,4,7,11.0,7.0,0
1992,Summer,ROU,18,4,6,8,7.0,11.0,0
1992,Summer,BUL,16,3,7,6,11.0,5.0,0
1992,Summer,NED,15,2,6,7,9.0,6.0,0
1992,Summer,SWE,12,1,7,4,10.0,2.0,0
1992,Summer,NZL,10,1,4,5,6.0,4.0,0
1992,Summer,PRK,9,4,0,5,7.0,2.0,0
1992,Summer,KEN,8,2,4,2,8.0,0.0,0
1992,Summer,NOR,7,2,4,1,5.0,2.0,0
1992,Summer,TCH,7,4,2,1,7.0,0.0,0
1992,Summer,DEN,6,1,1,4,6.0,0.0,0
1992,Summer,TUR,6,2,2,2,5.0,1.0,0
1992,Summer,FIN,5,1,2,2,5.0,0.0,0
1992,Summer,INA,5,2,2,1,4.0,1.0,0
1992,Summer,NGR,4,0,3,1,3.0,1.0,0
1992,Summer,JAM,4,0,3,1,1.0,3.0,0
1992,Summer,ETH,3,1,0,2,2.0,1.0,0
1992,Summer,MAR,3,1,1,1,3.0,0.0,0
1992,Summer,BRA,3,2,1,0,3.0,0.0,0
1992,Summer,IRI,3,0,1,2,3.0,0.0,0
1992,Summer,CRO,3,0,1,2,3.0,0.0,0
1992,Summer,IOA,3,0,1,2,1.0,2.0,0
1992,Summer,BEL,3,0,1,2,1.0,2.0,0
1992,Summer,LAT,3,0,2,1,3.0,0.0,0
1992,Summer,EST,2,1,0,1,1.0,1.0,0
1992,Summer,ALG,2,1,0,1,1.0,1.0,0
1992,Summer,RSA,2,0,2,0,1.0,1.0,0
1992,Summer,ISR,2,0,1,1,1.0,1.0,0
1992,Summer,AUT,2,0,2,0,2.0,0.0,0
1992,Summer,GRE,2,2,0,0,1.0,1.0,0
1992,Summer,MGL,2,0,0,2,1.0,1.0,0
1992,Summer,LTU,2,1,0,1,2.0,0.0,0
1992,Summer,IRL,2,1,1,0,2.0,0.0,0
1992,Summer,SLO,2,0,0,2,2.0,0.0,0
1992,Summer,NAM,2,0,2,0,2.0,0.0,0
1992,Summer,PAK,1,0,0,1,1.0,0.0,0
1992,Summer,QAT,1,0,0,1,1.0,0.0,0
1992,Summer,MAS,1,0,0,1,1.0,0.0,0
1992,Summer,PUR,1,0,0,1,1.0,0.0,0
1992,Summer,COL,1,0,0,1,0.0,1.0,0
1992,Summer,GHA,1,0,0,1,1.0,0.0,0
1992,Summer,MEX,1,0,1,0,1.0,0.0,0
1992,Summer,SUI,1,1,0,0,1.0,0.0,0
1992,Summer,ARG,1,0,0,1,1.0,0.0,0
1992,Summer,PHI,1,0,0,1,1.0,0.0,0
1992,Summer,PER,1,0,1,0,1.0,0.0,0
1992,Summer,SUR,1,0,0,1,1.0,0.0,0
1992,Summer,THA,1,0,0,1,1.0,0.0,0
1992,Summer,TPE,1,0,1,0,1.0,0.0,0
1992,Summer,BAH,1,0,0,1,1.0,0.0,0
1992,Summer,CHA,0,0,0,0,0.0,0.0,0
1992,Summer,CHI,0,0,0,0,0.0,0.0,0
1992,Summer,EGY,0,0,0,0,0.0,0.0,0
1992,Summer,DJI,0,0,0,0,0.0,0.0,0
1992,Summer,IRQ,0,0,0,0,0.0,0.0,0
1992,Summer,KUW,0,0,0,0,0.0,0.0,0
1992,Summer,SGP,0,0,0,0,0.0,0.0,0
1992,Summer,CIV,0,0,0,0,0.0,0.0,0
1992,Summer,IND,0,0,0,0,0.0,0.0,0
1992,Summer,POR,0,0,0,0,0.0,0.0,0
1992,Summer,SEY,0,0,0,0,0.0,0.0,0
1992,Summer,BEN,0,0,0,0,0.0,0.0,0
1992,Summer,PAN,0,0,0,0,0.0,0.0,0
1992,Summer,NCA,0,0,0,0,0.0,0.0,0
1992,Summer,TOG,0,0,0,0,0.0,0.0,0
1992,Summer,LBA,0,0,0,0,0.0,0.0,0
1992,Summer,MTN,0,0,0,0,0.0,0.0,0
1992,Summer,UAE,0,0,0,0,0.0,0.0,0
1992,Summer,BRN,0,0,0,0,0.0,0.0,0
1992,Summer,OMA,0,0,0,0,0.0,0.0,0
1992,Summer,SYR,0,0,0,0,0.0,0.0,0
1992,Summer,KSA,0,0,0,0,0.0,0.0,0
1992,Summer,YEM,0,0,0,0,0.0,0.0,0
1992,Summer,JOR,0,0,0,0,0.0,0.0,0
1992,Summer,ISV,0,0,0,0,0.0,0.0,0
1992,Summer,SAM,0,0,0,0,0.0,0.0,0
1992,Summer,BAR,0,0,0,0,0.0,0.0,0
1992,Summer,GUM,0,0,0,0,0.0,0.0,0
1992,Summer,PAR,0,0,0,0,0.0,0.0,0
1992,Summer,CRC,0,0,0,0,0.0,0.0,0
1992,Summer,CAF,0,0,0,0,0.0,0.0,0
1992,Summer,SLE,0,0,0,0,0.0,0.0,0
1992,Summer,BAN,0,0,0,0,0.0,0.0,0
1992,Summer,SRI,0,0,0,0,0.0,0.0,0
1992,Summer,SMR,0,0,0,0,0.0,0.0,0
1992,Summer,MDV,0,0,0,0,0.0,0.0,0
1992,Summer,COD,0,0,0,0,0.0,0.0,0
1992,Summer,ISL,0,0,0,0,0.0,0.0,0
1992,Summer,GEQ,0,0,0,0,0.0,0.0,0
1992,Summer,BOL,0,0,0,0,0.0,0.0,0
1992,Summer,ANT,0,0,0,0,0.0,0.0,0
1992,Summer,DOM,0,0,0,0,0.0,0.0,0
1992,Summer,LIB,0,0,0,0,0.0,0.0,0
1992,Summer,SOL,0,0,0,0,0.0,0.0,0
1992,Summer,SEN,0,0,0,0,0.0,0.0,0
1992,Summer,HKG,0,0,0,0,0.0,0.0,0
1992,Summer,GUA,0,0,0,0,0.0,0.0,0
1992,Summer,CYP,0,0,0,0,0.0,0.0,0
1992,Summer,PNG,0,0,0,0,0.0,0.0,0
1992,Summer,GUI,0,0,0,0,0.0,0.0,0
1992,Summer,CAY,0,0,0,0,0.0,0.0,0
1992,Summer,HON,0,0,0,0,0.0,0.0,0
1992,Summer,TUN,0,0,0,0,0.0,0.0,0
1992,Summer,AND,0,0,0,0,0.0,0.0,0
1992,Summer,CGO,0,0,0,0,0.0,0.0,0
1992,Summer,ALB,0,0,0,0,0.0,0.0,0
1992,Summer,LIE,0,0,0,0,0.0,0.0,0
1992,Summer,FIJ,0,0,0,0,0.0,0.0,0
1992,Summer,TTO,0,0,0,0,0.0,0.0,0
1992,Summer,GAB,0,0,0,0,0.0,0.0,0
1992,Summer,BER,0,0,0,0,0.0,0.0,0
1992,Summer,ASA,0,0,0,0,0.0,0.0,0
1992,Summer,BIH,0,0,0,0,0.0,0.0,0
1992,Summer,TAN,0,0,0,0,0.0,0.0,0
1992,Summer,ZAM,0,0,0,0,0.0,0.0,0
1992,Summer,ECU,0,0,0,0,0.0,0.0,0
1992,Summer,ANG,0,0,0,0,0.0,0.0,0
1992,Summer,GUY,0,0,0,0,0.0,0.0,0
1992,Summer,MLT,0,0,0,0,0.0,0.0,0
1992,Summer,BIZ,0,0,0,0,0.0,0.0,0
1992,Summer,URU,0,0,0,0,0.0,0.0,0
1992,Summer,ZIM,0,0,0,0,0.0,0.0,0
1992,Summer,MRI,0,0,0,0,0.0,0.0,0
1992,Summer,LUX,0,0,0,0,0.0,0.0,0
1992,Summer,VIN,0,0,0,0,0.0,0.0,0
1992,Summer,MLI,0,0,0,0,0.0,0.0,0
1992,Summer,AHO,0,0,0,0,0.0,0.0,0
1992,Summer,VIE,0,0,0,0,0.0,0.0,0
1992,Summer,VEN,0,0,0,0,0.0,0.0,0
1992,Summer,MON,0,0,0,0,0.0,0.0,0
1992,Summer,ARU,0,0,0,0,0.0,0.0,0
1992,Summer,BOT,0,0,0,0,0.0,0.0,0
1992,Summer,SWZ,0,0,0,0,0.0,0.0,0
1992,Summer,SUD,0,0,0,0,0.0,0.0,0
1992,Summer,MOZ,0,0,0,0,0.0,0.0,0
1992,Summer,GRN,0,0,0,0,0.0,0.0,0
1992,Summer,VAN,0,0,0,0,0.0,0.0,0
1992,Summer,BUR,0,0,0,0,0.0,0.0,0
1992,Summer,IVB,0,0,0,0,0.0,0.0,0
1992,Summer,HAI,0,0,0,0,0.0,0.0,0
1992,Summer,ESA,0,0,0,0,0.0,0.0,0
1992,Summer,NIG,0,0,0,0,0.0,0.0,0
1992,Summer,GAM,0,0,0,0,0.0,0.0,0
1992,Summer,BHU,0,0,0,0,0.0,0.0,0
1992,Summer,CMR,0,0,0,0,0.0,0.0,0
1992,Summer,LAO,0,0,0,0,0.0,0.0,0
1992,Summer,MYA,0,0,0,0,0.0,0.0,0
1992,Summer,TGA,0,0,0,0,0.0,0.0,0
1992,Summer,UGA,0,0,0,0,0.0,0.0,0
1992,Summer,LES,0,0,0,0,0.0,0.0,0
1992,Summer,RWA,0,0,0,0,0.0,0.0,0
1992,Summer,MAW,0,0,0,0,0.0,0.0,0
1992,Summer,COK,0,0,0,0,0.0,0.0,0
1992,Summer,MAD,0,0,0,0,0.0,0.0,0
1992,Summer,NEP,0,0,0,0,0.0,0.0,0
1992,Winter,GER,26,10,10,6,12.0,14.0,0
1992,Winter,EUN,23,9,6,8,5.0,18.0,0
1992,Winter,AUT,21,6,7,8,13.0,8.0,0
1992,Winter,NOR,17,7,5,5,15.0,2.0,0
1992,Winter,ITA,14,4,6,4,10.0,4.0,0
1992,Winter,USA,11,5,4,2,2.0,9.0,0
1992,Winter,FRA,9,3,5,1,5.0,4.0,1
1992,Winter,JPN,7,1,2,4,5.0,2.0,0
1992,Winter,CAN,7,2,3,2,3.0,4.0,0
1992,Winter,FIN,7,3,1,3,5.0,2.0,0
1992,Winter,NED,4,1,1,2,4.0,0.0,0
1992,Winter,SWE,4,1,0,3,3.0,1.0,0
1992,Winter,KOR,4,2,1,1,4.0,0.0,0
1992,Winter,SUI,3,1,0,2,3.0,0.0,0
1992,Winter,TCH,3,0,0,3,3.0,0.0,0
1992,Winter,CHN,3,0,3,0,0.0,3.0,0
1992,Winter,LUX,2,0,2,0,2.0,0.0,0
1992,Winter,ESP,1,0,0,1,0.0,1.0,0
1992,Winter,PRK,1,0,0,1,0.0,1.0,0
1992,Winter,NZL,1,0,1,0,0.0,1.0,0
1992,Winter,ISV,0,0,0,0,0.0,0.0,0
1992,Winter,LIB,0,0,0,0,0.0,0.0,0
1992,Winter,POL,0,0,0,0,0.0,0.0,0
1992,Winter,MAR,0,0,0,0,0.0,0.0,0
1992,Winter,ARG,0,0,0,0,0.0,0.0,0
1992,Winter,BUL,0,0,0,0,0.0,0.0,0
1992,Winter,MGL,0,0,0,0,0.0,0.0,0
1992,Winter,MEX,0,0,0,0,0.0,0.0,0
1992,Winter,PUR,0,0,0,0,0.0,0.0,0
1992,Winter,GRE,0,0,0,0,0.0,0.0,0
1992,Winter,LAT,0,0,0,0,0.0,0.0,0
1992,Winter,ROU,0,0,0,0,0.0,0.0,0
1992,Winter,BRA,0,0,0,0,0.0,0.0,0
1992,Winter,BOL,0,0,0,0,0.0,0.0,0
1992,Winter,CYP,0,0,0,0,0.0,0.0,0
1992,Winter,GBR,0,0,0,0,0.0,0.0,0
1992,Winter,YUG,0,0,0,0,0.0,0.0,0
1992,Winter,HUN,0,0,0,0,0.0,0.0,0
1992,Winter,SLO,0,0,0,0,0.0,0.0,0
1992,Winter,MON,0,0,0,0,0.0,0.0,0
1992,Winter,DEN,0,0,0,0,0.0,0.0,0
1992,Winter,TUR,0,0,0,0,0.0,0.0,0
1992,Winter,ISL,0,0,0,0,0.0,0.0,0
1992,Winter,BEL,0,0,0,0,0.0,0.0,0
1992,Winter,ALG,0,0,0,0,0.0,0.0,0
1992,Winter,LIE,0,0,0,0,0.0,0.0,0
1992,Winter,AUS,0,0,0,0,0.0,0.0,0
1992,Winter,AHO,0,0,0,0,0.0,0.0,0
1992,Winter,TPE,0,0,0,0,0.0,0.0,0
1992,Winter,CRC,0,0,0,0,0.0,0.0,0
1992,Winter,IND,0,0,0,0,0.0,0.0,0
1992,Winter,CRO,0,0,0,0,0.0,0.0,0
1992,Winter,LTU,0,0,0,0,0.0,0.0,0
1992,Winter,SMR,0,0,0,0,0.0,0.0,0
1992,Winter,AND,0,0,0,0,0.0,0.0,0
1992,Winter,SWZ,0,0,0,0,0.0,0.0,0
1992,Winter,SEN,0,0,0,0,0.0,0.0,0
1992,Winter,JAM,0,0,0,0,0.0,0.0,0
1992,Winter,EST,0,0,0,0,0.0,0.0,0
1992,Winter,CHI,0,0,0,0,0.0,0.0,0
1992,Winter,IRL,0,0,0,0,0.0,0.0,0
1992,Winter,HON,0,0,0,0,0.0,0.0,0
1992,Winter,BER,0,0,0,0,0.0,0.0,0
1992,Winter,PHI,0,0,0,0,0.0,0.0,0
1994,Winter,GER,24,9,7,8,13.0,11.0,0
1994,Winter,NOR,23,8,10,5,19.0,4.0,1
1994,Winter,RUS,23,11,8,4,10.0,13.0,0
1994,Winter,ITA,20,7,5,8,10.0,10.0,0
1994,Winter,USA,13,6,5,2,4.0,9.0,0
1994,Winter,CAN,13,3,6,4,7.0,6.0,0
1994,Winter,SUI,9,3,4,2,6.0,3.0,0
1994,Winter,AUT,9,2,3,4,5.0,4.0,0
1994,Winter,FIN,6,0,1,5,4.0,2.0,0
1994,Winter,KOR,6,4,1,1,3.0,3.0,0
1994,Winter,JPN,5,1,2,2,4.0,1.0,0
1994,Winter,FRA,5,0,1,4,3.0,2.0,0
1994,Winter,NED,4,0,1,3,4.0,0.0,0
1994,Winter,SWE,3,2,1,0,1.0,2.0,0
1994,Winter,KAZ,3,1,2,0,3.0,0.0,0
1994,Winter,CHN,3,0,1,2,0.0,3.0,0
1994,Winter,SLO,3,0,0,3,1.0,2.0,0
1994,Winter,UKR,2,1,0,1,0.0,2.0,0
1994,Winter,GBR,2,0,0,2,2.0,0.0,0
1994,Winter,BLR,2,0,2,0,1.0,1.0,0
1994,Winter,AUS,1,0,0,1,1.0,0.0,0
1994,Winter,UZB,1,1,0,0,0.0,1.0,0
1994,Winter,ISV,0,0,0,0,0.0,0.0,0
1994,Winter,GEO,0,0,0,0,0.0,0.0,0
1994,Winter,BUL,0,0,0,0,0.0,0.0,0
1994,Winter,CZE,0,0,0,0,0.0,0.0,0
1994,Winter,DEN,0,0,0,0,0.0,0.0,0
1994,Winter,ARM,0,0,0,0,0.0,0.0,0
1994,Winter,EST,0,0,0,0,0.0,0.0,0
1994,Winter,PUR,0,0,0,0,0.0,0.0,0
1994,Winter,GRE,0,0,0,0,0.0,0.0,0
1994,Winter,ESP,0,0,0,0,0.0,0.0,0
1994,Winter,ROU,0,0,0,0,0.0,0.0,0
1994,Winter,ISL,0,0,0,0,0.0,0.0,0
1994,Winter,LAT,0,0,0,0,0.0,0.0,0
1994,Winter,BIH,0,0,0,0,0.0,0.0,0
1994,Winter,SVK,0,0,0,0,0.0,0.0,0
1994,Winter,MGL,0,0,0,0,0.0,0.0,0
1994,Winter,ARG,0,0,0,0,0.0,0.0,0
1994,Winter,HUN,0,0,0,0,0.0,0.0,0
1994,Winter,MON,0,0,0,0,0.0,0.0,0
1994,Winter,BEL,0,0,0,0,0.0,0.0,0
1994,Winter,POL,0,0,0,0,0.0,0.0,0
1994,Winter,LIE,0,0,0,0,0.0,0.0,0
1994,Winter,TPE,0,0,0,0,0.0,0.0,0
1994,Winter,NZL,0,0,0,0,0.0,0.0,0
1994,Winter,SMR,0,0,0,0,0.0,0.0,0
1994,Winter,LTU,0,0,0,0,0.0,0.0,0
1994,Winter,AND,0,0,0,0,0.0,0.0,0
1994,Winter,CYP,0,0,0,0,0.0,0.0,0
1994,Winter,MDA,0,0,0,0,0.0,0.0,0
1994,Winter,LUX,0,0,0,0,0.0,0.0,0
1994,Winter,SEN,0,0,0,0,0.0,0.0,0
1994,Winter,TTO,0,0,0,0,0.0,0.0,0
1994,Winter,ASA,0,0,0,0,0.0,0.0,0
1994,Winter,CHI,0,0,0,0,0.0,0.0,0
1994,Winter,POR,0,0,0,0,0.0,0.0,0
1994,Winter,RSA,0,0,0,0,0.0,0.0,0
1994,Winter,BRA,0,0,0,0,0.0,0.0,0
1994,Winter,CRO,0,0,0,0,0.0,0.0,0
1994,Winter,BER,0,0,0,0,0.0,0.0,0
1994,Winter,FIJ,0,0,0,0,0.0,0.0,0
1994,Winter,KGZ,0,0,0,0,0.0,0.0,0
1994,Winter,ISR,0,0,0,0,0.0,0.0,0
1994,Winter,JAM,0,0,0,0,0.0,0.0,0
1994,Winter,MEX,0,0,0,0,0.0,0.0,0
1994,Winter,TUR,0,0,0,0,0.0,0.0,0
1996,Summer,USA,101,44,32,25,61.0,40.0,1
1996,Summer,GER,65,20,18,27,42.0,23.0,0
1996,Summer,RUS,63,26,21,16,45.0,18.0,0
1996,Summer,CHN,50,16,22,12,22.0,28.0,0
1996,Summer,AUS,41,9,9,23,24.0,17.0,0
1996,Summer,FRA,37,15,7,15,21.0,16.0,0
1996,Summer,ITA,35,13,10,12,22.0,13.0,0
1996,Summer,KOR,27,7,15,5,14.0,13.0,0
1996,Summer,CUB,25,9,8,8,18.0,7.0,0
1996,Summer,UKR,23,9,2,12,13.0,10.0,0
1996,Summer,CAN,22,3,11,8,11.0,11.0,0
1996,Summer,HUN,21,7,4,10,15.0,6.0,0
1996,Summer,NED,19,4,5,10,8.0,11.0,0
1996,Summer,ROU,19,4,7,8,7.0,12.0,0
1996,Summer,ESP,17,5,6,6,11.0,6.0,0
1996,Summer,POL,17,7,5,5,13.0,4.0,0
1996,Summer,BRA,15,3,3,9,11.0,4.0,0
1996,Summer,GBR,15,1,8,6,14.0,1.0,0
1996,Summer,BLR,15,1,6,8,11.0,4.0,0
1996,Summer,BUL,15,3,7,5,11.0,4.0,0
1996,Summer,JPN,14,3,6,5,7.0,7.0,0
1996,Summer,KAZ,11,3,4,4,11.0,0.0,0
1996,Summer,CZE,11,4,3,4,7.0,4.0,0
1996,Summer,GRE,8,4,4,0,7.0,1.0,0
1996,Summer,KEN,8,1,4,3,7.0,1.0,0
1996,Summer,SWE,8,2,4,2,5.0,3.0,0
1996,Summer,NOR,7,2,2,3,5.0,2.0,0
1996,Summer,SUI,7,4,3,0,6.0,1.0,0
1996,Summer,TUR,6,4,1,1,6.0,0.0,0
1996,Summer,NGR,6,2,1,3,2.0,4.0,0
1996,Summer,DEN,6,4,1,1,3.0,3.0,0
1996,Summer,NZL,6,3,2,1,4.0,2.0,0
1996,Summer,JAM,6,1,3,2,2.0,4.0,0
1996,Summer,BEL,6,2,2,2,3.0,3.0,0
1996,Summer,RSA,5,3,1,1,2.0,3.0,0
1996,Summer,PRK,5,2,1,2,4.0,1.0,0
1996,Summer,FIN,4,1,2,1,3.0,1.0,0
1996,Summer,IRL,4,3,0,1,0.0,4.0,0
1996,Summer,INA,4,1,1,2,2.0,2.0,0
1996,Summer,SCG,4,1,1,2,2.0,2.0,0
1996,Summer,ALG,3,2,0,1,3.0,0.0,0
1996,Summer,ETH,3,2,0,1,1.0,2.0,0
1996,Summer,ARG,3,0,2,1,3.0,0.0,0
1996,Summer,SVK,3,1,1,1,3.0,0.0,0
1996,Summer,AUT,3,0,1,2,2.0,1.0,0
1996,Summer,IRI,3,1,1,1,3.0,0.0,0
1996,Summer,MAS,2,0,1,1,2.0,0.0,0
1996,Summer,UZB,2,0,1,1,2.0,0.0,0
1996,Summer,GEO,2,0,0,2,2.0,0.0,0
1996,Summer,SLO,2,0,2,0,1.0,1.0,0
1996,Summer,POR,2,1,0,1,1.0,1.0,0
1996,Summer,MAR,2,0,0,2,2.0,0.0,0
1996,Summer,CRO,2,1,1,0,2.0,0.0,0
1996,Summer,MDA,2,0,1,1,2.0,0.0,0
1996,Summer,TTO,2,0,0,2,2.0,0.0,0
1996,Summer,ARM,2,1,1,0,2.0,0.0,0
1996,Summer,NAM,2,0,2,0,2.0,0.0,0
1996,Summer,THA,2,1,0,1,2.0,0.0,0
1996,Summer,AZE,1,0,1,0,1.0,0.0,0
1996,Summer,IND,1,0,0,1,1.0,0.0,0
1996,Summer,MEX,1,0,0,1,1.0,0.0,0
1996,Summer,UGA,1,0,0,1,1.0,0.0,0
1996,Summer,SYR,1,1,0,0,0.0,1.0,0
1996,Summer,PUR,1,0,0,1,1.0,0.0,0
1996,Summer,TUN,1,0,0,1,1.0,0.0,0
1996,Summer,LTU,1,0,0,1,1.0,0.0,0
1996,Summer,ISR,1,0,0,1,1.0,0.0,0
1996,Summer,TPE,1,0,1,0,0.0,1.0,0
1996,Summer,MGL,1,0,0,1,1.0,0.0,0
1996,Summer,LAT,1,0,1,0,1.0,0.0,0
1996,Summer,CRC,1,1,0,0,0.0,1.0,0
1996,Summer,PHI,1,0,1,0,1.0,0.0,0
1996,Summer,ECU,1,1,0,0,1.0,0.0,0
1996,Summer,HKG,1,1,0,0,0.0,1.0,0
1996,Summer,ZAM,1,0,1,0,1.0,0.0,0
1996,Summer,BAH,1,0,1,0,0.0,1.0,0
1996,Summer,BDI,1,1,0,0,1.0,0.0,0
1996,Summer,TGA,1,0,1,0,1.0,0.0,0
1996,Summer,MOZ,1,0,0,1,0.0,1.0,0
1996,Summer,EST,0,0,0,0,0.0,0.0,0
1996,Summer,PAK,0,0,0,0,0.0,0.0,0
1996,Summer,EGY,0,0,0,0,0.0,0.0,0
1996,Summer,LBA,0,0,0,0,0.0,0.0,0
1996,Summer,QAT,0,0,0,0,0.0,0.0,0
1996,Summer,COM,0,0,0,0,0.0,0.0,0
1996,Summer,CHA,0,0,0,0,0.0,0.0,0
1996,Summer,BRU,0,0,0,0,0.0,0.0,0
1996,Summer,UAE,0,0,0,0,0.0,0.0,0
1996,Summer,SGP,0,0,0,0,0.0,0.0,0
1996,Summer,CMR,0,0,0,0,0.0,0.0,0
1996,Summer,CIV,0,0,0,0,0.0,0.0,0
1996,Summer,GHA,0,0,0,0,0.0,0.0,0
1996,Summer,VEN,0,0,0,0,0.0,0.0,0
1996,Summer,PLE,0,0,0,0,0.0,0.0,0
1996,Summer,SUD,0,0,0,0,0.0,0.0,0
1996,Summer,SOM,0,0,0,0,0.0,0.0,0
1996,Summer,SUR,0,0,0,0,0.0,0.0,0
1996,Summer,DMA,0,0,0,0,0.0,0.0,0
1996,Summer,HAI,0,0,0,0,0.0,0.0,0
1996,Summer,BEN,0,0,0,0,0.0,0.0,0
1996,Summer,NCA,0,0,0,0,0.0,0.0,0
1996,Summer,IRQ,0,0,0,0,0.0,0.0,0
1996,Summer,MTN,0,0,0,0,0.0,0.0,0
1996,Summer,PNG,0,0,0,0,0.0,0.0,0
1996,Summer,TOG,0,0,0,0,0.0,0.0,0
1996,Summer,KUW,0,0,0,0,0.0,0.0,0
1996,Summer,KSA,0,0,0,0,0.0,0.0,0
1996,Summer,BRN,0,0,0,0,0.0,0.0,0
1996,Summer,OMA,0,0,0,0,0.0,0.0,0
1996,Summer,YEM,0,0,0,0,0.0,0.0,0
1996,Summer,JOR,0,0,0,0,0.0,0.0,0
1996,Summer,BAN,0,0,0,0,0.0,0.0,0
1996,Summer,DOM,0,0,0,0,0.0,0.0,0
1996,Summer,KGZ,0,0,0,0,0.0,0.0,0
1996,Summer,ISL,0,0,0,0,0.0,0.0,0
1996,Summer,DJI,0,0,0,0,0.0,0.0,0
1996,Summer,GBS,0,0,0,0,0.0,0.0,0
1996,Summer,SLE,0,0,0,0,0.0,0.0,0
1996,Summer,COD,0,0,0,0,0.0,0.0,0
1996,Summer,SMR,0,0,0,0,0.0,0.0,0
1996,Summer,MDV,0,0,0,0,0.0,0.0,0
1996,Summer,LAO,0,0,0,0,0.0,0.0,0
1996,Summer,SOL,0,0,0,0,0.0,0.0,0
1996,Summer,CPV,0,0,0,0,0.0,0.0,0
1996,Summer,CYP,0,0,0,0,0.0,0.0,0
1996,Summer,HON,0,0,0,0,0.0,0.0,0
1996,Summer,COL,0,0,0,0,0.0,0.0,0
1996,Summer,CHI,0,0,0,0,0.0,0.0,0
1996,Summer,PER,0,0,0,0,0.0,0.0,0
1996,Summer,GEQ,0,0,0,0,0.0,0.0,0
1996,Summer,TKM,0,0,0,0,0.0,0.0,0
1996,Summer,IVB,0,0,0,0,0.0,0.0,0
1996,Summer,SEY,0,0,0,0,0.0,0.0,0
1996,Summer,STP,0,0,0,0,0.0,0.0,0
1996,Summer,CGO,0,0,0,0,0.0,0.0,0
1996,Summer,VIN,0,0,0,0,0.0,0.0,0
1996,Summer,BOT,0,0,0,0,0.0,0.0,0
1996,Summer,LCA,0,0,0,0,0.0,0.0,0
1996,Summer,CAY,0,0,0,0,0.0,0.0,0
1996,Summer,AND,0,0,0,0,0.0,0.0,0
1996,Summer,URU,0,0,0,0,0.0,0.0,0
1996,Summer,ANT,0,0,0,0,0.0,0.0,0
1996,Summer,SKN,0,0,0,0,0.0,0.0,0
1996,Summer,PAN,0,0,0,0,0.0,0.0,0
1996,Summer,PAR,0,0,0,0,0.0,0.0,0
1996,Summer,BER,0,0,0,0,0.0,0.0,0
1996,Summer,MRI,0,0,0,0,0.0,0.0,0
1996,Summer,ISV,0,0,0,0,0.0,0.0,0
1996,Summer,ESA,0,0,0,0,0.0,0.0,0
1996,Summer,GUM,0,0,0,0,0.0,0.0,0
1996,Summer,CAF,0,0,0,0,0.0,0.0,0
1996,Summer,ALB,0,0,0,0,0.0,0.0,0
1996,Summer,SRI,0,0,0,0,0.0,0.0,0
1996,Summer,ANG,0,0,0,0,0.0,0.0,0
1996,Summer,ZIM,0,0,0,0,0.0,0.0,0
1996,Summer,LIE,0,0,0,0,0.0,0.0,0
1996,Summer,GUA,0,0,0,0,0.0,0.0,0
1996,Summer,NEP,0,0,0,0,0.0,0.0,0
1996,Summer,FIJ,0,0,0,0,0.0,0.0,0
1996,Summer,MLT,0,0,0,0,0.0,0.0,0
1996,Summer,TJK,0,0,0,0,0.0,0.0,0
1996,Summer,MKD,0,0,0,0,0.0,0.0,0
1996,Summer,GAB,0,0,0,0,0.0,0.0,0
1996,Summer,GRN,0,0,0,0,0.0,0.0,0
1996,Summer,ASA,0,0,0,0,0.0,0.0,0
1996,Summer,BOL,0,0,0,0,0.0,0.0,0
1996,Summer,MLI,0,0,0,0,0.0,0.0,0
1996,Summer,VIE,0,0,0,0,0.0,0.0,0
1996,Summer,LIB,0,0,0,0,0.0,0.0,0
1996,Summer,LBR,0,0,0,0,0.0,0.0,0
1996,Summer,BAR,0,0,0,0,0.0,0.0,0
1996,Summer,AHO,0,0,0,0,0.0,0.0,0
1996,Summer,BIH,0,0,0,0,0.0,0.0,0
1996,Summer,NRU,0,0,0,0,0.0,0.0,0
1996,Summer,SEN,0,0,0,0,0.0,0.0,0
1996,Summer,GUI,0,0,0,0,0.0,0.0,0
1996,Summer,MON,0,0,0,0,0.0,0.0,0
1996,Summer,ARU,0,0,0,0,0.0,0.0,0
1996,Summer,GUY,0,0,0,0,0.0,0.0,0
1996,Summer,LUX,0,0,0,0,0.0,0.0,0
1996,Summer,GAM,0,0,0,0,0.0,0.0,0
1996,Summer,BIZ,0,0,0,0,0.0,0.0,0
1996,Summer,SAM,0,0,0,0,0.0,0.0,0
1996,Summer,AFG,0,0,0,0,0.0,0.0,0
1996,Summer,CAM,0,0,0,0,0.0,0.0,0
1996,Summer,TAN,0,0,0,0,0.0,0.0,0
1996,Summer,MYA,0,0,0,0,0.0,0.0,0
1996,Summer,RWA,0,0,0,0,0.0,0.0,0
1996,Summer,VAN,0,0,0,0,0.0,0.0,0
1996,Summer,BHU,0,0,0,0,0.0,0.0,0
1996,Summer,BUR,0,0,0,0,0.0,0.0,0
1996,Summer,NIG,0,0,0,0,0.0,0.0,0
1996,Summer,LES,0,0,0,0,0.0,0.0,0
1996,Summer,SWZ,0,0,0,0,0.0,0.0,0
1996,Summer,MAW,0,0,0,0,0.0,0.0,0
1996,Summer,COK,0,0,0,0,0.0,0.0,0
1996,Summer,MAD,0,0,0,0,0.0,0.0,0
1998,Winter,GER,29,12,9,8,8.0,21.0,0
1998,Winter,NOR,22,8,9,5,16.0,6.0,0
1998,Winter,RUS,18,9,6,3,5.0,13.0,0
1998,Winter,AUT,17,3,5,9,12.0,5.0,0
1998,Winter,CAN,15,6,5,4,8.0,7.0,0
1998,Winter,USA,13,6,3,4,5.0,8.0,0
1998,Winter,FIN,12,2,4,6,11.0,1.0,0
1998,Winter,NED,11,5,4,2,9.0,2.0,0
1998,Winter,ITA,10,2,6,2,6.0,4.0,0
1998,Winter,JPN,10,5,1,4,8.0,2.0,1
1998,Winter,FRA,8,2,1,5,5.0,3.0,0
1998,Winter,CHN,8,0,6,2,3.0,5.0,0
1998,Winter,SUI,7,2,2,3,6.0,1.0,0
1998,Winter,KOR,6,3,1,2,2.0,4.0,0
1998,Winter,CZE,3,1,1,1,1.0,2.0,0
1998,Winter,SWE,3,0,2,1,1.0,2.0,0
1998,Winter,BLR,2,0,0,2,2.0,0.0,0
1998,Winter,KAZ,2,0,0,2,1.0,1.0,0
1998,Winter,GBR,1,0,0,1,1.0,0.0,0
1998,Winter,UKR,1,0,1,0,0.0,1.0,0
1998,Winter,AUS,1,0,0,1,0.0,1.0,0
1998,Winter,BUL,1,1,0,0,0.0,1.0,0
1998,Winter,DEN,1,0,1,0,0.0,1.0,0
1998,Winter,BEL,1,0,0,1,1.0,0.0,0
1998,Winter,EST,0,0,0,0,0.0,0.0,0
1998,Winter,ISV,0,0,0,0,0.0,0.0,0
1998,Winter,LAT,0,0,0,0,0.0,0.0,0
1998,Winter,GEO,0,0,0,0,0.0,0.0,0
1998,Winter,POL,0,0,0,0,0.0,0.0,0
1998,Winter,TUR,0,0,0,0,0.0,0.0,0
1998,Winter,PUR,0,0,0,0,0.0,0.0,0
1998,Winter,GRE,0,0,0,0,0.0,0.0,0
1998,Winter,ESP,0,0,0,0,0.0,0.0,0
1998,Winter,AZE,0,0,0,0,0.0,0.0,0
1998,Winter,ROU,0,0,0,0,0.0,0.0,0
1998,Winter,BRA,0,0,0,0,0.0,0.0,0
1998,Winter,ISL,0,0,0,0,0.0,0.0,0
1998,Winter,SVK,0,0,0,0,0.0,0.0,0
1998,Winter,HUN,0,0,0,0,0.0,0.0,0
1998,Winter,LTU,0,0,0,0,0.0,0.0,0
1998,Winter,MGL,0,0,0,0,0.0,0.0,0
1998,Winter,BIH,0,0,0,0,0.0,0.0,0
1998,Winter,NZL,0,0,0,0,0.0,0.0,0
1998,Winter,MON,0,0,0,0,0.0,0.0,0
1998,Winter,VEN,0,0,0,0,0.0,0.0,0
1998,Winter,KEN,0,0,0,0,0.0,0.0,0
1998,Winter,SLO,0,0,0,0,0.0,0.0,0
1998,Winter,LIE,0,0,0,0,0.0,0.0,0
1998,Winter,MDA,0,0,0,0,0.0,0.0,0
1998,Winter,ARG,0,0,0,0,0.0,0.0,0
1998,Winter,ISR,0,0,0,0,0.0,0.0,0
1998,Winter,TPE,0,0,0,0,0.0,0.0,0
1998,Winter,UZB,0,0,0,0,0.0,0.0,0
1998,Winter,ARM,0,0,0,0,0.0,0.0,0
1998,Winter,MKD,0,0,0,0,0.0,0.0,0
1998,Winter,IRL,0,0,0,0,0.0,0.0,0
1998,Winter,SCG,0,0,0,0,0.0,0.0,0
1998,Winter,AND,0,0,0,0,0.0,0.0,0
1998,Winter,CRO,0,0,0,0,0.0,0.0,0
1998,Winter,CHI,0,0,0,0,0.0,0.0,0
1998,Winter,PRK,0,0,0,0,0.0,0.0,0
1998,Winter,JAM,0,0,0,0,0.0,0.0,0
1998,Winter,TTO,0,0,0,0,0.0,0.0,0
1998,Winter,RSA,0,0,0,0,0.0,0.0,0
1998,Winter,URU,0,0,0,0,0.0,0.0,0
1998,Winter,IND,0,0,0,0,0.0,0.0,0
1998,Winter,POR,0,0,0,0,0.0,0.0,0
1998,Winter,LUX,0,0,0,0,0.0,0.0,0
1998,Winter,IRI,0,0,0,0,0.0,0.0,0
1998,Winter,BER,0,0,0,0,0.0,0.0,0
1998,Winter,KGZ,0,0,0,0,0.0,0.0,0
1998,Winter,CYP,0,0,0,0,0.0,0.0,0
2000,Summer,USA,91,36,24,31,52.0,39.0,0
2000,Summer,RUS,89,32,28,29,53.0,36.0,0
2000,Summer,AUS,58,16,25,17,36.0,22.0,1
2000,Summer,CHN,58,28,16,14,23.0,35.0,0
2000,Summer,GER,56,13,17,26,35.0,21.0,0
2000,Summer,FRA,38,13,14,11,26.0,12.0,0
2000,Summer,ITA,34,13,8,13,23.0,11.0,0
2000,Summer,CUB,29,11,11,7,22.0,7.0,0
2000,Summer,GBR,28,11,10,7,18.0,10.0,0
2000,Summer,KOR,28,8,10,10,17.0,11.0,0
2000,Summer,ROU,26,11,6,9,7.0,19.0,0
2000,Summer,NED,25,12,9,4,10.0,15.0,0
2000,Summer,UKR,23,3,10,10,14.0,9.0,0
2000,Summer,JPN,18,5,8,5,5.0,13.0,0
2000,Summer,HUN,17,8,6,3,10.0,7.0,0
2000,Summer,BLR,17,3,3,11,9.0,8.0,0
2000,Summer,CAN,14,3,3,8,7.0,7.0,0
2000,Summer,POL,14,6,5,3,9.0,5.0,0
2000,Summer,GRE,13,4,6,3,8.0,5.0,0
2000,Summer,BUL,13,5,6,2,10.0,3.0,0
2000,Summer,SWE,12,4,5,3,7.0,5.0,0
2000,Summer,BRA,12,0,6,6,8.0,4.0,0
2000,Summer,ESP,11,3,3,5,7.0,4.0,0
2000,Summer,NOR,10,4,3,3,5.0,5.0,0
2000,Summer,JAM,9,0,6,3,2.0,7.0,0
2000,Summer,SUI,9,1,6,2,4.0,5.0,0
2000,Summer,ETH,8,4,1,3,5.0,3.0,0
2000,Summer,CZE,8,2,3,3,7.0,1.0,0
2000,Summer,KAZ,7,3,4,0,6.0,1.0,0
2000,Summer,KEN,7,2,3,2,6.0,1.0,0
2000,Summer,MEX,6,1,2,3,5.0,1.0,0
2000,Summer,DEN,6,2,3,1,4.0,2.0,0
2000,Summer,INA,6,1,3,2,3.0,3.0,0
2000,Summer,GEO,6,0,0,6,6.0,0.0,0
2000,Summer,MAR,5,0,1,4,4.0,1.0,0
2000,Summer,TUR,5,3,0,2,4.0,1.0,0
2000,Summer,RSA,5,0,2,3,3.0,2.0,0
2000,Summer,ALG,5,1,1,3,4.0,1.0,0
2000,Summer,LTU,5,2,0,3,2.0,3.0,0
2000,Summer,SVK,5,1,3,1,3.0,2.0,0
2000,Summer,BEL,5,0,2,3,2.0,3.0,0
2000,Summer,TPE,5,0,1,4,1.0,4.0,0
2000,Summer,FIN,4,2,1,1,4.0,0.0,0
2000,Summer,ARG,4,0,2,2,2.0,2.0,0
2000,Summer,UZB,4,1,1,2,4.0,0.0,0
2000,Summer,IRI,4,3,0,1,4.0,0.0,0
2000,Summer,NZL,4,1,0,3,3.0,1.0,0
2000,Summer,PRK,4,0,1,3,2.0,2.0,0
2000,Summer,AZE,3,2,0,1,2.0,1.0,0
2000,Summer,NGR,3,1,2,0,1.0,2.0,0
2000,Summer,SCG,3,1,1,1,2.0,1.0,0
2000,Summer,AUT,3,2,1,0,2.0,1.0,0
2000,Summer,BAH,3,2,0,1,1.0,2.0,0
2000,Summer,EST,3,1,0,2,3.0,0.0,0
2000,Summer,LAT,3,1,1,1,3.0,0.0,0
2000,Summer,THA,3,1,0,2,2.0,1.0,0
2000,Summer,SLO,2,2,0,0,2.0,0.0,0
2000,Summer,CRO,2,1,0,1,2.0,0.0,0
2000,Summer,KSA,2,0,1,1,2.0,0.0,0
2000,Summer,TTO,2,0,1,1,2.0,0.0,0
2000,Summer,POR,2,0,0,2,1.0,1.0,0
2000,Summer,MDA,2,0,1,1,2.0,0.0,0
2000,Summer,CRC,2,0,0,2,0.0,2.0,0
2000,Summer,CMR,1,1,0,0,1.0,0.0,0
2000,Summer,KUW,1,0,0,1,1.0,0.0,0
2000,Summer,SRI,1,0,1,0,0.0,1.0,0
2000,Summer,KGZ,1,0,0,1,1.0,0.0,0
2000,Summer,QAT,1,0,0,1,1.0,0.0,0
2000,Summer,ISL,1,0,0,1,0.0,1.0,0
2000,Summer,BAR,1,0,0,1,1.0,0.0,0
2000,Summer,CHI,1,0,0,1,1.0,0.0,0
2000,Summer,MOZ,1,1,0,0,0.0,1.0,0
2000,Summer,IND,1,0,0,1,0.0,1.0,0
2000,Summer,ISR,1,0,0,1,1.0,0.0,0
2000,Summer,ARM,1,0,0,1,1.0,0.0,0
2000,Summer,URU,1,0,1,0,1.0,0.0,0
2000,Summer,COL,1,1,0,0,0.0,1.0,0
2000,Summer,MKD,1,0,0,1,1.0,0.0,0
2000,Summer,IRL,1,0,1,0,0.0,1.0,0
2000,Summer,VIE,1,0,1,0,0.0,1.0,0
2000,Summer,EGY,0,0,0,0,0.0,0.0,0
2000,Summer,PAK,0,0,0,0,0.0,0.0,0
2000,Summer,MAS,0,0,0,0,0.0,0.0,0
2000,Summer,BRU,0,0,0,0,0.0,0.0,0
2000,Summer,SUD,0,0,0,0,0.0,0.0,0
2000,Summer,BRN,0,0,0,0,0.0,0.0,0
2000,Summer,SYR,0,0,0,0,0.0,0.0,0
2000,Summer,JOR,0,0,0,0,0.0,0.0,0
2000,Summer,UGA,0,0,0,0,0.0,0.0,0
2000,Summer,GHA,0,0,0,0,0.0,0.0,0
2000,Summer,SUR,0,0,0,0,0.0,0.0,0
2000,Summer,SOM,0,0,0,0,0.0,0.0,0
2000,Summer,LBA,0,0,0,0,0.0,0.0,0
2000,Summer,PLW,0,0,0,0,0.0,0.0,0
2000,Summer,DMA,0,0,0,0,0.0,0.0,0
2000,Summer,ANG,0,0,0,0,0.0,0.0,0
2000,Summer,IRQ,0,0,0,0,0.0,0.0,0
2000,Summer,MDV,0,0,0,0,0.0,0.0,0
2000,Summer,PER,0,0,0,0,0.0,0.0,0
2000,Summer,CIV,0,0,0,0,0.0,0.0,0
2000,Summer,CYP,0,0,0,0,0.0,0.0,0
2000,Summer,BAN,0,0,0,0,0.0,0.0,0
2000,Summer,LIB,0,0,0,0,0.0,0.0,0
2000,Summer,OMA,0,0,0,0,0.0,0.0,0
2000,Summer,PLE,0,0,0,0,0.0,0.0,0
2000,Summer,YEM,0,0,0,0,0.0,0.0,0
2000,Summer,UAE,0,0,0,0,0.0,0.0,0
2000,Summer,NIG,0,0,0,0,0.0,0.0,0
2000,Summer,DJI,0,0,0,0,0.0,0.0,0
2000,Summer,GUY,0,0,0,0,0.0,0.0,0
2000,Summer,VEN,0,0,0,0,0.0,0.0,0
2000,Summer,IOA,0,0,0,0,0.0,0.0,0
2000,Summer,SMR,0,0,0,0,0.0,0.0,0
2000,Summer,MLT,0,0,0,0,0.0,0.0,0
2000,Summer,LUX,0,0,0,0,0.0,0.0,0
2000,Summer,GBS,0,0,0,0,0.0,0.0,0
2000,Summer,TUN,0,0,0,0,0.0,0.0,0
2000,Summer,ERI,0,0,0,0,0.0,0.0,0
2000,Summer,TKM,0,0,0,0,0.0,0.0,0
2000,Summer,MAD,0,0,0,0,0.0,0.0,0
2000,Summer,MRI,0,0,0,0,0.0,0.0,0
2000,Summer,MGL,0,0,0,0,0.0,0.0,0
2000,Summer,GUI,0,0,0,0,0.0,0.0,0
2000,Summer,CGO,0,0,0,0,0.0,0.0,0
2000,Summer,VIN,0,0,0,0,0.0,0.0,0
2000,Summer,TOG,0,0,0,0,0.0,0.0,0
2000,Summer,ECU,0,0,0,0,0.0,0.0,0
2000,Summer,SEY,0,0,0,0,0.0,0.0,0
2000,Summer,GEQ,0,0,0,0,0.0,0.0,0
2000,Summer,ANT,0,0,0,0,0.0,0.0,0
2000,Summer,BOT,0,0,0,0,0.0,0.0,0
2000,Summer,SKN,0,0,0,0,0.0,0.0,0
2000,Summer,PAN,0,0,0,0,0.0,0.0,0
2000,Summer,COM,0,0,0,0,0.0,0.0,0
2000,Summer,TAN,0,0,0,0,0.0,0.0,0
2000,Summer,ISV,0,0,0,0,0.0,0.0,0
2000,Summer,SLE,0,0,0,0,0.0,0.0,0
2000,Summer,AND,0,0,0,0,0.0,0.0,0
2000,Summer,MON,0,0,0,0,0.0,0.0,0
2000,Summer,SWZ,0,0,0,0,0.0,0.0,0
2000,Summer,ARU,0,0,0,0,0.0,0.0,0
2000,Summer,ZIM,0,0,0,0,0.0,0.0,0
2000,Summer,GUA,0,0,0,0,0.0,0.0,0
2000,Summer,NEP,0,0,0,0,0.0,0.0,0
2000,Summer,PNG,0,0,0,0,0.0,0.0,0
2000,Summer,GAB,0,0,0,0,0.0,0.0,0
2000,Summer,SGP,0,0,0,0,0.0,0.0,0
2000,Summer,PHI,0,0,0,0,0.0,0.0,0
2000,Summer,BER,0,0,0,0,0.0,0.0,0
2000,Summer,PUR,0,0,0,0,0.0,0.0,0
2000,Summer,ZAM,0,0,0,0,0.0,0.0,0
2000,Summer,DOM,0,0,0,0,0.0,0.0,0
2000,Summer,BOL,0,0,0,0,0.0,0.0,0
2000,Summer,MLI,0,0,0,0,0.0,0.0,0
2000,Summer,PAR,0,0,0,0,0.0,0.0,0
2000,Summer,HON,0,0,0,0,0.0,0.0,0
2000,Summer,HKG,0,0,0,0,0.0,0.0,0
2000,Summer,MYA,0,0,0,0,0.0,0.0,0
2000,Summer,MAW,0,0,0,0,0.0,0.0,0
2000,Summer,GUM,0,0,0,0,0.0,0.0,0
2000,Summer,BHU,0,0,0,0,0.0,0.0,0
2000,Summer,SEN,0,0,0,0,0.0,0.0,0
2000,Summer,HAI,0,0,0,0,0.0,0.0,0
2000,Summer,IVB,0,0,0,0,0.0,0.0,0
2000,Summer,CAF,0,0,0,0,0.0,0.0,0
2000,Summer,LBR,0,0,0,0,0.0,0.0,0
2000,Summer,NCA,0,0,0,0,0.0,0.0,0
2000,Summer,BEN,0,0,0,0,0.0,0.0,0
2000,Summer,AHO,0,0,0,0,0.0,0.0,0
2000,Summer,MTN,0,0,0,0,0.0,0.0,0
2000,Summer,ESA,0,0,0,0,0.0,0.0,0
2000,Summer,CPV,0,0,0,0,0.0,0.0,0
2000,Summer,TJK,0,0,0,0,0.0,0.0,0
2000,Summer,BIH,0,0,0,0,0.0,0.0,0
2000,Summer,GAM,0,0,0,0,0.0,0.0,0
2000,Summer,LIE,0,0,0,0,0.0,0.0,0
2000,Summer,NAM,0,0,0,0,0.0,0.0,0
2000,Summer,RWA,0,0,0,0,0.0,0.0,0
2000,Summer,STP,0,0,0,0,0.0,0.0,0
2000,Summer,BDI,0,0,0,0,0.0,0.0,0
2000,Summer,CAM,0,0,0,0,0.0,0.0,0
2000,Summer,LCA,0,0,0,0,0.0,0.0,0
2000,Summer,SOL,0,0,0,0,0.0,0.0,0
2000,Summer,GRN,0,0,0,0,0.0,0.0,0
2000,Summer,SAM,0,0,0,0,0.0,0.0,0
2000,Summer,BIZ,0,0,0,0,0.0,0.0,0
2000,Summer,COD,0,0,0,0,0.0,0.0,0
2000,Summer,VAN,0,0,0,0,0.0,0.0,0
2000,Summer,LES,0,0,0,0,0.0,0.0,0
2000,Summer,LAO,0,0,0,0,0.0,0.0,0
2000,Summer,TGA,0,0,0,0,0.0,0.0,0
2000,Summer,ALB,0,0,0,0,0.0,0.0,0
2000,Summer,CAY,0,0,0,0,0.0,0.0,0
2000,Summer,FSM,0,0,0,0,0.0,0.0,0
2000,Summer,ASA,0,0,0,0,0.0,0.0,0
2000,Summer,CHA,0,0,0,0,0.0,0.0,0
2000,Summer,FIJ,0,0,0,0,0.0,0.0,0
2000,Summer,BUR,0,0,0,0,0.0,0.0,0
2000,Summer,NRU,0,0,0,0,0.0,0.0,0
2000,Summer,COK,0,0,0,0,0.0,0.0,0
2002,Winter,GER,36,12,16,8,15.0,21.0,0
2002,Winter,USA,34,10,13,11,23.0,11.0,1
2002,Winter,NOR,24,12,5,7,17.0,7.0,0
2002,Winter,CAN,17,7,3,7,8.0,9.0,0
2002,Winter,AUT,17,3,4,10,15.0,2.0,0
2002,Winter,RUS,13,5,4,4,6.0,7.0,0
2002,Winter,ITA,13,4,4,5,4.0,9.0,0
2002,Winter,SUI,11,3,2,6,7.0,4.0,0
2002,Winter,FRA,11,4,5,2,5.0,6.0,0
2002,Winter,CHN,8,2,2,4,2.0,6.0,0
2002,Winter,NED,8,3,5,0,6.0,2.0,0
2002,Winter,FIN,7,4,2,1,7.0,0.0,0
2002,Winter,SWE,7,0,2,5,2.0,5.0,0
2002,Winter,KOR,4,2,2,0,0.0,4.0,0
2002,Winter,CRO,4,3,1,0,0.0,4.0,0
2002,Winter,EST,3,1,1,1,3.0,0.0,0
2002,Winter,CZE,3,1,2,0,1.0,2.0,0
2002,Winter,BUL,3,0,1,2,0.0,3.0,0
2002,Winter,POL,2,0,1,1,2.0,0.0,0
2002,Winter,GBR,2,1,0,1,0.0,2.0,0
2002,Winter,JPN,2,0,1,1,1.0,1.0,0
2002,Winter,AUS,2,2,0,0,1.0,1.0,0
2002,Winter,BLR,1,0,0,1,1.0,0.0,0
2002,Winter,SLO,1,0,0,1,1.0,0.0,0
2002,Winter,ISV,0,0,0,0,0.0,0.0,0
2002,Winter,UKR,0,0,0,0,0.0,0.0,0
2002,Winter,KAZ,0,0,0,0,0.0,0.0,0
2002,Winter,TTO,0,0,0,0,0.0,0.0,0
2002,Winter,GEO,0,0,0,0,0.0,0.0,0
2002,Winter,TUR,0,0,0,0,0.0,0.0,0
2002,Winter,ARM,0,0,0,0,0.0,0.0,0
2002,Winter,ROU,0,0,0,0,0.0,0.0,0
2002,Winter,AND,0,0,0,0,0.0,0.0,0
2002,Winter,BRA,0,0,0,0,0.0,0.0,0
2002,Winter,ARG,0,0,0,0,0.0,0.0,0
2002,Winter,LAT,0,0,0,0,0.0,0.0,0
2002,Winter,SVK,0,0,0,0,0.0,0.0,0
2002,Winter,GRE,0,0,0,0,0.0,0.0,0
2002,Winter,HUN,0,0,0,0,0.0,0.0,0
2002,Winter,LTU,0,0,0,0,0.0,0.0,0
2002,Winter,CHI,0,0,0,0,0.0,0.0,0
2002,Winter,MGL,0,0,0,0,0.0,0.0,0
2002,Winter,BIH,0,0,0,0,0.0,0.0,0
2002,Winter,ISR,0,0,0,0,0.0,0.0,0
2002,Winter,DEN,0,0,0,0,0.0,0.0,0
2002,Winter,ISL,0,0,0,0,0.0,0.0,0
2002,Winter,VEN,0,0,0,0,0.0,0.0,0
2002,Winter,KEN,0,0,0,0,0.0,0.0,0
2002,Winter,JAM,0,0,0,0,0.0,0.0,0
2002,Winter,LIE,0,0,0,0,0.0,0.0,0
2002,Winter,MDA,0,0,0,0,0.0,0.0,0
2002,Winter,MON,0,0,0,0,0.0,0.0,0
2002,Winter,MEX,0,0,0,0,0.0,0.0,0
2002,Winter,TPE,0,0,0,0,0.0,0.0,0
2002,Winter,KGZ,0,0,0,0,0.0,0.0,0
2002,Winter,NZL,0,0,0,0,0.0,0.0,0
2002,Winter,BEL,0,0,0,0,0.0,0.0,0
2002,Winter,MKD,0,0,0,0,0.0,0.0,0
2002,Winter,IRL,0,0,0,0,0.0,0.0,0
2002,Winter,SCG,0,0,0,0,0.0,0.0,0
2002,Winter,TJK,0,0,0,0,0.0,0.0,0
2002,Winter,ESP,0,0,0,0,0.0,0.0,0
2002,Winter,AZE,0,0,0,0,0.0,0.0,0
2002,Winter,LIB,0,0,0,0,0.0,0.0,0
2002,Winter,SMR,0,0,0,0,0.0,0.0,0
2002,Winter,RSA,0,0,0,0,0.0,0.0,0
2002,Winter,IRI,0,0,0,0,0.0,0.0,0
2002,Winter,IND,0,0,0,0,0.0,0.0,0
2002,Winter,NEP,0,0,0,0,0.0,0.0,0
2002,Winter,CYP,0,0,0,0,0.0,0.0,0
2002,Winter,CRC,0,0,0,0,0.0,0.0,0
2002,Winter,UZB,0,0,0,0,0.0,0.0,0
2002,Winter,CMR,0,0,0,0,0.0,0.0,0
2002,Winter,THA,0,0,0,0,0.0,0.0,0
2002,Winter,HKG,0,0,0,0,0.0,0.0,0
2002,Winter,BER,0,0,0,0,0.0,0.0,0
2002,Winter,FIJ,0,0,0,0,0.0,0.0,0
2004,Summer,USA,101,36,39,26,59.0,42.0,0
2004,Summer,RUS,90,28,26,36,51.0,39.0,0
2004,Summer,CHN,63,32,17,14,23.0,40.0,0
2004,Summer,AUS,50,17,16,17,27.0,23.0,0
2004,Summer,GER,49,13,16,20,26.0,23.0,0
2004,Summer,JPN,37,16,9,12,20.0,17.0,0
2004,Summer,FRA,33,11,9,13,17.0,16.0,0
2004,Summer,ITA,32,10,11,11,23.0,9.0,0
2004,Summer,GBR,30,9,9,12,17.0,13.0,0
2004,Summer,KOR,30,9,12,9,18.0,12.0,0
2004,Summer,CUB,27,9,7,11,16.0,11.0,0
2004,Summer,NED,22,4,9,9,9.0,13.0,0
2004,Summer,UKR,22,8,5,9,10.0,12.0,0
2004,Summer,ESP,20,3,11,6,14.0,6.0,0
2004,Summer,ROU,19,8,5,6,7.0,12.0,0
2004,Summer,HUN,17,8,6,3,10.0,7.0,0
2004,Summer,GRE,16,6,6,4,8.0,8.0,1
2004,Summer,BLR,13,2,5,6,7.0,6.0,0
2004,Summer,BUL,12,2,1,9,8.0,4.0,0
2004,Summer,CAN,12,3,6,3,6.0,6.0,0
2004,Summer,TUR,11,3,3,5,10.0,1.0,0
2004,Summer,BRA,10,5,2,3,8.0,2.0,0
2004,Summer,POL,10,3,2,5,3.0,7.0,0
2004,Summer,CZE,9,1,3,5,5.0,4.0,0
2004,Summer,KAZ,8,1,4,3,8.0,0.0,0
2004,Summer,DEN,8,2,1,5,5.0,3.0,0
2004,Summer,THA,8,3,1,4,3.0,5.0,0
2004,Summer,SWE,7,4,2,1,4.0,3.0,0
2004,Summer,ETH,7,2,3,2,3.0,4.0,0
2004,Summer,AUT,7,2,4,1,5.0,2.0,0
2004,Summer,KEN,7,1,4,2,5.0,2.0,0
2004,Summer,NOR,6,5,0,1,4.0,2.0,0
2004,Summer,ARG,6,2,0,4,3.0,3.0,0
2004,Summer,IRI,6,2,2,2,6.0,0.0,0
2004,Summer,SVK,6,2,2,2,5.0,1.0,0
2004,Summer,RSA,6,1,3,2,5.0,1.0,0
2004,Summer,EGY,5,1,1,3,5.0,0.0,0
2004,Summer,AZE,5,1,0,4,3.0,2.0,0
2004,Summer,UZB,5,2,1,2,5.0,0.0,0
2004,Summer,NZL,5,3,2,0,3.0,2.0,0
2004,Summer,SUI,5,1,1,3,4.0,1.0,0
2004,Summer,JAM,5,2,1,2,1.0,4.0,0
2004,Summer,CRO,5,1,2,2,5.0,0.0,0
2004,Summer,TPE,5,2,2,1,3.0,2.0,0
2004,Summer,PRK,5,0,4,1,2.0,3.0,0
2004,Summer,INA,4,1,1,2,3.0,1.0,0
2004,Summer,MEX,4,0,3,1,1.0,3.0,0
2004,Summer,GEO,4,2,2,0,4.0,0.0,0
2004,Summer,SLO,4,0,1,3,2.0,2.0,0
2004,Summer,LAT,4,0,4,0,3.0,1.0,0
2004,Summer,EST,3,0,1,2,3.0,0.0,0
2004,Summer,LTU,3,1,2,0,2.0,1.0,0
2004,Summer,MAR,3,2,1,0,2.0,1.0,0
2004,Summer,POR,3,0,2,1,3.0,0.0,0
2004,Summer,CHI,3,2,0,1,3.0,0.0,0
2004,Summer,ZIM,3,1,1,1,0.0,3.0,0
2004,Summer,BEL,3,1,0,2,1.0,2.0,0
2004,Summer,FIN,2,0,2,0,2.0,0.0,0
2004,Summer,NGR,2,0,0,2,2.0,0.0,0
2004,Summer,VEN,2,0,0,2,1.0,1.0,0
2004,Summer,BAH,2,1,0,1,0.0,2.0,0
2004,Summer,COL,2,0,0,2,0.0,2.0,0
2004,Summer,ISR,2,1,0,1,2.0,0.0,0
2004,Summer,SCG,2,0,2,0,1.0,1.0,0
2004,Summer,IND,1,0,1,0,1.0,0.0,0
2004,Summer,SYR,1,0,0,1,1.0,0.0,0
2004,Summer,UAE,1,1,0,0,1.0,0.0,0
2004,Summer,TTO,1,0,0,1,1.0,0.0,0
2004,Summer,MGL,1,0,0,1,1.0,0.0,0
2004,Summer,DOM,1,1,0,0,1.0,0.0,0
2004,Summer,CMR,1,1,0,0,0.0,1.0,0
2004,Summer,PAR,1,0,1,0,1.0,0.0,0
2004,Summer,HKG,1,0,1,0,1.0,0.0,0
2004,Summer,ERI,1,0,0,1,1.0,0.0,0
2004,Summer,NCA,0,0,0,0,0.0,0.0,0
2004,Summer,IRQ,0,0,0,0,0.0,0.0,0
2004,Summer,QAT,0,0,0,0,0.0,0.0,0
2004,Summer,PAK,0,0,0,0,0.0,0.0,0
2004,Summer,TJK,0,0,0,0,0.0,0.0,0
2004,Summer,KGZ,0,0,0,0,0.0,0.0,0
2004,Summer,MLI,0,0,0,0,0.0,0.0,0
2004,Summer,JOR,0,0,0,0,0.0,0.0,0
2004,Summer,SUD,0,0,0,0,0.0,0.0,0
2004,Summer,PLE,0,0,0,0,0.0,0.0,0
2004,Summer,LBA,0,0,0,0,0.0,0.0,0
2004,Summer,SOM,0,0,0,0,0.0,0.0,0
2004,Summer,ALG,0,0,0,0,0.0,0.0,0
2004,Summer,ARM,0,0,0,0,0.0,0.0,0
2004,Summer,MLT,0,0,0,0,0.0,0.0,0
2004,Summer,BIZ,0,0,0,0,0.0,0.0,0
2004,Summer,PUR,0,0,0,0,0.0,0.0,0
2004,Summer,BER,0,0,0,0,0.0,0.0,0
2004,Summer,UGA,0,0,0,0,0.0,0.0,0
2004,Summer,SAM,0,0,0,0,0.0,0.0,0
2004,Summer,CYP,0,0,0,0,0.0,0.0,0
2004,Summer,BAN,0,0,0,0,0.0,0.0,0
2004,Summer,YEM,0,0,0,0,0.0,0.0,0
2004,Summer,KSA,0,0,0,0,0.0,0.0,0
2004,Summer,LIB,0,0,0,0,0.0,0.0,0
2004,Summer,KUW,0,0,0,0,0.0,0.0,0
2004,Summer,BRN,0,0,0,0,0.0,0.0,0
2004,Summer,OMA,0,0,0,0,0.0,0.0,0
2004,Summer,BEN,0,0,0,0,0.0,0.0,0
2004,Summer,NIG,0,0,0,0,0.0,0.0,0
2004,Summer,ISL,0,0,0,0,0.0,0.0,0
2004,Summer,CAF,0,0,0,0,0.0,0.0,0
2004,Summer,MDV,0,0,0,0,0.0,0.0,0
2004,Summer,BAR,0,0,0,0,0.0,0.0,0
2004,Summer,CIV,0,0,0,0,0.0,0.0,0
2004,Summer,ANG,0,0,0,0,0.0,0.0,0
2004,Summer,TLS,0,0,0,0,0.0,0.0,0
2004,Summer,NAM,0,0,0,0,0.0,0.0,0
2004,Summer,SMR,0,0,0,0,0.0,0.0,0
2004,Summer,BRU,0,0,0,0,0.0,0.0,0
2004,Summer,MAD,0,0,0,0,0.0,0.0,0
2004,Summer,GHA,0,0,0,0,0.0,0.0,0
2004,Summer,LAO,0,0,0,0,0.0,0.0,0
2004,Summer,IRL,0,0,0,0,0.0,0.0,0
2004,Summer,GUA,0,0,0,0,0.0,0.0,0
2004,Summer,CRC,0,0,0,0,0.0,0.0,0
2004,Summer,GRN,0,0,0,0,0.0,0.0,0
2004,Summer,SEY,0,0,0,0,0.0,0.0,0
2004,Summer,TUN,0,0,0,0,0.0,0.0,0
2004,Summer,AFG,0,0,0,0,0.0,0.0,0
2004,Summer,COD,0,0,0,0,0.0,0.0,0
2004,Summer,SEN,0,0,0,0,0.0,0.0,0
2004,Summer,MAS,0,0,0,0,0.0,0.0,0
2004,Summer,NEP,0,0,0,0,0.0,0.0,0
2004,Summer,ANT,0,0,0,0,0.0,0.0,0
2004,Summer,CGO,0,0,0,0,0.0,0.0,0
2004,Summer,SLE,0,0,0,0,0.0,0.0,0
2004,Summer,HON,0,0,0,0,0.0,0.0,0
2004,Summer,BOT,0,0,0,0,0.0,0.0,0
2004,Summer,TKM,0,0,0,0,0.0,0.0,0
2004,Summer,TAN,0,0,0,0,0.0,0.0,0
2004,Summer,AND,0,0,0,0,0.0,0.0,0
2004,Summer,HAI,0,0,0,0,0.0,0.0,0
2004,Summer,GAB,0,0,0,0,0.0,0.0,0
2004,Summer,ARU,0,0,0,0,0.0,0.0,0
2004,Summer,MDA,0,0,0,0,0.0,0.0,0
2004,Summer,PER,0,0,0,0,0.0,0.0,0
2004,Summer,PNG,0,0,0,0,0.0,0.0,0
2004,Summer,FSM,0,0,0,0,0.0,0.0,0
2004,Summer,TOG,0,0,0,0,0.0,0.0,0
2004,Summer,SGP,0,0,0,0,0.0,0.0,0
2004,Summer,PHI,0,0,0,0,0.0,0.0,0
2004,Summer,MRI,0,0,0,0,0.0,0.0,0
2004,Summer,FIJ,0,0,0,0,0.0,0.0,0
2004,Summer,GUY,0,0,0,0,0.0,0.0,0
2004,Summer,ECU,0,0,0,0,0.0,0.0,0
2004,Summer,GBS,0,0,0,0,0.0,0.0,0
2004,Summer,GEQ,0,0,0,0,0.0,0.0,0
2004,Summer,ZAM,0,0,0,0,0.0,0.0,0
2004,Summer,MAW,0,0,0,0,0.0,0.0,0
2004,Summer,BHU,0,0,0,0,0.0,0.0,0
2004,Summer,GUM,0,0,0,0,0.0,0.0,0
2004,Summer,ALB,0,0,0,0,0.0,0.0,0
2004,Summer,URU,0,0,0,0,0.0,0.0,0
2004,Summer,SKN,0,0,0,0,0.0,0.0,0
2004,Summer,SRI,0,0,0,0,0.0,0.0,0
2004,Summer,PAN,0,0,0,0,0.0,0.0,0
2004,Summer,MOZ,0,0,0,0,0.0,0.0,0
2004,Summer,IVB,0,0,0,0,0.0,0.0,0
2004,Summer,STP,0,0,0,0,0.0,0.0,0
2004,Summer,SUR,0,0,0,0,0.0,0.0,0
2004,Summer,BOL,0,0,0,0,0.0,0.0,0
2004,Summer,LUX,0,0,0,0,0.0,0.0,0
2004,Summer,VIN,0,0,0,0,0.0,0.0,0
2004,Summer,NRU,0,0,0,0,0.0,0.0,0
2004,Summer,MON,0,0,0,0,0.0,0.0,0
2004,Summer,GUI,0,0,0,0,0.0,0.0,0
2004,Summer,ESA,0,0,0,0,0.0,0.0,0
2004,Summer,RWA,0,0,0,0,0.0,0.0,0
2004,Summer,COM,0,0,0,0,0.0,0.0,0
2004,Summer,SWZ,0,0,0,0,0.0,0.0,0
2004,Summer,VIE,0,0,0,0,0.0,0.0,0
2004,Summer,ISV,0,0,0,0,0.0,0.0,0
2004,Summer,BIH,0,0,0,0,0.0,0.0,0
2004,Summer,PLW,0,0,0,0,0.0,0.0,0
2004,Summer,CAY,0,0,0,0,0.0,0.0,0
2004,Summer,CPV,0,0,0,0,0.0,0.0,0
2004,Summer,BDI,0,0,0,0,0.0,0.0,0
2004,Summer,LIE,0,0,0,0,0.0,0.0,0
2004,Summer,LCA,0,0,0,0,0.0,0.0,0
2004,Summer,AHO,0,0,0,0,0.0,0.0,0
2004,Summer,COK,0,0,0,0,0.0,0.0,0
2004,Summer,TGA,0,0,0,0,0.0,0.0,0
2004,Summer,CAM,0,0,0,0,0.0,0.0,0
2004,Summer,MKD,0,0,0,0,0.0,0.0,0
2004,Summer,DMA,0,0,0,0,0.0,0.0,0
2004,Summer,MTN,0,0,0,0,0.0,0.0,0
2004,Summer,VAN,0,0,0,0,0.0,0.0,0
2004,Summer,SOL,0,0,0,0,0.0,0.0,0
2004,Summer,ASA,0,0,0,0,0.0,0.0,0
2004,Summer,LES,0,0,0,0,0.0,0.0,0
2004,Summer,KIR,0,0,0,0,0.0,0.0,0
2004,Summer,CHA,0,0,0,0,0.0,0.0,0
2004,Summer,MYA,0,0,0,0,0.0,0.0,0
2004,Summer,GAM,0,0,0,0,0.0,0.0,0
2004,Summer,BUR,0,0,0,0,0.0,0.0,0
2004,Summer,LBR,0,0,0,0,0.0,0.0,0
2006,Winter,GER,29,11,12,6,13.0,16.0,0
2006,Winter,USA,25,9,9,7,17.0,8.0,0
2006,Winter,CAN,24,7,10,7,8.0,16.0,0
2006,Winter,AUT,23,9,7,7,17.0,6.0,0
2006,Winter,RUS,22,8,6,8,11.0,11.0,0
2006,Winter,NOR,19,2,8,9,15.0,4.0,0
2006,Winter,SUI,14,5,4,5,8.0,6.0,0
2006,Winter,SWE,14,7,2,5,5.0,9.0,0
2006,Winter,ITA,11,5,0,6,8.0,3.0,1
2006,Winter,KOR,11,6,3,2,7.0,4.0,0
2006,Winter,CHN,11,2,4,5,2.0,9.0,0
2006,Winter,FIN,9,0,6,3,7.0,2.0,0
2006,Winter,FRA,9,3,2,4,6.0,3.0,0
2006,Winter,NED,9,3,2,4,5.0,4.0,0
2006,Winter,CZE,4,1,2,1,2.0,2.0,0
2006,Winter,CRO,3,1,2,0,1.0,2.0,0
2006,Winter,EST,3,3,0,0,1.0,2.0,0
2006,Winter,UKR,2,0,0,2,1.0,1.0,0
2006,Winter,AUS,2,1,0,1,1.0,1.0,0
2006,Winter,POL,2,0,1,1,1.0,1.0,0
2006,Winter,GBR,1,0,1,0,0.0,1.0,0
2006,Winter,BLR,1,0,1,0,1.0,0.0,0
2006,Winter,JPN,1,1,0,0,0.0,1.0,0
2006,Winter,LAT,1,0,0,1,1.0,0.0,0
2006,Winter,SVK,1,0,1,0,1.0,0.0,0
2006,Winter,BUL,1,0,1,0,0.0,1.0,0
2006,Winter,GEO,0,0,0,0,0.0,0.0,0
2006,Winter,UZB,0,0,0,0,0.0,0.0,0
2006,Winter,ARG,0,0,0,0,0.0,0.0,0
2006,Winter,IND,0,0,0,0,0.0,0.0,0
2006,Winter,KAZ,0,0,0,0,0.0,0.0,0
2006,Winter,CHI,0,0,0,0,0.0,0.0,0
2006,Winter,LIB,0,0,0,0,0.0,0.0,0
2006,Winter,ROU,0,0,0,0,0.0,0.0,0
2006,Winter,AND,0,0,0,0,0.0,0.0,0
2006,Winter,BRA,0,0,0,0,0.0,0.0,0
2006,Winter,ESP,0,0,0,0,0.0,0.0,0
2006,Winter,TUR,0,0,0,0,0.0,0.0,0
2006,Winter,ARM,0,0,0,0,0.0,0.0,0
2006,Winter,SLO,0,0,0,0,0.0,0.0,0
2006,Winter,NZL,0,0,0,0,0.0,0.0,0
2006,Winter,ALG,0,0,0,0,0.0,0.0,0
2006,Winter,ISL,0,0,0,0,0.0,0.0,0
2006,Winter,KEN,0,0,0,0,0.0,0.0,0
2006,Winter,KGZ,0,0,0,0,0.0,0.0,0
2006,Winter,RSA,0,0,0,0,0.0,0.0,0
2006,Winter,MON,0,0,0,0,0.0,0.0,0
2006,Winter,MDA,0,0,0,0,0.0,0.0,0
2006,Winter,LIE,0,0,0,0,0.0,0.0,0
2006,Winter,SMR,0,0,0,0,0.0,0.0,0
2006,Winter,ISR,0,0,0,0,0.0,0.0,0
2006,Winter,IRL,0,0,0,0,0.0,0.0,0
2006,Winter,BIH,0,0,0,0,0.0,0.0,0
2006,Winter,MKD,0,0,0,0,0.0,0.0,0
2006,Winter,HUN,0,0,0,0,0.0,0.0,0
2006,Winter,BEL,0,0,0,0,0.0,0.0,0
2006,Winter,GRE,0,0,0,0,0.0,0.0,0
2006,Winter,LTU,0,0,0,0,0.0,0.0,0
2006,Winter,TJK,0,0,0,0,0.0,0.0,0
2006,Winter,DEN,0,0,0,0,0.0,0.0,0
2006,Winter,MGL,0,0,0,0,0.0,0.0,0
2006,Winter,AZE,0,0,0,0,0.0,0.0,0
2006,Winter,PRK,0,0,0,0,0.0,0.0,0
2006,Winter,HKG,0,0,0,0,0.0,0.0,0
2006,Winter,VEN,0,0,0,0,0.0,0.0,0
2006,Winter,CYP,0,0,0,0,0.0,0.0,0
2006,Winter,CRC,0,0,0,0,0.0,0.0,0
2006,Winter,SCG,0,0,0,0,0.0,0.0,0
2006,Winter,TPE,0,0,0,0,0.0,0.0,0
2006,Winter,LUX,0,0,0,0,0.0,0.0,0
2006,Winter,IRI,0,0,0,0,0.0,0.0,0
2006,Winter,THA,0,0,0,0,0.0,0.0,0
2006,Winter,MAD,0,0,0,0,0.0,0.0,0
2006,Winter,SEN,0,0,0,0,0.0,0.0,0
2006,Winter,NEP,0,0,0,0,0.0,0.0,0
2006,Winter,POR,0,0,0,0,0.0,0.0,0
2006,Winter,BER,0,0,0,0,0.0,0.0,0
2006,Winter,ETH,0,0,0,0,0.0,0.0,0
2006,Winter,ALB,0,0,0,0,0.0,0.0,0
2008,Summer,USA,110,36,39,35,54.0,56.0,0
2008,Summer,CHN,100,51,21,28,43.0,57.0,1
2008,Summer,RUS,72,23,21,28,40.0,32.0,0
2008,Summer,GBR,48,19,13,16,28.0,20.0,0
2008,Summer,AUS,46,14,15,17,23.0,23.0,0
2008,Summer,FRA,41,7,16,18,34.0,7.0,0
2008,Summer,GER,41,16,10,15,23.0,18.0,0
2008,Summer,KOR,31,13,10,8,18.0,13.0,0
2008,Summer,ITA,27,8,9,10,16.0,11.0,0
2008,Summer,UKR,27,7,5,15,15.0,12.0,0
2008,Summer,JPN,25,9,7,9,13.0,12.0,0
2008,Summer,CUB,24,2,11,11,15.0,9.0,0
2008,Summer,CAN,19,3,9,7,12.0,7.0,0
2008,Summer,ESP,18,5,10,3,14.0,4.0,0
2008,Summer,BLR,18,4,5,9,10.0,8.0,0
2008,Summer,NED,16,7,5,4,4.0,12.0,0
2008,Summer,BRA,16,3,4,9,10.0,6.0,0
2008,Summer,KEN,15,6,4,5,9.0,6.0,0
2008,Summer,KAZ,13,2,4,7,9.0,4.0,0
2008,Summer,POL,10,3,6,1,7.0,3.0,0
2008,Summer,HUN,10,3,5,2,7.0,3.0,0
2008,Summer,NOR,9,3,5,1,5.0,4.0,0
2008,Summer,NZL,9,3,2,4,7.0,2.0,0
2008,Summer,JAM,9,5,2,2,2.0,7.0,0
2008,Summer,ROU,8,4,1,3,1.0,7.0,0
2008,Summer,AZE,7,1,2,4,6.0,1.0,0
2008,Summer,TUR,7,1,3,3,4.0,3.0,0
2008,Summer,ETH,7,4,1,2,4.0,3.0,0
2008,Summer,DEN,7,2,2,3,6.0,1.0,0
2008,Summer,SUI,7,2,1,4,6.0,1.0,0
2008,Summer,ARG,6,2,0,4,4.0,2.0,0
2008,Summer,ARM,6,0,0,6,6.0,0.0,0
2008,Summer,UZB,6,1,2,3,5.0,1.0,0
2008,Summer,PRK,6,2,1,3,1.0,5.0,0
2008,Summer,CZE,6,3,3,0,3.0,3.0,0
2008,Summer,SVK,6,3,2,1,4.0,2.0,0
2008,Summer,GEO,6,3,0,3,5.0,1.0,0
2008,Summer,SWE,5,0,4,1,4.0,1.0,0
2008,Summer,LTU,5,0,2,3,4.0,1.0,0
2008,Summer,BUL,5,1,1,3,3.0,2.0,0
2008,Summer,CRO,5,0,2,3,1.0,4.0,0
2008,Summer,SLO,5,1,2,2,3.0,2.0,0
2008,Summer,INA,5,1,1,3,3.0,2.0,0
2008,Summer,NGR,4,0,1,3,2.0,2.0,0
2008,Summer,GRE,4,0,2,2,2.0,2.0,0
2008,Summer,FIN,4,1,1,2,2.0,2.0,0
2008,Summer,THA,4,2,2,0,2.0,2.0,0
2008,Summer,MGL,4,2,2,0,3.0,1.0,0
2008,Summer,ZIM,4,1,3,0,0.0,4.0,0
2008,Summer,TPE,4,0,0,4,2.0,2.0,0
2008,Summer,IND,3,1,0,2,3.0,0.0,0
2008,Summer,MEX,3,2,0,1,1.0,2.0,0
2008,Summer,AUT,3,0,1,2,1.0,2.0,0
2008,Summer,LAT,3,1,1,1,3.0,0.0,0
2008,Summer,IRL,3,0,1,2,3.0,0.0,0
2008,Summer,SRB,3,0,1,2,3.0,0.0,0
2008,Summer,EST,2,1,1,0,2.0,0.0,0
2008,Summer,MAR,2,0,1,1,1.0,1.0,0
2008,Summer,ALG,2,0,1,1,1.0,1.0,0
2008,Summer,KGZ,2,0,1,1,2.0,0.0,0
2008,Summer,TJK,2,0,1,1,2.0,0.0,0
2008,Summer,POR,2,1,1,0,1.0,1.0,0
2008,Summer,IRI,2,1,0,1,2.0,0.0,0
2008,Summer,BEL,2,1,1,0,0.0,2.0,0
2008,Summer,DOM,2,1,1,0,2.0,0.0,0
2008,Summer,COL,2,0,1,1,1.0,1.0,0
2008,Summer,BAH,2,0,1,1,2.0,0.0,0
2008,Summer,TTO,2,1,1,0,2.0,0.0,0
2008,Summer,RSA,1,0,1,0,1.0,0.0,0
2008,Summer,EGY,1,0,0,1,1.0,0.0,0
2008,Summer,SUD,1,0,1,0,1.0,0.0,0
2008,Summer,VEN,1,0,0,1,0.0,1.0,0
2008,Summer,TUN,1,1,0,0,1.0,0.0,0
2008,Summer,MRI,1,0,0,1,1.0,0.0,0
2008,Summer,CMR,1,1,0,0,0.0,1.0,0
2008,Summer,CHI,1,0,1,0,1.0,0.0,0
2008,Summer,MAS,1,0,1,0,1.0,0.0,0
2008,Summer,ISL,1,0,1,0,1.0,0.0,0
2008,Summer,ISR,1,0,0,1,1.0,0.0,0
2008,Summer,AFG,1,0,0,1,1.0,0.0,0
2008,Summer,ECU,1,0,1,0,1.0,0.0,0
2008,Summer,PAN,1,1,0,0,1.0,0.0,0
2008,Summer,TOG,1,0,0,1,1.0,0.0,0
2008,Summer,MDA,1,0,0,1,1.0,0.0,0
2008,Summer,SGP,1,0,1,0,0.0,1.0,0
2008,Summer,VIE,1,0,1,0,1.0,0.0,0
2008,Summer,PAK,0,0,0,0,0.0,0.0,0
2008,Summer,ERI,0,0,0,0,0.0,0.0,0
2008,Summer,PLE,0,0,0,0,0.0,0.0,0
2008,Summer,IRQ,0,0,0,0,0.0,0.0,0
2008,Summer,QAT,0,0,0,0,0.0,0.0,0
2008,Summer,CIV,0,0,0,0,0.0,0.0,0
2008,Summer,ANG,0,0,0,0,0.0,0.0,0
2008,Summer,BAN,0,0,0,0,0.0,0.0,0
2008,Summer,LBR,0,0,0,0,0.0,0.0,0
2008,Summer,NEP,0,0,0,0,0.0,0.0,0
2008,Summer,ASA,0,0,0,0,0.0,0.0,0
2008,Summer,SEY,0,0,0,0,0.0,0.0,0
2008,Summer,NCA,0,0,0,0,0.0,0.0,0
2008,Summer,PAR,0,0,0,0,0.0,0.0,0
2008,Summer,COM,0,0,0,0,0.0,0.0,0
2008,Summer,NAM,0,0,0,0,0.0,0.0,0
2008,Summer,BER,0,0,0,0,0.0,0.0,0
2008,Summer,SAM,0,0,0,0,0.0,0.0,0
2008,Summer,CYP,0,0,0,0,0.0,0.0,0
2008,Summer,KSA,0,0,0,0,0.0,0.0,0
2008,Summer,KUW,0,0,0,0,0.0,0.0,0
2008,Summer,BRN,0,0,0,0,0.0,0.0,0
2008,Summer,SYR,0,0,0,0,0.0,0.0,0
2008,Summer,OMA,0,0,0,0,0.0,0.0,0
2008,Summer,YEM,0,0,0,0,0.0,0.0,0
2008,Summer,JOR,0,0,0,0,0.0,0.0,0
2008,Summer,UAE,0,0,0,0,0.0,0.0,0
2008,Summer,VIN,0,0,0,0,0.0,0.0,0
2008,Summer,NIG,0,0,0,0,0.0,0.0,0
2008,Summer,LBA,0,0,0,0,0.0,0.0,0
2008,Summer,DJI,0,0,0,0,0.0,0.0,0
2008,Summer,BIH,0,0,0,0,0.0,0.0,0
2008,Summer,GUM,0,0,0,0,0.0,0.0,0
2008,Summer,BAR,0,0,0,0,0.0,0.0,0
2008,Summer,HON,0,0,0,0,0.0,0.0,0
2008,Summer,GHA,0,0,0,0,0.0,0.0,0
2008,Summer,MAD,0,0,0,0,0.0,0.0,0
2008,Summer,PHI,0,0,0,0,0.0,0.0,0
2008,Summer,TKM,0,0,0,0,0.0,0.0,0
2008,Summer,GUA,0,0,0,0,0.0,0.0,0
2008,Summer,ESA,0,0,0,0,0.0,0.0,0
2008,Summer,PUR,0,0,0,0,0.0,0.0,0
2008,Summer,MLT,0,0,0,0,0.0,0.0,0
2008,Summer,HKG,0,0,0,0,0.0,0.0,0
2008,Summer,HAI,0,0,0,0,0.0,0.0,0
2008,Summer,SEN,0,0,0,0,0.0,0.0,0
2008,Summer,MLI,0,0,0,0,0.0,0.0,0
2008,Summer,GAB,0,0,0,0,0.0,0.0,0
2008,Summer,ANT,0,0,0,0,0.0,0.0,0
2008,Summer,CGO,0,0,0,0,0.0,0.0,0
2008,Summer,BOT,0,0,0,0,0.0,0.0,0
2008,Summer,PER,0,0,0,0,0.0,0.0,0
2008,Summer,ISV,0,0,0,0,0.0,0.0,0
2008,Summer,GUI,0,0,0,0,0.0,0.0,0
2008,Summer,GRN,0,0,0,0,0.0,0.0,0
2008,Summer,UGA,0,0,0,0,0.0,0.0,0
2008,Summer,TAN,0,0,0,0,0.0,0.0,0
2008,Summer,LCA,0,0,0,0,0.0,0.0,0
2008,Summer,ALB,0,0,0,0,0.0,0.0,0
2008,Summer,AND,0,0,0,0,0.0,0.0,0
2008,Summer,SLE,0,0,0,0,0.0,0.0,0
2008,Summer,LUX,0,0,0,0,0.0,0.0,0
2008,Summer,PNG,0,0,0,0,0.0,0.0,0
2008,Summer,STP,0,0,0,0,0.0,0.0,0
2008,Summer,CAF,0,0,0,0,0.0,0.0,0
2008,Summer,CRC,0,0,0,0,0.0,0.0,0
2008,Summer,MNE,0,0,0,0,0.0,0.0,0
2008,Summer,URU,0,0,0,0,0.0,0.0,0
2008,Summer,SMR,0,0,0,0,0.0,0.0,0
2008,Summer,FIJ,0,0,0,0,0.0,0.0,0
2008,Summer,GUY,0,0,0,0,0.0,0.0,0
2008,Summer,ZAM,0,0,0,0,0.0,0.0,0
2008,Summer,BOL,0,0,0,0,0.0,0.0,0
2008,Summer,MOZ,0,0,0,0,0.0,0.0,0
2008,Summer,MTN,0,0,0,0,0.0,0.0,0
2008,Summer,MAW,0,0,0,0,0.0,0.0,0
2008,Summer,LAO,0,0,0,0,0.0,0.0,0
2008,Summer,SKN,0,0,0,0,0.0,0.0,0
2008,Summer,MHL,0,0,0,0,0.0,0.0,0
2008,Summer,CPV,0,0,0,0,0.0,0.0,0
2008,Summer,GBS,0,0,0,0,0.0,0.0,0
2008,Summer,FSM,0,0,0,0,0.0,0.0,0
2008,Summer,BEN,0,0,0,0,0.0,0.0,0
2008,Summer,AHO,0,0,0,0,0.0,0.0,0
2008,Summer,BHU,0,0,0,0,0.0,0.0,0
2008,Summer,NRU,0,0,0,0,0.0,0.0,0
2008,Summer,MON,0,0,0,0,0.0,0.0,0
2008,Summer,RWA,0,0,0,0,0.0,0.0,0
2008,Summer,SWZ,0,0,0,0,0.0,0.0,0
2008,Summer,PLW,0,0,0,0,0.0,0.0,0
2008,Summer,TUV,0,0,0,0,0.0,0.0,0
2008,Summer,BIZ,0,0,0,0,0.0,0.0,0
2008,Summer,CAY,0,0,0,0,0.0,0.0,0
2008,Summer,LIE,0,0,0,0,0.0,0.0,0
2008,Summer,LIB,0,0,0,0,0.0,0.0,0
2008,Summer,SOL,0,0,0,0,0.0,0.0,0
2008,Summer,IVB,0,0,0,0,0.0,0.0,0
2008,Summer,COK,0,0,0,0,0.0,0.0,0
2008,Summer,CAM,0,0,0,0,0.0,0.0,0
2008,Summer,DMA,0,0,0,0,0.0,0.0,0
2008,Summer,MDV,0,0,0,0,0.0,0.0,0
2008,Summer,SOM,0,0,0,0,0.0,0.0,0
2008,Summer,GAM,0,0,0,0,0.0,0.0,0
2008,Summer,SRI,0,0,0,0,0.0,0.0,0
2008,Summer,VAN,0,0,0,0,0.0,0.0,0
2008,Summer,KIR,0,0,0,0,0.0,0.0,0
2008,Summer,COD,0,0,0,0,0.0,0.0,0
2008,Summer,LES,0,0,0,0,0.0,0.0,0
2008,Summer,MYA,0,0,0,0,0.0,0.0,0
2008,Summer,TGA,0,0,0,0,0.0,0.0,0
2008,Summer,GEQ,0,0,0,0,0.0,0.0,0
2008,Summer,CHA,0,0,0,0,0.0,0.0,0
2008,Summer,MKD,0,0,0,0,0.0,0.0,0
2008,Summer,SUR,0,0,0,0,0.0,0.0,0
2008,Summer,BUR,0,0,0,0,0.0,0.0,0
2008,Summer,BDI,0,0,0,0,0.0,0.0,0
2008,Summer,ARU,0,0,0,0,0.0,0.0,0
2008,Summer,TLS,0,0,0,0,0.0,0.0,0
2010,Winter,USA,37,9,15,13,24.0,13.0,0
2010,Winter,GER,30,10,13,7,11.0,19.0,0
2010,Winter,CAN,26,14,7,5,12.0,14.0,1
2010,Winter,NOR,23,9,8,6,16.0,7.0,0
2010,Winter,AUT,16,4,6,6,10.0,6.0,0
2010,Winter,RUS,15,3,5,7,10.0,5.0,0
2010,Winter,KOR,14,6,6,2,9.0,5.0,0
2010,Winter,SWE,11,5,2,4,6.0,5.0,0
2010,Winter,FRA,11,2,3,6,6.0,5.0,0
2010,Winter,CHN,11,5,2,4,1.0,10.0,0
2010,Winter,SUI,9,6,0,3,8.0,1.0,0
2010,Winter,NED,8,4,1,3,4.0,4.0,0
2010,Winter,CZE,6,2,0,4,2.0,4.0,0
2010,Winter,POL,6,1,3,2,2.0,4.0,0
2010,Winter,FIN,5,0,1,4,2.0,3.0,0
2010,Winter,JPN,5,0,3,2,3.0,2.0,0
2010,Winter,ITA,5,1,1,3,4.0,1.0,0
2010,Winter,BLR,3,1,1,1,2.0,1.0,0
2010,Winter,AUS,3,2,1,0,1.0,2.0,0
2010,Winter,SVK,3,1,1,1,1.0,2.0,0
2010,Winter,SLO,3,0,2,1,0.0,3.0,0
2010,Winter,CRO,3,0,2,1,3.0,0.0,0
2010,Winter,LAT,2,0,2,0,2.0,0.0,0
2010,Winter,GBR,1,1,0,0,0.0,1.0,0
2010,Winter,KAZ,1,0,1,0,0.0,1.0,0
2010,Winter,EST,1,0,1,0,0.0,1.0,0
2010,Winter,PAK,0,0,0,0,0.0,0.0,0
2010,Winter,UKR,0,0,0,0,0.0,0.0,0
2010,Winter,GEO,0,0,0,0,0.0,0.0,0
2010,Winter,LIB,0,0,0,0,0.0,0.0,0
2010,Winter,DEN,0,0,0,0,0.0,0.0,0
2010,Winter,BUL,0,0,0,0,0.0,0.0,0
2010,Winter,ROU,0,0,0,0,0.0,0.0,0
2010,Winter,AZE,0,0,0,0,0.0,0.0,0
2010,Winter,TUR,0,0,0,0,0.0,0.0,0
2010,Winter,MAR,0,0,0,0,0.0,0.0,0
2010,Winter,MDA,0,0,0,0,0.0,0.0,0
2010,Winter,CHI,0,0,0,0,0.0,0.0,0
2010,Winter,IRL,0,0,0,0,0.0,0.0,0
2010,Winter,HUN,0,0,0,0,0.0,0.0,0
2010,Winter,ISL,0,0,0,0,0.0,0.0,0
2010,Winter,NZL,0,0,0,0,0.0,0.0,0
2010,Winter,LIE,0,0,0,0,0.0,0.0,0
2010,Winter,PER,0,0,0,0,0.0,0.0,0
2010,Winter,SMR,0,0,0,0,0.0,0.0,0
2010,Winter,ESP,0,0,0,0,0.0,0.0,0
2010,Winter,BRA,0,0,0,0,0.0,0.0,0
2010,Winter,MON,0,0,0,0,0.0,0.0,0
2010,Winter,MKD,0,0,0,0,0.0,0.0,0
2010,Winter,GRE,0,0,0,0,0.0,0.0,0
2010,Winter,COL,0,0,0,0,0.0,0.0,0
2010,Winter,TJK,0,0,0,0,0.0,0.0,0
2010,Winter,MGL,0,0,0,0,0.0,0.0,0
2010,Winter,SRB,0,0,0,0,0.0,0.0,0
2010,Winter,ARG,0,0,0,0,0.0,0.0,0
2010,Winter,UZB,0,0,0,0,0.0,0.0,0
2010,Winter,AND,0,0,0,0,0.0,0.0,0
2010,Winter,BEL,0,0,0,0,0.0,0.0,0
2010,Winter,HKG,0,0,0,0,0.0,0.0,0
2010,Winter,IRI,0,0,0,0,0.0,0.0,0
2010,Winter,BIH,0,0,0,0,0.0,0.0,0
2010,Winter,JAM,0,0,0,0,0.0,0.0,0
2010,Winter,IND,0,0,0,0,0.0,0.0,0
2010,Winter,ARM,0,0,0,0,0.0,0.0,0
2010,Winter,ALG,0,0,0,0,0.0,0.0,0
2010,Winter,PRK,0,0,0,0,0.0,0.0,0
2010,Winter,MNE,0,0,0,0,0.0,0.0,0
2010,Winter,RSA,0,0,0,0,0.0,0.0,0
2010,Winter,TPE,0,0,0,0,0.0,0.0,0
2010,Winter,BER,0,0,0,0,0.0,0.0,0
2010,Winter,GHA,0,0,0,0,0.0,0.0,0
2010,Winter,LTU,0,0,0,0,0.0,0.0,0
2010,Winter,CYP,0,0,0,0,0.0,0.0,0
2010,Winter,ISR,0,0,0,0,0.0,0.0,0
2010,Winter,KGZ,0,0,0,0,0.0,0.0,0
2010,Winter,SEN,0,0,0,0,0.0,0.0,0
2010,Winter,NEP,0,0,0,0,0.0,0.0,0
2010,Winter,POR,0,0,0,0,0.0,0.0,0
2010,Winter,ETH,0,0,0,0,0.0,0.0,0
2010,Winter,ALB,0,0,0,0,0.0,0.0,0
2010,Winter,CAY,0,0,0,0,0.0,0.0,0
2010,Winter,MEX,0,0,0,0,0.0,0.0,0
2012,Summer,USA,103,46,28,29,45.0,58.0,0
2012,Summer,CHN,88,38,27,23,37.0,51.0,0
2012,Summer,RUS,82,24,26,32,38.0,44.0,0
2012,Summer,GBR,65,29,17,19,41.0,24.0,1
2012,Summer,GER,44,11,19,14,28.0,16.0,0
2012,Summer,JPN,38,7,14,17,21.0,17.0,0
2012,Summer,FRA,35,11,11,13,20.0,15.0,0
2012,Summer,AUS,35,7,16,12,15.0,20.0,0
2012,Summer,ITA,28,8,9,11,20.0,8.0,0
2012,Summer,KOR,28,13,8,7,21.0,7.0,0
2012,Summer,NED,20,6,6,8,7.0,13.0,0
2012,Summer,UKR,20,6,5,9,10.0,10.0,0
2012,Summer,CAN,18,1,5,12,9.0,9.0,0
2012,Summer,HUN,18,8,4,6,12.0,6.0,0
2012,Summer,ESP,17,3,10,4,6.0,11.0,0
2012,Summer,BRA,17,3,5,9,11.0,6.0,0
2012,Summer,CUB,14,5,3,6,11.0,3.0,0
2012,Summer,KAZ,13,7,1,5,7.0,6.0,0
2012,Summer,NZL,13,6,2,5,8.0,5.0,0
2012,Summer,IRI,12,4,5,3,12.0,0.0,0
2012,Summer,JAM,12,4,4,4,7.0,5.0,0
2012,Summer,BLR,12,2,5,5,3.0,9.0,0
2012,Summer,KEN,11,2,4,5,7.0,4.0,0
2012,Summer,AZE,10,2,2,6,8.0,2.0,0
2012,Summer,POL,10,2,2,6,5.0,5.0,0
2012,Summer,CZE,10,4,3,3,5.0,5.0,0
2012,Summer,ROU,9,2,5,2,3.0,6.0,0
2012,Summer,DEN,9,2,4,3,8.0,1.0,0
2012,Summer,COL,8,1,3,4,4.0,4.0,0
2012,Summer,SWE,8,1,4,3,6.0,2.0,0
2012,Summer,ETH,7,3,1,3,2.0,5.0,0
2012,Summer,MEX,7,1,3,3,2.0,5.0,0
2012,Summer,GEO,7,1,3,3,7.0,0.0,0
2012,Summer,CRO,6,3,1,2,4.0,2.0,0
2012,Summer,PRK,6,4,0,2,3.0,3.0,0
2012,Summer,IND,6,0,2,4,4.0,2.0,0
2012,Summer,RSA,6,3,2,1,4.0,2.0,0
2012,Summer,LTU,5,2,1,2,3.0,2.0,0
2012,Summer,TUR,5,2,2,1,2.0,3.0,0
2012,Summer,IRL,5,1,1,3,4.0,1.0,0
2012,Summer,MGL,5,0,2,3,4.0,1.0,0
2012,Summer,ARG,4,1,1,2,3.0,1.0,0
2012,Summer,SUI,4,2,2,0,3.0,1.0,0
2012,Summer,TTO,4,1,1,2,4.0,0.0,0
2012,Summer,SRB,4,1,1,2,2.0,2.0,0
2012,Summer,NOR,4,2,1,1,3.0,1.0,0
2012,Summer,SLO,4,1,1,2,3.0,1.0,0
2012,Summer,SVK,4,0,1,3,2.0,2.0,0
2012,Summer,UZB,3,1,0,2,3.0,0.0,0
2012,Summer,TUN,3,1,1,1,2.0,1.0,0
2012,Summer,BEL,3,0,1,2,1.0,2.0,0
2012,Summer,FIN,3,0,1,2,1.0,2.0,0
2012,Summer,ARM,3,0,1,2,2.0,1.0,0
2012,Summer,THA,3,0,2,1,1.0,2.0,0
2012,Summer,EGY,2,0,2,0,2.0,0.0,0
2012,Summer,MAS,2,0,1,1,1.0,1.0,0
2012,Summer,GRE,2,0,0,2,1.0,1.0,0
2012,Summer,INA,2,0,1,1,2.0,0.0,0
2012,Summer,EST,2,0,1,1,2.0,0.0,0
2012,Summer,QAT,2,0,0,2,2.0,0.0,0
2012,Summer,PUR,2,0,1,1,2.0,0.0,0
2012,Summer,BUL,2,0,1,1,1.0,1.0,0
2012,Summer,LAT,2,1,0,1,2.0,0.0,0
2012,Summer,DOM,2,1,1,0,2.0,0.0,0
2012,Summer,MDA,2,0,0,2,1.0,1.0,0
2012,Summer,TPE,2,0,1,1,0.0,2.0,0
2012,Summer,SGP,2,0,0,2,0.0,2.0,0
2012,Summer,MAR,1,0,0,1,1.0,0.0,0
2012,Summer,ALG,1,1,0,0,1.0,0.0,0
2012,Summer,TJK,1,0,0,1,0.0,1.0,0
2012,Summer,POR,1,0,1,0,1.0,0.0,0
2012,Summer,UGA,1,1,0,0,1.0,0.0,0
2012,Summer,VEN,1,1,0,0,1.0,0.0,0
2012,Summer,CYP,1,0,1,0,1.0,0.0,0
2012,Summer,KSA,1,0,0,1,1.0,0.0,0
2012,Summer,KUW,1,0,0,1,1.0,0.0,0
2012,Summer,BRN,1,0,0,1,0.0,1.0,0
2012,Summer,GUA,1,0,1,0,1.0,0.0,0
2012,Summer,BAH,1,1,0,0,1.0,0.0,0
2012,Summer,BOT,1,0,1,0,1.0,0.0,0
2012,Summer,HKG,1,0,0,1,0.0,1.0,0
2012,Summer,GAB,1,0,1,0,1.0,0.0,0
2012,Summer,AFG,1,0,0,1,1.0,0.0,0
2012,Summer,MNE,1,0,1,0,0.0,1.0,0
2012,Summer,GRN,1,1,0,0,1.0,0.0,0
2012,Summer,PAK,0,0,0,0,0.0,0.0,0
2012,Summer,CMR,0,0,0,0,0.0,0.0,0
2012,Summer,IRQ,0,0,0,0,0.0,0.0,0
2012,Summer,UAE,0,0,0,0,0.0,0.0,0
2012,Summer,KGZ,0,0,0,0,0.0,0.0,0
2012,Summer,NGR,0,0,0,0,0.0,0.0,0
2012,Summer,JOR,0,0,0,0,0.0,0.0,0
2012,Summer,PLE,0,0,0,0,0.0,0.0,0
2012,Summer,NIG,0,0,0,0,0.0,0.0,0
2012,Summer,SKN,0,0,0,0,0.0,0.0,0
2012,Summer,LBR,0,0,0,0,0.0,0.0,0
2012,Summer,ERI,0,0,0,0,0.0,0.0,0
2012,Summer,RWA,0,0,0,0,0.0,0.0,0
2012,Summer,TOG,0,0,0,0,0.0,0.0,0
2012,Summer,PAR,0,0,0,0,0.0,0.0,0
2012,Summer,URU,0,0,0,0,0.0,0.0,0
2012,Summer,COM,0,0,0,0,0.0,0.0,0
2012,Summer,MDV,0,0,0,0,0.0,0.0,0
2012,Summer,BEN,0,0,0,0,0.0,0.0,0
2012,Summer,CIV,0,0,0,0,0.0,0.0,0
2012,Summer,NAM,0,0,0,0,0.0,0.0,0
2012,Summer,VIN,0,0,0,0,0.0,0.0,0
2012,Summer,YEM,0,0,0,0,0.0,0.0,0
2012,Summer,OMA,0,0,0,0,0.0,0.0,0
2012,Summer,SUD,0,0,0,0,0.0,0.0,0
2012,Summer,FIJ,0,0,0,0,0.0,0.0,0
2012,Summer,VAN,0,0,0,0,0.0,0.0,0
2012,Summer,IVB,0,0,0,0,0.0,0.0,0
2012,Summer,ESA,0,0,0,0,0.0,0.0,0
2012,Summer,MAD,0,0,0,0,0.0,0.0,0
2012,Summer,DJI,0,0,0,0,0.0,0.0,0
2012,Summer,PHI,0,0,0,0,0.0,0.0,0
2012,Summer,SEY,0,0,0,0,0.0,0.0,0
2012,Summer,BAR,0,0,0,0,0.0,0.0,0
2012,Summer,ECU,0,0,0,0,0.0,0.0,0
2012,Summer,ANG,0,0,0,0,0.0,0.0,0
2012,Summer,CRC,0,0,0,0,0.0,0.0,0
2012,Summer,AUT,0,0,0,0,0.0,0.0,0
2012,Summer,GHA,0,0,0,0,0.0,0.0,0
2012,Summer,PLW,0,0,0,0,0.0,0.0,0
2012,Summer,CHI,0,0,0,0,0.0,0.0,0
2012,Summer,PER,0,0,0,0,0.0,0.0,0
2012,Summer,ISL,0,0,0,0,0.0,0.0,0
2012,Summer,ISR,0,0,0,0,0.0,0.0,0
2012,Summer,MRI,0,0,0,0,0.0,0.0,0
2012,Summer,GUM,0,0,0,0,0.0,0.0,0
2012,Summer,MYA,0,0,0,0,0.0,0.0,0
2012,Summer,SEN,0,0,0,0,0.0,0.0,0
2012,Summer,LIB,0,0,0,0,0.0,0.0,0
2012,Summer,ANT,0,0,0,0,0.0,0.0,0
2012,Summer,CGO,0,0,0,0,0.0,0.0,0
2012,Summer,BOL,0,0,0,0,0.0,0.0,0
2012,Summer,MON,0,0,0,0,0.0,0.0,0
2012,Summer,SYR,0,0,0,0,0.0,0.0,0
2012,Summer,GUI,0,0,0,0,0.0,0.0,0
2012,Summer,GUY,0,0,0,0,0.0,0.0,0
2012,Summer,TKM,0,0,0,0,0.0,0.0,0
2012,Summer,LCA,0,0,0,0,0.0,0.0,0
2012,Summer,ALB,0,0,0,0,0.0,0.0,0
2012,Summer,HON,0,0,0,0,0.0,0.0,0
2012,Summer,SAM,0,0,0,0,0.0,0.0,0
2012,Summer,AND,0,0,0,0,0.0,0.0,0
2012,Summer,BDI,0,0,0,0,0.0,0.0,0
2012,Summer,MKD,0,0,0,0,0.0,0.0,0
2012,Summer,IOA,0,0,0,0,0.0,0.0,0
2012,Summer,MLT,0,0,0,0,0.0,0.0,0
2012,Summer,CAF,0,0,0,0,0.0,0.0,0
2012,Summer,NCA,0,0,0,0,0.0,0.0,0
2012,Summer,COK,0,0,0,0,0.0,0.0,0
2012,Summer,BER,0,0,0,0,0.0,0.0,0
2012,Summer,BAN,0,0,0,0,0.0,0.0,0
2012,Summer,LUX,0,0,0,0,0.0,0.0,0
2012,Summer,MOZ,0,0,0,0,0.0,0.0,0
2012,Summer,MLI,0,0,0,0,0.0,0.0,0
2012,Summer,PAN,0,0,0,0,0.0,0.0,0
2012,Summer,CAM,0,0,0,0,0.0,0.0,0
2012,Summer,BHU,0,0,0,0,0.0,0.0,0
2012,Summer,ZAM,0,0,0,0,0.0,0.0,0
2012,Summer,VIE,0,0,0,0,0.0,0.0,0
2012,Summer,GAM,0,0,0,0,0.0,0.0,0
2012,Summer,SRI,0,0,0,0,0.0,0.0,0
2012,Summer,ZIM,0,0,0,0,0.0,0.0,0
2012,Summer,STP,0,0,0,0,0.0,0.0,0
2012,Summer,GBS,0,0,0,0,0.0,0.0,0
2012,Summer,FSM,0,0,0,0,0.0,0.0,0
2012,Summer,KIR,0,0,0,0,0.0,0.0,0
2012,Summer,HAI,0,0,0,0,0.0,0.0,0
2012,Summer,NRU,0,0,0,0,0.0,0.0,0
2012,Summer,NEP,0,0,0,0,0.0,0.0,0
2012,Summer,LBA,0,0,0,0,0.0,0.0,0
2012,Summer,MTN,0,0,0,0,0.0,0.0,0
2012,Summer,GEQ,0,0,0,0,0.0,0.0,0
2012,Summer,ASA,0,0,0,0,0.0,0.0,0
2012,Summer,SOM,0,0,0,0,0.0,0.0,0
2012,Summer,BIH,0,0,0,0,0.0,0.0,0
2012,Summer,TGA,0,0,0,0,0.0,0.0,0
2012,Summer,CAY,0,0,0,0,0.0,0.0,0
2012,Summer,DMA,0,0,0,0,0.0,0.0,0
2012,Summer,MHL,0,0,0,0,0.0,0.0,0
2012,Summer,TAN,0,0,0,0,0.0,0.0,0
2012,Summer,SMR,0,0,0,0,0.0,0.0,0
2012,Summer,ISV,0,0,0,0,0.0,0.0,0
2012,Summer,SWZ,0,0,0,0,0.0,0.0,0
2012,Summer,LIE,0,0,0,0,0.0,0.0,0
2012,Summer,ARU,0,0,0,0,0.0,0.0,0
2012,Summer,LAO,0,0,0,0,0.0,0.0,0
2012,Summer,PNG,0,0,0,0,0.0,0.0,0
2012,Summer,COD,0,0,0,0,0.0,0.0,0
2012,Summer,BUR,0,0,0,0,0.0,0.0,0
2012,Summer,SOL,0,0,0,0,0.0,0.0,0
2012,Summer,TUV,0,0,0,0,0.0,0.0,0
2012,Summer,LES,0,0,0,0,0.0,0.0,0
2012,Summer,BRU,0,0,0,0,0.0,0.0,0
2012,Summer,CPV,0,0,0,0,0.0,0.0,0
2012,Summer,BIZ,0,0,0,0,0.0,0.0,0
2012,Summer,TLS,0,0,0,0,0.0,0.0,0
2012,Summer,CHA,0,0,0,0,0.0,0.0,0
2012,Summer,SUR,0,0,0,0,0.0,0.0,0
2012,Summer,SLE,0,0,0,0,0.0,0.0,0
2012,Summer,MAW,0,0,0,0,0.0,0.0,0
2014,Winter,RUS,33,13,11,9,23.0,10.0,1
2014,Winter,USA,28,9,7,12,14.0,14.0,0
2014,Winter,NOR,26,11,5,10,13.0,13.0,0
2014,Winter,CAN,25,10,10,5,14.0,11.0,0
2014,Winter,NED,24,8,7,9,14.0,10.0,0
2014,Winter,GER,19,8,6,5,9.0,10.0,0
2014,Winter,AUT,17,4,8,5,9.0,8.0,0
2014,Winter,FRA,15,4,4,7,12.0,3.0,0
2014,Winter,SWE,15,2,7,6,9.0,6.0,0
2014,Winter,SUI,11,6,3,2,6.0,5.0,0
2014,Winter,CHN,9,3,4,2,4.0,5.0,0
2014,Winter,JPN,8,1,4,3,6.0,2.0,0
2014,Winter,ITA,8,0,2,6,4.0,4.0,0
2014,Winter,CZE,8,2,4,2,4.0,4.0,0
2014,Winter,SLO,8,2,2,4,4.0,4.0,0
2014,Winter,KOR,8,3,3,2,1.0,7.0,0
2014,Winter,BLR,6,5,0,1,1.0,5.0,0
2014,Winter,POL,6,4,1,1,4.0,2.0,0
2014,Winter,FIN,5,1,3,1,2.0,3.0,0
2014,Winter,LAT,4,0,2,2,4.0,0.0,0
2014,Winter,GBR,4,1,1,2,1.0,3.0,0
2014,Winter,AUS,3,0,2,1,1.0,2.0,0
2014,Winter,UKR,2,1,0,1,0.0,2.0,0
2014,Winter,KAZ,1,0,0,1,1.0,0.0,0
2014,Winter,SVK,1,1,0,0,0.0,1.0,0
2014,Winter,CRO,1,0,1,0,1.0,0.0,0
2014,Winter,IRI,0,0,0,0,0.0,0.0,0
2014,Winter,GEO,0,0,0,0,0.0,0.0,0
2014,Winter,ROU,0,0,0,0,0.0,0.0,0
2014,Winter,BEL,0,0,0,0,0.0,0.0,0
2014,Winter,TOG,0,0,0,0,0.0,0.0,0
2014,Winter,TUR,0,0,0,0,0.0,0.0,0
2014,Winter,MON,0,0,0,0,0.0,0.0,0
2014,Winter,BUL,0,0,0,0,0.0,0.0,0
2014,Winter,GRE,0,0,0,0,0.0,0.0,0
2014,Winter,LTU,0,0,0,0,0.0,0.0,0
2014,Winter,ISL,0,0,0,0,0.0,0.0,0
2014,Winter,TGA,0,0,0,0,0.0,0.0,0
2014,Winter,ARG,0,0,0,0,0.0,0.0,0
2014,Winter,CHI,0,0,0,0,0.0,0.0,0
2014,Winter,NZL,0,0,0,0,0.0,0.0,0
2014,Winter,IRL,0,0,0,0,0.0,0.0,0
2014,Winter,HUN,0,0,0,0,0.0,0.0,0
2014,Winter,BRA,0,0,0,0,0.0,0.0,0
2014,Winter,TPE,0,0,0,0,0.0,0.0,0
2014,Winter,MGL,0,0,0,0,0.0,0.0,0
2014,Winter,AZE,0,0,0,0,0.0,0.0,0
2014,Winter,MNE,0,0,0,0,0.0,0.0,0
2014,Winter,SRB,0,0,0,0,0.0,0.0,0
2014,Winter,ISR,0,0,0,0,0.0,0.0,0
2014,Winter,MDA,0,0,0,0,0.0,0.0,0
2014,Winter,ISV,0,0,0,0,0.0,0.0,0
2014,Winter,PER,0,0,0,0,0.0,0.0,0
2014,Winter,ESP,0,0,0,0,0.0,0.0,0
2014,Winter,LIB,0,0,0,0,0.0,0.0,0
2014,Winter,IVB,0,0,0,0,0.0,0.0,0
2014,Winter,MKD,0,0,0,0,0.0,0.0,0
2014,Winter,DMA,0,0,0,0,0.0,0.0,0
2014,Winter,POR,0,0,0,0,0.0,0.0,0
2014,Winter,JAM,0,0,0,0,0.0,0.0,0
2014,Winter,DEN,0,0,0,0,0.0,0.0,0
2014,Winter,EST,0,0,0,0,0.0,0.0,0
2014,Winter,ARM,0,0,0,0,0.0,0.0,0
2014,Winter,UZB,0,0,0,0,0.0,0.0,0
2014,Winter,TLS,0,0,0,0,0.0,0.0,0
2014,Winter,AND,0,0,0,0,0.0,0.0,0
2014,Winter,LIE,0,0,0,0,0.0,0.0,0
2014,Winter,IND,0,0,0,0,0.0,0.0,0
2014,Winter,PAK,0,0,0,0,0.0,0.0,0
2014,Winter,BIH,0,0,0,0,0.0,0.0,0
2014,Winter,IOA,0,0,0,0,0.0,0.0,0
2014,Winter,MAR,0,0,0,0,0.0,0.0,0
2014,Winter,HKG,0,0,0,0,0.0,0.0,0
2014,Winter,PAR,0,0,0,0,0.0,0.0,0
2014,Winter,PHI,0,0,0,0,0.0,0.0,0
2014,Winter,ALB,0,0,0,0,0.0,0.0,0
2014,Winter,SMR,0,0,0,0,0.0,0.0,0
2014,Winter,BER,0,0,0,0,0.0,0.0,0
2014,Winter,CYP,0,0,0,0,0.0,0.0,0
2014,Winter,VEN,0,0,0,0,0.0,0.0,0
2014,Winter,MLT,0,0,0,0,0.0,0.0,0
2014,Winter,LUX,0,0,0,0,0.0,0.0,0
2014,Winter,TJK,0,0,0,0,0.0,0.0,0
2014,Winter,NEP,0,0,0,0,0.0,0.0,0
2014,Winter,ZIM,0,0,0,0,0.0,0.0,0
2014,Winter,THA,0,0,0,0,0.0,0.0,0
2014,Winter,KGZ,0,0,0,0,0.0,0.0,0
2014,Winter,CAY,0,0,0,0,0.0,0.0,0
2014,Winter,MEX,0,0,0,0,0.0,0.0,0
2016,Summer,USA,121,46,37,38,57.0,64.0,0
2016,Summer,CHN,70,26,18,26,29.0,41.0,0
2016,Summer,GBR,67,27,23,17,41.0,26.0,0
2016,Summer,RUS,56,19,17,20,27.0,29.0,0
2016,Summer,FRA,42,10,18,14,31.0,11.0,0
2016,Summer,GER,42,17,10,15,23.0,19.0,0
2016,Summer,JPN,41,12,8,21,23.0,18.0,0
2016,Summer,AUS,29,8,11,10,16.0,13.0,0
2016,Summer,ITA,28,8,12,8,18.0,10.0,0
2016,Summer,CAN,22,4,3,15,6.0,16.0,0
2016,Summer,KOR,21,9,3,9,12.0,9.0,0
2016,Summer,NED,19,8,7,4,7.0,12.0,0
2016,Summer,BRA,19,7,6,6,14.0,5.0,1
2016,Summer,AZE,18,1,7,10,14.0,4.0,0
2016,Summer,KAZ,18,3,5,10,10.0,8.0,0
2016,Summer,NZL,18,4,9,5,7.0,11.0,0
2016,Summer,ESP,17,7,4,6,8.0,9.0,0
2016,Summer,DEN,15,2,6,7,7.0,8.0,0
2016,Summer,HUN,15,8,3,4,5.0,10.0,0
2016,Summer,UZB,13,4,2,7,13.0,0.0,0
2016,Summer,KEN,13,6,6,1,6.0,7.0,0
2016,Summer,CUB,11,5,2,4,9.0,2.0,0
2016,Summer,SWE,11,2,6,3,3.0,8.0,0
2016,Summer,UKR,11,2,5,4,8.0,3.0,0
2016,Summer,JAM,11,6,3,2,5.0,6.0,0
2016,Summer,POL,11,2,3,6,3.0,8.0,0
2016,Summer,RSA,10,2,6,2,8.0,2.0,0
2016,Summer,CZE,10,1,2,7,6.0,4.0,0
2016,Summer,CRO,10,5,3,2,7.0,3.0,0
2016,Summer,BLR,9,1,4,4,5.0,4.0,0
2016,Summer,IRI,8,3,1,4,7.0,1.0,0
2016,Summer,ETH,8,1,2,5,3.0,5.0,0
2016,Summer,COL,8,3,2,3,4.0,4.0,0
2016,Summer,TUR,8,1,3,4,7.0,1.0,0
2016,Summer,SRB,8,2,4,2,4.0,4.0,0
2016,Summer,SUI,7,3,2,2,3.0,4.0,0
2016,Summer,GEO,7,2,1,4,7.0,0.0,0
2016,Summer,PRK,7,2,3,2,3.0,4.0,0
2016,Summer,BEL,6,2,2,2,4.0,2.0,0
2016,Summer,GRE,6,3,1,2,3.0,3.0,0
2016,Summer,THA,6,2,2,2,2.0,4.0,0
2016,Summer,MEX,5,0,3,2,3.0,2.0,0
2016,Summer,MAS,5,0,4,1,4.0,1.0,0
2016,Summer,ROU,4,1,1,2,2.0,2.0,0
2016,Summer,ARM,4,1,3,0,4.0,0.0,0
2016,Summer,ARG,4,3,1,0,2.0,2.0,0
2016,Summer,LTU,4,0,1,3,3.0,1.0,0
2016,Summer,NOR,4,0,0,4,3.0,1.0,0
2016,Summer,SVK,4,2,2,0,4.0,0.0,0
2016,Summer,SLO,4,1,2,1,2.0,2.0,0
2016,Summer,EGY,3,0,0,3,1.0,2.0,0
2016,Summer,VEN,3,0,1,2,1.0,2.0,0
2016,Summer,INA,3,1,2,0,2.0,1.0,0
2016,Summer,TUN,3,0,0,3,1.0,2.0,0
2016,Summer,BUL,3,0,1,2,0.0,3.0,0
2016,Summer,TPE,3,1,0,2,0.0,3.0,0
2016,Summer,ALG,2,0,2,0,2.0,0.0,0
2016,Summer,BRN,2,1,1,0,0.0,2.0,0
2016,Summer,IRL,2,0,2,0,1.0,1.0,0
2016,Summer,IND,2,0,1,1,0.0,2.0,0
2016,Summer,MGL,2,0,1,1,1.0,1.0,0
2016,Summer,CIV,2,1,0,1,1.0,1.0,0
2016,Summer,IOA,2,1,0,1,2.0,0.0,0
2016,Summer,BAH,2,1,0,1,1.0,1.0,0
2016,Summer,ISR,2,0,0,2,1.0,1.0,0
2016,Summer,VIE,2,1,1,0,2.0,0.0,0
2016,Summer,TJK,1,1,0,0,1.0,0.0,0
2016,Summer,NGR,1,0,0,1,1.0,0.0,0
2016,Summer,POR,1,0,0,1,0.0,1.0,0
2016,Summer,JOR,1,1,0,0,1.0,0.0,0
2016,Summer,PUR,1,1,0,0,0.0,1.0,0
2016,Summer,TTO,1,0,0,1,1.0,0.0,0
2016,Summer,SGP,1,1,0,0,1.0,0.0,0
2016,Summer,MAR,1,0,0,1,1.0,0.0,0
2016,Summer,QAT,1,0,1,0,1.0,0.0,0
2016,Summer,UAE,1,0,0,1,1.0,0.0,0
2016,Summer,AUT,1,0,0,1,0.0,1.0,0
2016,Summer,NIG,1,0,1,0,1.0,0.0,0
2016,Summer,PHI,1,0,1,0,0.0,1.0,0
2016,Summer,EST,1,0,0,1,1.0,0.0,0
2016,Summer,DOM,1,0,0,1,1.0,0.0,0
2016,Summer,FIJ,1,1,0,0,1.0,0.0,0
2016,Summer,FIN,1,0,0,1,0.0,1.0,0
2016,Summer,GRN,1,0,1,0,1.0,0.0,0
2016,Summer,BDI,1,0,1,0,0.0,1.0,0
2016,Summer,KOS,1,1,0,0,0.0,1.0,0
2016,Summer,IRQ,0,0,0,0,0.0,0.0,0
2016,Summer,CMR,0,0,0,0,0.0,0.0,0
2016,Summer,BRU,0,0,0,0,0.0,0.0,0
2016,Summer,SRI,0,0,0,0,0.0,0.0,0
2016,Summer,CHI,0,0,0,0,0.0,0.0,0
2016,Summer,GUY,0,0,0,0,0.0,0.0,0
2016,Summer,DJI,0,0,0,0,0.0,0.0,0
2016,Summer,PLE,0,0,0,0,0.0,0.0,0
2016,Summer,KSA,0,0,0,0,0.0,0.0,0
2016,Summer,GHA,0,0,0,0,0.0,0.0,0
2016,Summer,HON,0,0,0,0,0.0,0.0,0
2016,Summer,ESA,0,0,0,0,0.0,0.0,0
2016,Summer,TKM,0,0,0,0,0.0,0.0,0
2016,Summer,SKN,0,0,0,0,0.0,0.0,0
2016,Summer,ERI,0,0,0,0,0.0,0.0,0
2016,Summer,UGA,0,0,0,0,0.0,0.0,0
2016,Summer,NAM,0,0,0,0,0.0,0.0,0
2016,Summer,KGZ,0,0,0,0,0.0,0.0,0
2016,Summer,SAM,0,0,0,0,0.0,0.0,0
2016,Summer,ANG,0,0,0,0,0.0,0.0,0
2016,Summer,PAR,0,0,0,0,0.0,0.0,0
2016,Summer,BAN,0,0,0,0,0.0,0.0,0
2016,Summer,OMA,0,0,0,0,0.0,0.0,0
2016,Summer,MDA,0,0,0,0,0.0,0.0,0
2016,Summer,MRI,0,0,0,0,0.0,0.0,0
2016,Summer,VIN,0,0,0,0,0.0,0.0,0
2016,Summer,CRC,0,0,0,0,0.0,0.0,0
2016,Summer,SUD,0,0,0,0,0.0,0.0,0
2016,Summer,MAD,0,0,0,0,0.0,0.0,0
2016,Summer,PAK,0,0,0,0,0.0,0.0,0
2016,Summer,CHA,0,0,0,0,0.0,0.0,0
2016,Summer,BIH,0,0,0,0,0.0,0.0,0
2016,Summer,CAY,0,0,0,0,0.0,0.0,0
2016,Summer,SYR,0,0,0,0,0.0,0.0,0
2016,Summer,SEY,0,0,0,0,0.0,0.0,0
2016,Summer,ECU,0,0,0,0,0.0,0.0,0
2016,Summer,PAN,0,0,0,0,0.0,0.0,0
2016,Summer,GAB,0,0,0,0,0.0,0.0,0
2016,Summer,BOT,0,0,0,0,0.0,0.0,0
2016,Summer,ROT,0,0,0,0,0.0,0.0,0
2016,Summer,CPV,0,0,0,0,0.0,0.0,0
2016,Summer,BEN,0,0,0,0,0.0,0.0,0
2016,Summer,URU,0,0,0,0,0.0,0.0,0
2016,Summer,LAT,0,0,0,0,0.0,0.0,0
2016,Summer,AND,0,0,0,0,0.0,0.0,0
2016,Summer,CYP,0,0,0,0,0.0,0.0,0
2016,Summer,COM,0,0,0,0,0.0,0.0,0
2016,Summer,LBA,0,0,0,0,0.0,0.0,0
2016,Summer,HKG,0,0,0,0,0.0,0.0,0
2016,Summer,LCA,0,0,0,0,0.0,0.0,0
2016,Summer,MOZ,0,0,0,0,0.0,0.0,0
2016,Summer,FSM,0,0,0,0,0.0,0.0,0
2016,Summer,TOG,0,0,0,0,0.0,0.0,0
2016,Summer,MTN,0,0,0,0,0.0,0.0,0
2016,Summer,YEM,0,0,0,0,0.0,0.0,0
2016,Summer,ANT,0,0,0,0,0.0,0.0,0
2016,Summer,AFG,0,0,0,0,0.0,0.0,0
2016,Summer,MKD,0,0,0,0,0.0,0.0,0
2016,Summer,GUI,0,0,0,0,0.0,0.0,0
2016,Summer,LIB,0,0,0,0,0.0,0.0,0
2016,Summer,MNE,0,0,0,0,0.0,0.0,0
2016,Summer,GUA,0,0,0,0,0.0,0.0,0
2016,Summer,PNG,0,0,0,0,0.0,0.0,0
2016,Summer,ZIM,0,0,0,0,0.0,0.0,0
2016,Summer,GAM,0,0,0,0,0.0,0.0,0
2016,Summer,BAR,0,0,0,0,0.0,0.0,0
2016,Summer,COK,0,0,0,0,0.0,0.0,0
2016,Summer,MLT,0,0,0,0,0.0,0.0,0
2016,Summer,NEP,0,0,0,0,0.0,0.0,0
2016,Summer,STP,0,0,0,0,0.0,0.0,0
2016,Summer,CGO,0,0,0,0,0.0,0.0,0
2016,Summer,CAF,0,0,0,0,0.0,0.0,0
2016,Summer,SEN,0,0,0,0,0.0,0.0,0
2016,Summer,PER,0,0,0,0,0.0,0.0,0
2016,Summer,NRU,0,0,0,0,0.0,0.0,0
2016,Summer,GBS,0,0,0,0,0.0,0.0,0
2016,Summer,LAO,0,0,0,0,0.0,0.0,0
2016,Summer,RWA,0,0,0,0,0.0,0.0,0
2016,Summer,TLS,0,0,0,0,0.0,0.0,0
2016,Summer,ALB,0,0,0,0,0.0,0.0,0
2016,Summer,LUX,0,0,0,0,0.0,0.0,0
2016,Summer,HAI,0,0,0,0,0.0,0.0,0
2016,Summer,BOL,0,0,0,0,0.0,0.0,0
2016,Summer,ZAM,0,0,0,0,0.0,0.0,0
2016,Summer,MAW,0,0,0,0,0.0,0.0,0
2016,Summer,CAM,0,0,0,0,0.0,0.0,0
2016,Summer,ISV,0,0,0,0,0.0,0.0,0
2016,Summer,MLI,0,0,0,0,0.0,0.0,0
2016,Summer,MHL,0,0,0,0,0.0,0.0,0
2016,Summer,MON,0,0,0,0,0.0,0.0,0
2016,Summer,PLW,0,0,0,0,0.0,0.0,0
2016,Summer,BER,0,0,0,0,0.0,0.0,0
2016,Summer,DMA,0,0,0,0,0.0,0.0,0
2016,Summer,GEQ,0,0,0,0,0.0,0.0,0
2016,Summer,TGA,0,0,0,0,0.0,0.0,0
2016,Summer,SOL,0,0,0,0,0.0,0.0,0
2016,Summer,ISL,0,0,0,0,0.0,0.0,0
2016,Summer,IVB,0,0,0,0,0.0,0.0,0
2016,Summer,SSD,0,0,0,0,0.0,0.0,0
2016,Summer,LIE,0,0,0,0,0.0,0.0,0
2016,Summer,TAN,0,0,0,0,0.0,0.0,0
2016,Summer,MYA,0,0,0,0,0.0,0.0,0
2016,Summer,GUM,0,0,0,0,0.0,0.0,0
2016,Summer,MDV,0,0,0,0,0.0,0.0,0
2016,Summer,SLE,0,0,0,0,0.0,0.0,0
2016,Summer,BIZ,0,0,0,0,0.0,0.0,0
2016,Summer,ASA,0,0,0,0,0.0,0.0,0
2016,Summer,COD,0,0,0,0,0.0,0.0,0
2016,Summer,BHU,0,0,0,0,0.0,0.0,0
2016,Summer,KIR,0,0,0,0,0.0,0.0,0
2016,Summer,BUR,0,0,0,0,0.0,0.0,0
2016,Summer,SUR,0,0,0,0,0.0,0.0,0
2016,Summer,LBR,0,0,0,0,0.0,0.0,0
2016,Summer,NCA,0,0,0,0,0.0,0.0,0
2016,Summer,LES,0,0,0,0,0.0,0.0,0
2016,Summer,VAN,0,0,0,0,0.0,0.0,0
2016,Summer,ARU,0,0,0,0,0.0,0.0,0
2016,Summer,SWZ,0,0,0,0,0.0,0.0,0
2016,Summer,SOM,0,0,0,0,0.0,0.0,0
2016,Summer,SMR,0,0,0,0,0.0,0.0,0
2016,Summer,TUV,0,0,0,0,0.0,0.0,0
2018,Winter,NOR,39,14,14,11,,,0
2018,Winter,GER,31,14,10,7,,,0
2018,Winter,CAN,29,11,8,10,,,0
2018,Winter,USA,23,9,8,6,,,0
2018,Winter,NED,20,8,6,6,,,0
2018,Winter,KOR,17,5,8,4,,,1
2018,Winter,OAR,17,2,6,9,,,0
2018,Winter,SUI,15,5,6,4,,,0
2018,Winter,FRA,15,5,4,6,,,0
2018,Winter,SWE,14,7,6,1,,,0
2018,Winter,AUT,14,5,3,6,,,0
2018,Winter,JPN,13,4,5,4,,,0
2018,Winter,ITA,10,3,2,5,,,0
2018,Winter,CHN,9,1,6,2,,,0
2018,Winter,CZE,7,2,2,3,,,0
2018,Winter,FIN,6,1,1,4,,,0
2018,Winter,GBR,5,1,0,4,,,0
2018,Winter,BLR,3,2,1,0,,,0
2018,Winter,SVK,3,1,2,0,,,0
2018,Winter,AUS,3,0,2,1,,,0
2018,Winter,POL,2,1,0,1,,,0
2018,Winter,SLO,2,0,1,1,,,0
2018,Winter,NZL,2,0,0,2,,,0
2018,Winter,ESP,2,0,0,2,,,0
2018,Winter,HUN,1,1,0,0,,,0
2018,Winter,UKR,1,1,0,0,,,0
2018,Winter,BEL,1,0,1,0,,,0
2018,Winter,KAZ,1,0,0,1,,,0
2018,Winter,LAT,1,0,0,1,,,0
2018,Winter,LIE,1,0,0,1,,,0
2020,Summer,USA,113,39,41,33,,,0
2020,Summer,CHN,89,38,32,19,,,0
2020,Summer,ROC,71,20,28,23,,,0
2020,Summer,GBR,64,22,20,22,,,0
2020,Summer,JPN,58,27,14,17,,,1
2020,Summer,AUS,46,17,7,22,,,0
2020,Summer,ITA,40,10,10,20,,,0
2020,Summer,GER,37,10,11,16,,,0
2020,Summer,NED,36,10,12,14,,,0
2020,Summer,FRA,33,10,12,11,,,0
2020,Summer,CAN,24,7,7,10,,,0
2020,Summer,BRA,21,7,6,8,,,0
2020,Summer,NZL,20,7,6,7,,,0
2020,Summer,HUN,20,6,7,7,,,0
2020,Summer,KOR,20,6,4,10,,,0
2020,Summer,UKR,19,1,6,12,,,0
2020,Summer,ESP,17,3,8,6,,,0
2020,Summer,CUB,15,7,3,5,,,0
2020,Summer,POL,14,4,5,5,,,0
2020,Summer,SUI,13,3,4,6,,,0
2020,Summer,TUR,13,2,2,9,,,0
2020,Summer,TPE,12,2,4,6,,,0
2020,Summer,CZE,11,4,4,3,,,0
2020,Summer,DEN,11,3,4,4,,,0
2020,Summer,KEN,10,4,4,2,,,0
2020,Summer,JAM,9,4,1,4,,,0
2020,Summer,SWE,9,3,6,0,,,0
2020,Summer,CRO,9,3,3,3,,,0
2020,Summer,NOR,8,4,2,2,,,0
2020,Summer,SRB,8,3,1,4,,,0
2020,Summer,GEO,8,2,5,1,,,0
2020,Summer,KAZ,8,0,0,8,,,0
2020,Summer,IRI,7,3,2,2,,,0
2020,Summer,BEL,7,3,1,3,,,0
2020,Summer,BLR,7,1,3,3,,,0
2020,Summer,IND,7,1,2,4,,,0
2020,Summer,AUT,7,1,1,5,,,0
2020,Summer,AZE,7,0,3,4,,,0
2020,Summer,BUL,6,3,1,2,,,0
2020,Summer,HKG,6,1,2,3,,,0
2020,Summer,EGY,6,1,1,4,,,0
2020,Summer,SLO,5,3,1,1,,,0
2020,Summer,UZB,5,3,0,2,,,0
2020,Summer,INA,5,1,1,3,,,0
2020,Summer,COL,5,0,4,1,,,0
2020,Summer,DOM,5,0,3,2,,,0
2020,Summer,GRE,4,2,1,1,,,0
2020,Summer,UGA,4,2,1,1,,,0
2020,Summer,IRL,4,2,0,2,,,0
2020,Summer,ISR,4,2,0,2,,,0
2020,Summer,ROU,4,1,3,0,,,0
2020,Summer,VEN,4,1,3,0,,,0
2020,Summer,PHI,4,1,2,1,,,0
2020,Summer,SVK,4,1,2,1,,,0
2020,Summer,ETH,4,1,1,2,,,0
2020,Summer,POR,4,1,1,2,,,0
2020,Summer,ARM,4,0,2,2,,,0
2020,Summer,MGL,4,0,1,3,,,0
2020,Summer,MEX,4,0,0,4,,,0
2020,Summer,ECU,3,2,1,0,,,0
2020,Summer,QAT,3,2,0,1,,,0
2020,Summer,RSA,3,1,2,0,,,0
2020,Summer,KGZ,3,0,2,1,,,0
2020,Summer,ARG,3,0,1,2,,,0
2020,Summer,SMR,3,0,1,2,,,0
2020,Summer,BAH,2,2,0,0,,,0
2020,Summer,KOS,2,2,0,0,,,0
2020,Summer,TUN,2,1,1,0,,,0
2020,Summer,EST,2,1,0,1,,,0
2020,Summer,FIJ,2,1,0,1,,,0
2020,Summer,LAT,2,1,0,1,,,0
2020,Summer,THA,2,1,0,1,,,0
2020,Summer,JOR,2,0,1,1,,,0
2020,Summer,MAS,2,0,1,1,,,0
2020,Summer,NGR,2,0,1,1,,,0
2020,Summer,FIN,2,0,0,2,,,0
2020,Summer,BER,1,1,0,0,,,0
2020,Summer,MAR,1,1,0,0,,,0
2020,Summer,PUR,1,1,0,0,,,0
2020,Summer,BRN,1,0,1,0,,,0
2020,Summer,LTU,1,0,1,0,,,0
2020,Summer,NAM,1,0,1,0,,,0
2020,Summer,MKD,1,0,1,0,,,0
2020,Summer,KSA,1,0,1,0,,,0
2020,Summer,TKM,1,0,1,0,,,0
2020,Summer,BOT,1,0,0,1,,,0
2020,Summer,BUR,1,0,0,1,,,0
2020,Summer,GHA,1,0,0,1,,,0
2020,Summer,GRN,1,0,0,1,,,0
2020,Summer,CIV,1,0,0,1,,,0
2020,Summer,KUW,1,0,0,1,,,0
2020,Summer,MDA,1,0,0,1,,,0
2020,Summer,SYR,1,0,0,1,,,0
2022,Winter,NOR,37,16,8,13,,,0
2022,Winter,ROC,32,5,12,15,,,0
2022,Winter,GER,27,12,10,5,,,0
2022,Winter,CAN,26,4,8,14,,,0
2022,Winter,USA,25,9,9,7,,,0
2022,Winter,SWE,18,8,5,5,,,0
2022,Winter,AUT,18,7,7,4,,,0
2022,Winter,JPN,18,3,7,8,,,0
2022,Winter,NED,17,8,5,4,,,0
2022,Winter,ITA,17,2,7,8,,,0
2022,Winter,CHN,15,9,4,2,,,1
2022,Winter,SUI,15,7,2,6,,,0
2022,Winter,FRA,14,5,7,2,,,0
2022,Winter,KOR,9,2,5,2,,,0
2022,Winter,FIN,8,2,2,4,,,0
2022,Winter,SLO,7,2,3,2,,,0
2022,Winter,AUS,4,1,2,1,,,0
2022,Winter,NZL,3,2,1,0,,,0
2022,Winter,HUN,3,1,0,2,,,0
2022,Winter,GBR,2,1,1,0,,,0
2022,Winter,BEL,2,1,0,1,,,0
2022,Winter,CZE,2,1,0,1,,,0
2022,Winter,SVK,2,1,0,1,,,0
2022,Winter,BLR,2,0,2,0,,,0
2022,Winter,ESP,1,0,1,0,,,0
2022,Winter,UKR,1,0,1,0,,,0
2022,Winter,EST,1,0,0,1,,,0
2022,Winter,LAT,1,0,0,1,,,0
2022,Winter,POL,1,0,0,1,,,0
2024,Summer,USA,126,40,44,42,,,0
2024,Summer,CHN,91,40,27,24,,,0
2024,Summer,GBR,65,14,22,29,,,0
2024,Summer,FRA,64,16,26,22,,,1
2024,Summer,AUS,53,18,19,16,,,0
2024,Summer,JPN,45,20,12,13,,,0
2024,Summer,ITA,40,12,13,15,,,0
2024,Summer,NED,34,15,7,12,,,0
2024,Summer,GER,33,12,13,8,,,0
2024,Summer,KOR,32,13,9,10,,,0
2024,Summer,CAN,27,9,7,11,,,0
2024,Summer,NZL,20,10,7,3,,,0
2024,Summer,BRA,20,3,7,10,,,0
2024,Summer,HUN,19,6,7,6,,,0
2024,Summer,ESP,18,5,4,9,,,0
2024,Summer,UZB,13,8,2,3,,,0
2024,Summer,IRI,12,3,6,3,,,0
2024,Summer,UKR,12,3,5,4,,,0
2024,Summer,SWE,11,4,4,3,,,0
2024,Summer,KEN,11,4,2,5,,,0
2024,Summer,BEL,10,3,1,6,,,0
2024,Summer,POL,10,1,4,5,,,0
2024,Summer,ROU,9,3,4,2,,,0
2024,Summer,DEN,9,2,2,5,,,0
2024,Summer,CUB,9,2,1,6,,,0
2024,Summer,NOR,8,4,1,3,,,0
2024,Summer,SUI,8,1,2,5,,,0
2024,Summer,GRE,8,1,1,6,,,0
2024,Summer,TUR,8,0,3,5,,,0
2024,Summer,IRL,7,4,0,3,,,0
2024,Summer,GEO,7,3,3,1,,,0
2024,Summer,BUL,7,3,1,3,,,0
2024,Summer,AZE,7,2,2,3,,,0
2024,Summer,CRO,7,2,2,3,,,0
2024,Summer,TPE,7,2,0,5,,,0
2024,Summer,ISR,7,1,5,1,,,0
2024,Summer,KAZ,7,1,3,3,,,0
2024,Summer,JAM,6,1,3,2,,,0
2024,Summer,RSA,6,1,3,2,,,0
2024,Summer,THA,6,1,3,2,,,0
2024,Summer,KGZ,6,0,2,4,,,0
2024,Summer,PRK,6,0,2,4,,,0
2024,Summer,IND,6,0,1,5,,,0
2024,Summer,SRB,5,3,1,1,,,0
2024,Summer,CZE,5,3,0,2,,,0
2024,Summer,AUT,5,2,0,3,,,0
2024,Summer,AIN,5,1,3,1,,,0
2024,Summer,ECU,5,1,2,2,,,0
2024,Summer,MEX,5,0,3,2,,,0
2024,Summer,BRN,4,2,1,1,,,0
2024,Summer,HKG,4,2,0,2,,,0
2024,Summer,PHI,4,2,0,2,,,0
2024,Summer,ETH,4,1,3,0,,,0
2024,Summer,POR,4,1,2,1,,,0
2024,Summer,ARM,4,0,3,1,,,0
2024,Summer,COL,4,0,3,1,,,0
2024,Summer,LTU,4,0,2,2,,,0
2024,Summer,MDA,4,0,1,3,,,0
2024,Summer,SLO,3,2,1,0,,,0
2024,Summer,ALG,3,2,0,1,,,0
2024,Summer,INA,3,2,0,1,,,0
2024,Summer,ARG,3,1,1,1,,,0
2024,Summer,EGY,3,1,1,1,,,0
2024,Summer,TUN,3,1,1,1,,,0
2024,Summer,DOM,3,1,0,2,,,0
2024,Summer,TJK,3,0,0,3,,,0
2024,Summer,BOT,2,1,1,0,,,0
2024,Summer,CHI,2,1,1,0,,,0
2024,Summer,LCA,2,1,1,0,,,0
2024,Summer,UGA,2,1,1,0,,,0
2024,Summer,GUA,2,1,0,1,,,0
2024,Summer,MAR,2,1,0,1,,,0
2024,Summer,KOS,2,0,1,1,,,0
2024,Summer,ALB,2,0,0,2,,,0
2024,Summer,GRN,2,0,0,2,,,0
2024,Summer,MAS,2,0,0,2,,,0
2024,Summer,PUR,2,0,0,2,,,0
2024,Summer,DMA,1,1,0,0,,,0
2024,Summer,PAK,1,1,0,0,,,0
2024,Summer,CYP,1,0,1,0,,,0
2024,Summer,FIJ,1,0,1,0,,,0
2024,Summer,JOR,1,0,1,0,,,0
2024,Summer,MGL,1,0,1,0,,,0
2024,Summer,PAN,1,0,1,0,,,0
2024,Summer,CPV,1,0,0,1,,,0
2024,Summer,CIV,1,0,0,1,,,0
2024,Summer,PER,1,0,0,1,,,0
2024,Summer,QAT,1,0,0,1,,,0
2024,Summer,EOR,1,0,0,1,,,0
2024,Summer,SGP,1,0,0,1,,,0
2024,Summer,SVK,1,0,0,1,,,0
2024,Summer,ZAM,1,0,0,1,,,0
2026,Winter,NOR,41,18,12,11,,,0
2026,Winter,USA,33,12,12,9,,,0
2026,Winter,ITA,30,10,6,14,,,1
2026,Winter,GER,26,8,10,8,,,0
2026,Winter,JPN,24,5,7,12,,,0
2026,Winter,FRA,23,8,9,6,,,0
2026,Winter,SUI,23,6,9,8,,,0
2026,Winter,CAN,21,5,7,9,,,0
2026,Winter,NED,20,10,7,3,,,0
2026,Winter,SWE,18,8,6,4,,,0
2026,Winter,AUT,18,5,8,5,,,0
2026,Winter,CHN,15,5,4,6,,,0
2026,Winter,KOR,10,3,4,3,,,0
2026,Winter,AUS,6,3,2,1,,,0
2026,Winter,GBR,5,3,1,1,,,0
2026,Winter,CZE,5,2,2,1,,,0
2026,Winter,SLO,4,2,1,1,,,0
2026,Winter,ESP,3,1,0,2,,,0
2026,Winter,BRA,1,1,0,0,,,0
2026,Winter,KAZ,1,1,0,0,,,0
2026,Winter,GEO,1,0,0,1,,,0
