Year,Medals,GDP,Population,Is_Host,Is_Host_Close_Center,Is_Host_Close_GMT1,Is_Host_Close_Main,Is_Host_Close_West,Is_Host_Close_Wide,Is_Communist,NOC,Is_Host_Pre,Is_Host_Post
1956,0.0,1278.0,9062.0,False,False,False,False,False,False,False,AFG,False,False
1960,0.0,1326.0,9829.0,False,False,False,False,False,False,False,AFG,False,False
1964,0.0,1291.0,10744.0,False,False,False,False,False,False,False,AFG,False,False
1968,0.0,1290.0,11825.0,False,False,False,False,False,False,False,AFG,False,False
1972,0.0,1007.0,13079.0,False,False,False,False,False,False,False,AFG,False,False
1980,0.0,1019.0,15044.0,False,False,False,False,False,False,False,AFG,False,False
1988,0.0,1101.0,13169.0,False,False,False,False,False,False,False,AFG,False,False
1996,0.0,600.175264462535,20111.0,False,False,False,False,False,False,False,AFG,False,False
2004,0.0,869.039272786813,25698.0,False,False,False,False,False,False,False,AFG,False,False
2008,0.10449320794148381,1319.60736728553,27706.0,False,False,False,False,False,False,False,AFG,False,False
2012,0.10395010395010396,1945.0,30420.0,False,False,False,False,False,False,False,AFG,False,False
2016,0.0,1931.2438124834,33332.0,False,False,False,False,False,False,False,AFG,False,False
1972,0.0,3451.0,2263.554,False,False,False,False,False,False,True,ALB,False,False
1992,0.0,2841.76516466455,3077.55,False,False,False,False,False,False,True,ALB,False,False
1996,0.0,3965.68531531917,3144.19,False,False,False,False,False,False,True,ALB,False,False
2000,0.0,4808.47961481352,3064.76,False,False,False,False,False,False,True,ALB,False,False
2004,0.0,6419.87039572498,3013.55,False,False,False,False,False,False,True,ALB,False,False
2008,0.0,8522.12984128861,2934.27,False,False,False,False,False,False,True,ALB,False,False
2012,0.0,9634.33370462354,2887.57,False,False,False,False,False,False,True,ALB,False,False
2016,0.0,10547.2552096775,2863.37,False,False,False,False,False,False,True,ALB,False,False
2024,0.19157088122605362,14485.629337091434,2377.128,False,False,False,False,False,False,True,ALB,False,False
1964,0.0,2879.0,11612.858,False,False,False,False,False,False,False,ALG,False,False
1968,0.0,3151.0,13146.267,False,False,False,False,False,False,False,ALG,False,False
1972,0.0,3746.0,14760.787,False,False,False,False,False,False,False,ALG,False,False
1980,0.0,5024.0,18806.061,False,False,False,False,False,False,False,ALG,False,False
1984,0.24937655860349126,5361.0,21340.546,False,False,False,False,False,False,False,ALG,False,False
1988,0.0,4850.0,23880.766,False,False,False,False,False,False,False,ALG,False,False
1992,0.20387359836901123,4850.22333074477,26386.97,False,False,False,False,False,False,False,ALG,False,False
1996,0.356718192627824,5451.63444208551,28721.5,False,False,False,False,False,False,False,ALG,False,False
2000,0.5405405405405406,6834.55387976764,30514.67,False,False,False,False,False,False,False,ALG,False,False
2004,0.0,9182.29418389124,32320.2,False,False,False,False,False,False,False,ALG,False,False
2008,0.20898641588296762,11475.0024058251,34480.04,False,False,False,False,False,False,False,ALG,False,False
2012,0.10395010395010396,13392.9447019401,37214.94,False,False,False,False,False,False,False,ALG,False,False
2016,0.20554984583761562,14198.2727612004,40087.3,False,False,False,False,False,False,False,ALG,False,False
2024,0.28735632183908044,14164.049475313064,46814.308,False,False,False,False,False,False,False,ALG,False,False
1980,0.0,1532.0,6743.08,False,False,False,False,False,False,False,ANG,False,False
1988,0.0,1360.0,8023.39,False,False,False,False,False,False,False,ANG,False,False
1992,0.0,1389.32948669997,8898.84,False,False,False,False,False,False,False,ANG,False,False
1996,0.0,1533.98393133996,10312.91,False,False,False,False,False,False,False,ANG,False,False
2000,0.0,2013.63622951894,11676.48,False,False,False,False,False,False,False,ANG,False,False
2004,0.0,3064.29865043472,13480.16,False,False,False,False,False,False,False,ANG,False,False
2008,0.0,6743.74819580277,15657.93,False,False,False,False,False,False,False,ANG,False,False
2012,0.0,8376.94607723474,18201.96,False,False,False,False,False,False,False,ANG,False,False
2016,0.0,7819.14730305939,21097.59,False,False,False,False,False,False,False,ANG,False,False
1900,0.0,4583.0,4693.0,False,False,False,False,False,False,False,ARG,False,False
1908,0.0,5829.0,6341.0,False,False,False,False,False,False,False,ARG,False,False
1920,0.0,5536.0,8861.0,False,False,False,False,False,False,False,ARG,False,False
1924,1.3513513513513513,6464.0,10054.0,False,False,False,False,False,False,False,ARG,False,False
1928,1.7632241813602016,6840.0,11282.0,False,False,False,False,False,False,False,ARG,False,False
1932,0.9708737864077669,5614.0,12402.0,False,False,False,False,False,False,False,ARG,False,False
1936,1.4799154334038054,6236.0,13260.0,False,False,False,False,False,False,False,ARG,False,False
1948,1.3861386138613863,8372.0,16307.0,False,False,False,False,False,False,False,ARG,False,False
1952,0.9541984732824428,7519.0,17876.956,False,False,False,False,False,False,False,ARG,False,False
1956,0.37174721189591076,8424.0,19271.511,False,False,False,False,False,False,False,ARG,False,False
1960,0.36900369003690037,8861.0,20616.009,False,False,False,False,False,False,False,ARG,False,False
1964,0.16556291390728478,9446.0,21949.244,False,False,False,False,False,False,False,ARG,False,False
1968,0.31695721077654515,10485.0,23260.514,False,False,False,False,False,False,False,ARG,False,False
1972,0.14184397163120568,12170.0,24779.799,False,False,False,False,False,False,False,ARG,False,False
1976,0.0,12696.0,26531.28,False,False,False,False,False,False,False,ARG,False,False
1984,0.0,11837.0,30231.0,False,False,False,False,False,False,False,ARG,False,False
1988,0.228310502283105,11244.0,32099.0,False,False,False,False,False,False,False,ARG,False,False
1992,0.10193679918450561,12267.0835867812,33967.31,False,False,False,False,False,False,False,ARG,False,False
1996,0.356718192627824,13715.2268187077,35683.44,False,False,False,False,False,False,False,ARG,False,False
2000,0.43243243243243246,14368.9427373623,37336.15,False,False,False,False,False,False,False,ARG,False,False
2004,0.6472491909385114,14183.225137777,38799.8,False,False,False,False,False,False,False,ARG,False,False
2008,0.6269592476489028,18520.3040835795,40342.61,False,False,False,False,False,False,False,ARG,False,False
2012,0.4158004158004158,19573.9631854518,42359.71,False,False,False,False,False,False,False,ARG,False,False
2016,0.41109969167523125,18819.6428869525,44244.69,False,False,False,False,False,False,False,ARG,False,False
2020,0.2777777777777778,15975.8387725535,46057.94,False,False,False,False,False,False,False,ARG,False,False
2024,0.28735632183908044,17600.029657416228,45696.159,False,False,False,False,False,False,False,ARG,False,False
1996,0.23781212841854932,4811.48954701875,2985.18,False,False,False,False,False,False,False,ARM,False,False
2000,0.10810810810810811,5139.82550006292,2966.02,False,False,False,False,False,False,False,ARM,False,False
2004,0.0,7229.6482263198,2953.25,False,False,False,False,False,False,False,ARM,False,False
2008,0.6269592476489028,10080.8128333688,2943.46,False,False,False,False,False,False,False,ARM,False,False
2012,0.31185031185031187,9076.43308146957,2934.42,False,False,False,False,False,False,False,ARM,False,False
2016,0.41109969167523125,10113.0505064223,2919.23,False,False,False,False,False,False,False,ARM,False,False
2020,0.3703703703703704,11546.175309736,2890.86,False,False,False,False,False,False,False,ARM,False,False
2024,0.38314176245210724,15533.8797315508,3033.5,False,False,False,False,False,False,False,ARM,False,False
1896,2.5,5874.0,3523.0,False,False,False,False,False,False,False,AUS,False,False
1900,2.0618556701030926,6397.0,3741.0,False,False,False,False,False,False,False,AUS,False,False
1904,1.4336917562724014,6846.0,3946.0,False,False,False,False,False,False,False,AUS,False,False
1906,1.3392857142857142,7184.0,4062.0,False,False,False,False,False,False,False,AUS,False,False
1920,0.672645739910314,7597.0,5358.0,False,False,False,False,False,False,False,AUS,False,False
1924,1.3513513513513513,8635.0,5819.0,False,False,False,False,False,False,False,AUS,False,False
1928,1.0075566750629723,8690.0,6304.0,False,False,False,False,False,False,False,AUS,False,False
1932,1.2135922330097086,7275.0,6579.0,False,False,False,False,False,False,False,AUS,False,False
1936,0.21141649048625794,8792.0,6783.0,False,False,False,False,False,False,False,AUS,False,False
1948,2.5742574257425743,11105.0,7715.0,False,False,False,False,False,False,False,AUS,False,False
1952,2.099236641221374,11824.0,8691.212,False,False,False,False,False,False,False,AUS,True,False
1956,6.5055762081784385,12924.0,9500.606,True,False,False,False,False,False,False,AUS,False,False
1960,4.059040590405904,14013.0,10361.273,False,False,False,False,False,False,False,AUS,False,True
1964,2.980132450331126,15699.0,11218.304,False,False,False,False,False,False,False,AUS,False,False
1968,2.694136291600634,17770.0,12101.66,False,False,False,False,False,False,False,AUS,False,False
1972,2.4113475177304964,19772.0,13177.0,False,False,False,False,False,False,False,AUS,False,False
1976,0.6906077348066298,21613.0,13915.5,False,False,False,False,False,False,False,AUS,False,False
1980,1.2064343163538873,22972.0,14615.9,False,False,False,False,False,False,False,AUS,False,False
1984,2.9925187032418954,24009.0,15510.0,False,False,False,False,False,False,False,AUS,False,False
1988,1.5981735159817352,26702.0,16400.0,False,False,False,False,False,False,False,AUS,False,False
1992,2.7522935779816518,27560.1782773384,17366.86,False,False,False,False,False,False,False,AUS,False,False
1996,4.875148632580261,31740.4697474047,18108.29,False,False,False,False,False,False,False,AUS,True,False
2000,6.27027027027027,36603.0449959447,18907.15,True,False,False,False,False,False,False,AUS,False,False
2004,5.393743257820928,40887.725336397,19805.27,False,False,False,False,False,False,False,AUS,False,True
2008,4.806687565308255,44421.6404707281,21113.35,False,False,False,False,False,False,False,AUS,False,False
2012,3.6382536382536386,47045.1294679427,22588.16,False,False,False,False,False,False,False,AUS,False,False
2016,2.9804727646454263,48675.1353283578,24036.24,False,False,False,False,False,False,False,AUS,False,False
2020,4.2592592592592595,48268.9450765119,25529.04,False,False,False,False,False,False,False,AUS,False,False
2024,5.076628352490421,52287.74094671988,27196.812,False,False,False,False,False,False,False,AUS,False,False
1896,4.166666666666666,4305.0,5739.0,False,False,False,False,False,True,False,AUT,False,False
1900,2.0618556701030926,4594.0,5973.0,False,False,True,False,False,True,False,AUT,False,False
1904,1.4336917562724014,4712.0,6228.0,False,False,False,False,False,False,False,AUT,False,False
1906,4.017857142857143,5062.0,6357.0,False,False,False,False,False,False,False,AUT,False,False
1908,0.3125,5292.0,6485.0,False,False,False,False,False,True,False,AUT,False,False
1912,1.2658227848101267,5587.0,6724.0,False,False,False,False,False,False,False,AUT,False,False
1924,0.9009009009009009,5042.0,6562.0,False,False,True,False,False,True,False,AUT,False,False
1928,1.0075566750629723,5829.0,6643.0,False,False,True,False,False,True,False,AUT,False,False
1932,1.2135922330097086,4686.0,6725.0,False,False,False,False,False,False,False,AUT,False,False
1936,3.5940803382663846,4774.0,6758.0,False,True,True,False,False,True,False,AUT,False,False
1948,1.5841584158415842,4406.0,6956.0,False,False,False,False,False,True,False,AUT,False,False
1952,0.38167938931297707,6323.0,6927.772,False,False,False,False,False,False,False,AUT,False,False
1956,0.37174721189591076,8603.0,6952.359,False,False,False,False,False,False,False,AUT,False,False
1960,0.36900369003690037,10391.0,7047.437,False,False,True,False,False,True,False,AUT,False,False
1964,0.0,12062.0,7223.801,False,False,False,False,False,False,False,AUT,False,False
1968,0.6339144215530903,13742.0,7415.403,False,False,False,False,False,False,False,AUT,False,False
1972,0.425531914893617,17169.0,7544.201,False,True,True,False,False,True,False,AUT,False,False
1976,0.13812154696132595,19448.0,7565.525,False,False,False,False,False,False,False,AUT,False,False
1980,0.5361930294906166,21932.0,7549.433,False,False,False,False,False,False,False,AUT,False,False
1984,0.3740648379052369,23016.0,7554.132,False,False,False,False,False,False,False,AUT,False,False
1988,0.1141552511415525,25112.0,7599.791,False,False,False,False,False,False,False,AUT,False,False
1992,0.20387359836901123,28072.4403464979,7886.77,False,False,True,False,False,True,False,AUT,False,False
1996,0.356718192627824,30413.1566935755,8005.77,False,False,False,False,False,False,False,AUT,False,False
2000,0.3243243243243243,34796.259482554,8058.63,False,False,False,False,False,False,False,AUT,False,False
2004,0.7551240560949299,36957.1122496145,8217.43,False,False,False,False,False,True,False,AUT,False,False
2008,0.3134796238244514,40964.793352369,8370.42,False,False,False,False,False,False,False,AUT,False,False
2012,0.0,41540.9419379778,8475.81,False,False,False,False,False,True,False,AUT,False,False
2016,0.10277492291880781,41545.4987022567,8791.15,False,False,False,False,False,False,False,AUT,False,False
2020,0.6481481481481481,40503.0408055729,8969.23,False,False,False,False,False,False,False,AUT,False,False
2024,0.4789272030651341,42521.976527610634,9177.982,False,False,True,False,False,True,False,AUT,False,False
1996,0.11890606420927466,3074.21973457034,7815.44,False,False,False,False,False,False,False,AZE,False,False
2000,0.3243243243243243,4214.88886074828,8127.31,False,False,False,False,False,False,False,AZE,False,False
2004,0.5393743257820928,5971.47460310057,8391.14,False,False,False,False,False,False,False,AZE,False,False
2008,0.7314524555903866,14072.6265772429,8749.61,False,False,False,False,False,False,False,AZE,False,False
2012,1.0395010395010396,16364.5322162617,9117.06,False,False,False,False,False,False,False,AZE,False,False
2016,1.8499486125385407,16770.8504902045,9481.38,False,False,False,False,False,False,False,AZE,False,False
2020,0.6481481481481481,16189.5110466338,9802.49,False,False,False,False,False,False,False,AZE,False,False
2024,0.6704980842911877,18540.495214017723,10202.83,False,False,False,False,False,False,False,AZE,False,False
1984,0.0,918.0,96954.796,False,False,False,False,False,False,False,BAN,False,False
1988,0.0,964.0,106283.666,False,False,False,False,False,False,False,BAN,False,False
1992,0.0,1062.46039963364,116169.16,False,False,False,False,False,False,False,BAN,False,False
1996,0.0,1234.08406379444,125622.62,False,False,False,False,False,False,False,BAN,False,False
2000,0.0,1485.30922045797,135207.06,False,False,False,False,False,False,False,BAN,False,False
2004,0.0,1812.62466142731,143644.05,False,False,False,False,False,False,False,BAN,False,False
2008,0.0,2321.05045875432,150561.73,False,False,False,False,False,False,False,BAN,False,False
2012,0.0,2914.04877948998,157326.34,False,False,False,False,False,False,False,BAN,False,False
2016,0.0,3598.51033883852,163938.02,False,False,False,False,False,False,False,BAN,False,False
1968,0.0,8429.0,240.0,False,False,False,False,False,False,False,BAR,False,False
1972,0.0,10567.0,242.0,False,False,False,False,False,False,False,BAR,False,False
1976,0.0,10222.0,248.0,False,False,False,False,False,False,False,BAR,False,False
1984,0.0,11772.0,256.0,False,False,False,False,False,False,False,BAR,False,False
1988,0.0,13087.0,260.0,False,False,False,False,False,False,False,BAR,False,False
1992,0.0,11427.2665353867,265.0,False,False,False,False,False,False,False,BAR,False,False
1996,0.0,11760.8254305884,269.0,False,False,False,False,False,False,False,BAR,False,False
2000,0.10810810810810811,12600.0225899117,274.0,False,False,False,False,False,False,False,BAR,False,False
2004,0.0,12078.7354449274,279.0,False,False,False,False,False,False,False,BAR,False,False
2008,0.0,12786.1073702401,283.0,False,False,False,False,False,False,False,BAR,False,False
2012,0.0,11860.0,288.0,False,False,False,False,False,False,False,BAR,False,False
2016,0.0,12124.6936181215,291.0,False,False,False,False,False,False,False,BAR,False,False
1996,0.11890606420927466,824.511593429085,5815.0,False,False,False,False,False,False,False,BDI,False,False
2000,0.0,739.760916340808,6282.0,False,False,False,False,False,False,False,BDI,False,False
2004,0.0,709.737212679528,7167.0,False,False,False,False,False,False,False,BDI,False,False
2008,0.0,708.678590044511,8318.0,False,False,False,False,False,False,False,BDI,False,False
2012,0.0,727.0,9748.0,False,False,False,False,False,False,False,BDI,False,False
2016,0.10277492291880781,704.635026920074,10721.0,False,False,False,False,False,False,False,BDI,False,False
1900,6.185567010309279,5947.0,6719.0,False,False,True,False,True,True,False,BEL,False,False
1906,3.125,6244.0,7258.0,False,False,False,False,False,False,False,BEL,False,False
1908,2.5,6269.0,7411.0,False,False,False,False,False,True,False,BEL,False,False
1912,1.89873417721519,6704.0,7590.0,False,False,False,False,False,False,False,BEL,True,False
1920,9.417040358744394,6315.0,7552.0,True,False,False,False,False,False,False,BEL,False,False
1924,2.9279279279279278,7393.0,7707.0,False,False,True,False,True,True,False,BEL,False,True
1928,0.7556675062972292,8191.0,7968.0,False,False,True,False,True,True,False,BEL,False,False
1932,0.24271844660194172,7343.0,8186.0,False,False,False,False,False,False,False,BEL,False,False
1936,0.6342494714587738,7831.0,8315.0,False,False,True,False,False,True,False,BEL,False,False
1948,1.3861386138613863,8008.0,8557.0,False,False,False,False,False,True,False,BEL,False,False
1952,0.7633587786259541,9035.0,8730.405,False,False,False,False,False,False,False,BEL,False,False
1956,0.37174721189591076,10237.0,8923.845,False,False,False,False,False,False,False,BEL,False,False
1960,0.7380073800738007,11081.0,9118.7,False,False,True,False,False,True,False,BEL,False,False
1964,0.49668874172185434,13295.0,9367.0,False,False,False,False,False,False,False,BEL,False,False
1968,0.31695721077654515,15009.0,9589.8,False,False,False,False,False,False,False,BEL,False,False
1972,0.28368794326241137,18336.0,9709.1,False,False,True,False,False,True,False,BEL,False,False
1976,0.8287292817679558,20916.0,9811.0,False,False,False,False,False,False,False,BEL,False,False
1980,0.13404825737265416,23060.0,9846.8,False,False,False,False,False,False,False,BEL,False,False
1984,0.4987531172069825,23644.0,9855.3,False,False,False,False,False,False,False,BEL,False,False
1988,0.228310502283105,25905.0,9884.0,False,False,False,False,False,False,False,BEL,False,False
1992,0.3058103975535168,28199.5737762424,10048.32,False,False,True,False,False,True,False,BEL,False,False
1996,0.713436385255648,29820.2994882708,10158.33,False,False,False,False,False,False,False,BEL,False,False
2000,0.5405405405405406,33719.7698385542,10252.35,False,False,False,False,False,False,False,BEL,False,False
2004,0.3236245954692557,35740.3524626094,10422.37,False,False,False,False,False,True,False,BEL,False,False
2008,0.20898641588296762,38117.3484155223,10711.41,False,False,False,False,False,False,False,BEL,False,False
2012,0.31185031185031187,38173.2339164272,11108.46,False,False,False,False,False,True,False,BEL,False,False
2016,0.6166495375128468,39456.8633726728,11332.49,False,False,False,False,False,False,False,BEL,False,False
2020,0.6481481481481481,38763.4425749273,11545.52,False,False,False,False,False,False,False,BEL,False,False
2024,0.9578544061302682,42398.463282442644,11858.61,False,False,True,False,True,True,False,BEL,False,False
1972,0.0,1640.0,2791.434,False,False,False,False,False,False,False,BEN,False,False
1980,0.0,1691.0,3510.052,False,False,False,False,False,False,False,BEN,False,False
1984,0.0,1809.0,3978.703,False,False,False,False,False,False,False,BEN,False,False
1988,0.0,1780.0,4517.238,False,False,False,False,False,False,False,BEN,False,False
1992,0.0,1790.53006580995,5143.543,False,False,False,False,False,False,False,BEN,False,False
1996,0.0,1840.48584407706,5873.704,False,False,False,False,False,False,False,BEN,False,False
2000,0.0,1908.93662092612,6677.134,False,False,False,False,False,False,False,BEN,False,False
2004,0.0,1923.71929539071,7589.367,False,False,False,False,False,False,False,BEN,False,False
2008,0.0,1920.30605578009,8602.647,False,False,False,False,False,False,False,BEN,False,False
2012,0.0,1867.0,9805.0,False,False,False,False,False,False,False,BEN,False,False
2016,0.0,2061.90358138439,11220.072,False,False,False,False,False,False,False,BEN,False,False
1992,0.0,3830.21906094418,4233.15,False,False,False,False,False,False,False,BIH,False,False
1996,0.0,4915.32505589752,3648.74,False,False,False,False,False,False,False,BIH,False,False
2000,0.0,7082.03527219474,3901.38,False,False,False,False,False,False,False,BIH,False,False
2004,0.0,7857.37828637402,3974.55,False,False,False,False,False,False,False,BIH,False,False
2008,0.0,9199.26167960717,3986.91,False,False,False,False,False,False,False,BIH,False,False
2012,0.0,8894.93140141553,3976.54,False,False,False,False,False,False,False,BIH,False,False
2016,0.0,9966.36592048597,3957.16,False,False,False,False,False,False,False,BIH,False,False
1996,1.78359096313912,7128.35465388673,10171.23,False,False,False,False,False,False,True,BLR,False,False
2000,1.8378378378378377,9110.97946126182,10033.95,False,False,False,False,False,False,True,BLR,False,False
2004,1.4023732470334414,11615.6855851322,9856.19,False,False,False,False,False,False,True,BLR,False,False
2008,1.8808777429467085,16223.9968078839,9712.59,False,False,False,False,False,False,True,BLR,False,False
2012,1.2474012474012475,18245.0075205127,9643.21,False,False,False,False,False,False,True,BLR,False,False
2016,0.9249743062692704,17701.9593168985,9564.17,False,False,False,False,False,False,True,BLR,False,False
2020,0.6481481481481481,19053.1570205092,9469.35,False,False,False,False,False,False,True,BLR,False,False
1936,0.0,2230.0,2569.0,False,False,False,False,False,False,False,BOL,False,False
1964,0.0,2809.0,3764.067,False,False,False,False,False,False,False,BOL,False,False
1968,0.0,3314.0,4139.069,False,False,False,False,False,False,False,BOL,False,False
1972,0.0,3602.0,4565.872,False,False,False,False,False,False,False,BOL,False,False
1976,0.0,4219.0,4955.744,False,False,False,False,False,False,False,BOL,False,False
1984,0.0,3561.0,5834.293,False,False,False,False,False,False,False,BOL,False,False
1988,0.0,3386.0,6283.164,False,False,False,False,False,False,False,BOL,False,False
1992,0.0,3592.13672847707,6893.45,False,False,False,False,False,False,False,BOL,False,False
1996,0.0,3959.44524890498,7518.77,False,False,False,False,False,False,False,BOL,False,False
2000,0.0,4173.54945562718,8176.79,False,False,False,False,False,False,False,BOL,False,False
2004,0.0,4330.55577332936,8894.52,False,False,False,False,False,False,False,BOL,False,False
2008,0.0,4924.03232286497,9646.69,False,False,False,False,False,False,False,BOL,False,False
2012,0.0,5503.90836808894,10397.21,False,False,False,False,False,False,False,BOL,False,False
2016,0.0,6337.79861292775,11118.04,False,False,False,False,False,False,False,BOL,False,False
1980,0.0,2348.0,900.476,False,False,False,False,False,False,False,BOT,False,False
1984,0.0,3124.0,1043.396,False,False,False,False,False,False,False,BOT,False,False
1988,0.0,3920.0,1188.941,False,False,False,False,False,False,False,BOT,False,False
1992,0.0,5733.63002125501,1343.39,False,False,False,False,False,False,False,BOT,False,False
1996,0.0,6647.7675526706,1514.71,False,False,False,False,False,False,False,BOT,False,False
2000,0.0,8044.14204336772,1664.69,False,False,False,False,False,False,False,BOT,False,False
2004,0.0,9329.50921397854,1792.27,False,False,False,False,False,False,False,BOT,False,False
2008,0.0,12385.1497252572,1922.82,False,False,False,False,False,False,False,BOT,False,False
2012,0.10395010395010396,13134.4063195563,2056.8,False,False,False,False,False,False,False,BOT,False,False
2016,0.0,14752.1886065497,2193.52,False,False,False,False,False,False,False,BOT,False,False
2020,0.0925925925925926,14162.6851908202,2330.81,False,False,False,False,False,False,False,BOT,False,False
2024,0.19157088122605362,15844.29978507571,2521.139,False,False,False,False,False,False,False,BOT,False,False
1900,0.0,874.0,17984.0,False,False,False,False,False,False,False,BRA,False,False
1920,0.672645739910314,1242.0,27404.0,False,False,False,False,False,False,False,BRA,False,False
1924,0.0,1320.0,29723.0,False,False,False,False,False,False,False,BRA,False,False
1932,0.0,1312.0,34957.0,False,False,False,False,False,False,False,BRA,False,False
1936,0.0,1591.0,37911.0,False,False,False,False,False,False,False,BRA,False,False
1948,0.19801980198019803,2096.0,49590.0,False,False,False,False,False,False,False,BRA,False,False
1952,0.5725190839694656,2377.0,56602.56,False,False,False,False,False,False,False,BRA,False,False
1956,0.18587360594795538,2672.0,63631.992,False,False,False,False,False,False,False,BRA,False,False
1960,0.36900369003690037,3398.0,71694.81,False,False,False,False,False,False,False,BRA,False,False
1964,0.16556291390728478,3637.0,80666.939,False,False,False,False,False,False,False,BRA,False,False
1968,0.4754358161648178,4050.0,90569.084,False,False,False,False,False,False,False,BRA,False,False
1972,0.28368794326241137,5480.0,100874.0,False,False,False,False,False,False,False,BRA,False,False
1976,0.2762430939226519,7079.0,111603.0,False,False,False,False,False,False,False,BRA,False,False
1980,0.5361930294906166,8249.0,123020.0,False,False,False,False,False,False,False,BRA,False,False
1984,0.997506234413965,7438.0,134699.0,False,False,False,False,False,False,False,BRA,False,False
1988,0.684931506849315,8230.0,145873.0,False,False,False,False,False,False,False,BRA,False,False
1992,0.3058103975535168,7812.79425539626,156388.15,False,False,False,False,False,False,False,BRA,False,False
1996,1.78359096313912,9124.5160690394,166624.17,False,False,False,False,False,False,False,BRA,False,False
2000,1.2972972972972971,9834.4244366632,176901.86,False,False,False,False,False,False,False,BRA,False,False
2004,1.0787486515641855,10949.6601198874,186165.41,False,False,False,False,False,False,False,BRA,False,False
2008,1.671891327063741,13164.0113425742,194457.64,False,False,False,False,False,False,False,BRA,False,False
2012,1.7671517671517671,14985.4983398531,201894.14,False,False,False,False,False,False,False,BRA,True,False
2016,1.9527235354573484,13990.6467728271,208859.27,True,False,False,False,False,False,False,BRA,False,False
2020,1.9444444444444444,13685.925743511,215577.48,False,False,False,False,False,False,False,BRA,False,True
2024,1.9157088122605364,15506.70533322681,211998.573,False,False,False,False,False,False,False,BRA,False,False
1984,0.0,7264.0,408.282,False,False,False,False,False,False,False,BRN,False,False
1988,0.0,6802.0,469.484,False,False,False,False,False,False,False,BRN,False,False
1992,0.0,7993.89275633257,532.49,False,False,False,False,False,False,False,BRN,False,False
1996,0.0,11640.8213531142,590.34,False,False,False,False,False,False,False,BRN,False,False
2000,0.0,17021.7223794001,648.13,False,False,False,False,False,False,False,BRN,False,False
2004,0.0,23389.602406732,839.41,False,False,False,False,False,False,False,BRN,False,False
2008,0.0,30612.4978133559,1095.92,False,False,False,False,False,False,False,BRN,False,False
2012,0.10395010395010396,36711.3916621356,1235.51,False,False,False,False,False,False,False,BRN,False,False
2016,0.20554984583761562,38805.3906548486,1364.59,False,False,False,False,False,False,False,BRN,False,False
2020,0.0925925925925926,36890.5029525378,1489.2,False,False,False,False,False,False,False,BRN,False,False
2024,0.38314176245210724,39536.998536968415,1588.67,False,False,False,False,False,False,False,BRN,False,False
1924,0.0,1635.0,5476.0,False,False,False,False,False,False,False,BUL,False,False
1928,0.0,1934.0,5873.0,False,False,False,False,False,False,False,BUL,False,False
1932,0.0,1943.0,6186.0,False,False,False,False,False,False,False,BUL,False,False
1936,0.0,2209.0,6469.0,False,False,False,False,False,False,False,BUL,False,False
1952,0.19083969465648853,3017.0,7274.9,False,False,False,False,False,False,False,BUL,False,False
1956,0.929368029739777,3392.0,7575.8,False,False,False,False,False,False,False,BUL,False,False
1960,1.2915129151291513,4642.0,7867.374,False,False,False,False,False,False,False,BUL,False,False
1964,1.6556291390728477,5829.0,8144.339,False,False,False,False,False,False,False,BUL,False,False
1968,1.4263074484944533,6963.0,8369.603,False,False,False,False,False,False,False,BUL,False,False
1972,2.9787234042553195,8145.0,8576.2,False,False,False,False,False,False,False,BUL,False,False
1976,3.0386740331491713,9535.0,8755.037,False,False,False,False,False,False,False,BUL,False,False
1980,5.495978552278821,9634.0,8843.528,False,False,False,False,False,False,False,BUL,False,False
1988,3.9954337899543377,10098.0,8982.025,False,False,False,False,False,False,False,BUL,False,False
1992,1.6309887869520898,7846.11595075794,8658.51,False,False,False,False,False,False,False,BUL,False,False
1996,1.78359096313912,7901.12362510364,8241.39,False,False,False,False,False,False,False,BUL,False,False
2000,1.4054054054054055,8410.7949775813,8051.53,False,False,False,False,False,False,False,BUL,False,False
2004,1.2944983818770228,10853.7851534274,7668.17,False,False,False,False,False,False,False,BUL,False,False
2008,0.522466039707419,14761.7147267543,7512.7,False,False,False,False,False,False,False,BUL,False,False
2012,0.2079002079002079,15314.524722925,7199.8,False,False,False,False,False,False,False,BUL,False,False
2016,0.3083247687564234,16795.8232850053,7024.31,False,False,False,False,False,False,False,BUL,False,False
2020,0.5555555555555556,18203.8329720928,6833.33,False,False,False,False,False,False,False,BUL,False,False
2024,0.6704980842911877,21727.50180187113,6441.421,False,False,False,False,False,False,False,BUL,False,False
1972,0.0,1253.0,5433.886,False,False,False,False,False,False,False,BUR,False,False
1988,0.0,1403.0,7833.491,False,False,False,False,False,False,False,BUR,False,False
1992,0.0,1264.99198183127,8942.78,False,False,False,False,False,False,False,BUR,False,False
1996,0.0,1255.77492223312,10269.4,False,False,False,False,False,False,False,BUR,False,False
2000,0.0,1275.48190817945,11405.08,False,False,False,False,False,False,False,BUR,False,False
2004,0.0,1268.68662703978,13177.75,False,False,False,False,False,False,False,BUR,False,False
2008,0.0,1315.45371606898,14721.63,False,False,False,False,False,False,False,BUR,False,False
2012,0.0,1387.61705538104,16562.91,False,False,False,False,False,False,False,BUR,False,False
2016,0.0,1500.02350201851,18620.83,False,False,False,False,False,False,False,BUR,False,False
2020,0.0925925925925926,1638.82788641917,20787.68,False,False,False,False,False,False,False,BUR,False,False
1968,0.0,1435.0,1763.0,False,False,False,False,False,False,False,CAF,False,False
1984,0.0,1146.0,2629.0,False,False,False,False,False,False,False,CAF,False,False
1988,0.0,1073.0,2917.0,False,False,False,False,False,False,False,CAF,False,False
1992,0.0,965.193376349712,3267.0,False,False,False,False,False,False,False,CAF,False,False
1996,0.0,885.886400596378,3622.0,False,False,False,False,False,False,False,CAF,False,False
2000,0.0,963.946180555058,3980.0,False,False,False,False,False,False,False,CAF,False,False
2004,0.0,853.182021590341,4289.0,False,False,False,False,False,False,False,CAF,False,False
2008,0.0,901.851345375175,4641.0,False,False,False,False,False,False,False,CAF,False,False
2012,0.0,916.0,5057.0,False,False,False,False,False,False,False,CAF,False,False
2016,0.0,592.923451618686,5507.0,False,False,False,False,False,False,False,CAF,False,False
1956,0.0,912.0,5183.86,False,False,False,False,False,False,False,CAM,False,False
1964,0.0,1074.0,6426.971,False,False,False,False,False,False,False,CAM,False,False
1972,0.0,920.0,7452.24,False,False,False,False,False,False,False,CAM,False,False
1996,0.0,1450.52512336638,11453.51,False,False,False,False,False,False,False,CAM,False,False
2000,0.0,1659.08908983484,12317.24,False,False,False,False,False,False,False,CAM,False,False
2004,0.0,1965.87863893349,13076.05,False,False,False,False,False,False,False,CAM,False,False
2008,0.0,2482.00683128514,13807.93,False,False,False,False,False,False,False,CAM,False,False
2012,0.0,2649.30607812111,14479.59,False,False,False,False,False,False,False,CAM,False,False
2016,0.0,3312.08149190508,15238.38,False,False,False,False,False,False,False,CAM,False,False
1900,0.6872852233676976,4640.0,5457.0,False,False,False,False,False,False,False,CAN,False,False
1904,2.1505376344086025,5228.0,5994.0,False,False,False,False,False,False,False,CAN,False,False
1906,0.8928571428571428,6130.0,6282.0,False,False,False,False,False,False,False,CAN,False,False
1908,5.0,5694.0,6813.0,False,False,False,False,False,False,False,CAN,False,False
1912,2.5316455696202533,6977.0,7602.0,False,False,False,False,False,False,False,CAN,False,False
1920,2.0179372197309418,6154.0,8798.0,False,False,False,False,False,False,False,CAN,False,False
1924,0.9009009009009009,6339.0,9394.0,False,False,False,False,False,False,False,CAN,False,False
1928,3.7783375314861463,8244.0,10107.0,False,False,False,False,False,False,False,CAN,False,False
1932,3.8834951456310676,5852.0,10794.0,False,False,False,False,False,False,False,CAN,False,False
1936,1.9027484143763214,6574.0,11243.0,False,False,False,False,False,False,False,CAN,False,False
1948,0.7920792079207921,11261.0,13180.0,False,False,False,False,False,False,False,CAN,False,False
1952,0.5725190839694656,12486.0,14785.584,False,False,False,False,False,False,False,CAN,False,False
1956,1.1152416356877324,13791.0,16445.087,False,False,False,False,False,False,False,CAN,False,False
1960,0.18450184501845018,13952.0,18266.765,False,False,False,False,False,False,False,CAN,False,False
1964,0.6622516556291391,15938.0,19711.053,False,False,False,False,False,False,False,CAN,False,False
1968,0.7923930269413629,18297.0,21143.1,False,False,False,False,False,False,False,CAN,False,False
1972,0.7092198581560284,20837.0,22284.5,False,False,False,False,False,False,False,CAN,True,False
1976,1.5193370165745856,23754.0,23517.5,True,False,False,False,False,False,False,CAN,False,False
1984,5.486284289276807,26836.0,25701.8,False,False,False,False,False,False,False,CAN,False,True
1988,1.141552511415525,30275.0,26894.8,False,False,False,False,False,False,False,CAN,False,False
1992,1.834862385321101,29141.1923292858,28473.17,False,False,False,False,False,False,False,CAN,False,False
1996,2.6159334126040426,31594.2418094349,29716.57,False,False,False,False,False,False,False,CAN,False,False
2000,1.5135135135135136,36942.5622942857,30795.95,False,False,False,False,False,False,False,CAN,False,False
2004,1.2944983818770228,39491.5700305462,32055.38,False,False,False,False,False,False,False,CAN,False,False
2008,1.9853709508881923,41896.4255869481,33366.54,False,False,False,False,False,False,False,CAN,False,False
2012,1.8711018711018712,42476.3450506687,34838.91,False,False,False,False,False,False,False,CAN,False,False
2016,2.2610483042137717,43702.0795984309,36239.19,False,False,False,False,False,False,False,CAN,False,False
2020,2.2222222222222223,42493.6306173863,38173.83,False,False,False,False,False,False,False,CAN,False,False
2024,2.586206896551724,44269.45496092703,41288.599,False,False,False,False,False,False,False,CAN,False,False
1964,0.0,2079.0,1097.474,False,False,False,False,False,False,False,CGO,False,False
1972,0.0,2582.0,1340.458,False,False,False,False,False,False,False,CGO,False,False
1980,0.0,3075.0,1674.288,False,False,False,False,False,False,False,CGO,False,False
1984,0.0,4664.0,1883.981,False,False,False,False,False,False,False,CGO,False,False
1988,0.0,3908.0,2130.061,False,False,False,False,False,False,False,CGO,False,False
1992,0.0,3940.97172910264,2400.51,False,False,False,False,False,False,False,CGO,False,False
1996,0.0,3988.87730463448,2692.17,False,False,False,False,False,False,False,CGO,False,False
2000,0.0,4159.22273739588,2998.67,False,False,False,False,False,False,False,CGO,False,False
2004,0.0,4560.51251418364,3399.65,False,False,False,False,False,False,False,CGO,False,False
2008,0.0,5081.13158781301,3989.28,False,False,False,False,False,False,False,CGO,False,False
2012,0.0,6300.04923368205,4580.93,False,False,False,False,False,False,False,CGO,False,False
2016,0.0,5315.17014398085,4950.58,False,False,False,False,False,False,False,CGO,False,False
1964,0.0,929.0,3271.357,False,False,False,False,False,False,False,CHA,False,False
1968,0.0,843.0,3572.229,False,False,False,False,False,False,False,CHA,False,False
1972,0.0,800.0,3886.643,False,False,False,False,False,False,False,CHA,False,False
1984,0.0,601.0,5025.174,False,False,False,False,False,False,False,CHA,False,False
1988,0.0,692.0,5556.341,False,False,False,False,False,False,False,CHA,False,False
1992,0.0,698.739002074788,6274.97,False,False,False,False,False,False,False,CHA,False,False
1996,0.0,694.105019824845,6862.34,False,False,False,False,False,False,False,CHA,False,False
2000,0.0,716.042363333227,7820.61,False,False,False,False,False,False,False,CHA,False,False
2004,0.0,1200.27255858474,9191.33,False,False,False,False,False,False,False,CHA,False,False
2008,0.0,1422.23120099355,10727.73,False,False,False,False,False,False,False,CHA,False,False
2012,0.0,1742.65404890509,12427.19,False,False,False,False,False,False,False,CHA,False,False
2016,0.0,1648.03836357921,14277.22,False,False,False,False,False,False,False,CHA,False,False
1912,0.0,4806.0,3392.0,False,False,False,False,False,False,False,CHI,False,False
1920,0.0,4248.0,3723.0,False,False,False,False,False,False,False,CHI,False,False
1924,0.0,4779.0,3917.0,False,False,False,False,False,False,False,CHI,False,False
1928,0.2518891687657431,5609.0,4140.0,False,False,False,False,False,False,False,CHI,False,False
1936,0.0,4584.0,4706.0,False,False,False,False,False,False,False,CHI,False,False
1948,0.0,5939.0,5865.0,False,False,False,False,False,False,False,CHI,False,False
1952,0.38167938931297707,6252.0,6377.619,False,False,False,False,False,False,False,CHI,False,False
1956,0.7434944237918215,6285.0,6888.843,False,False,False,False,False,False,False,CHI,False,False
1960,0.0,6781.0,7585.349,False,False,False,False,False,False,False,CHI,False,False
1964,0.0,7320.0,8330.423,False,False,False,False,False,False,False,CHI,False,False
1968,0.0,8053.0,9029.621,False,False,False,False,False,False,False,CHI,False,False
1972,0.0,8520.0,9717.524,False,False,False,False,False,False,False,CHI,False,False
1976,0.0,6868.0,10432.214,False,False,False,False,False,False,False,CHI,False,False
1984,0.0,7992.0,11879.139,False,False,False,False,False,False,False,CHI,False,False
1988,0.1141552511415525,9199.0,12679.0,False,False,False,False,False,False,False,CHI,False,False
1992,0.0,11773.3007091455,13613.62,False,False,False,False,False,False,False,CHI,False,False
1996,0.0,14433.3197742387,14540.37,False,False,False,False,False,False,False,CHI,False,False
2000,0.10810810810810811,15211.6232956044,15339.62,False,False,False,False,False,False,False,CHI,False,False
2004,0.3236245954692557,16478.9727867052,16029.28,False,False,False,False,False,False,False,CHI,False,False
2008,0.10449320794148381,18804.0293633295,16700.27,False,False,False,False,False,False,False,CHI,False,False
2012,0.0,20690.7962302479,17377.6,False,False,False,False,False,False,False,CHI,False,False
2016,0.0,21715.7137916762,18098.52,False,False,False,False,False,False,False,CHI,False,False
1932,0.0,1039.0,496307.0,False,False,False,False,False,False,True,CHN,False,False
1936,0.0,1065.0,507959.0,False,False,False,False,False,False,True,CHN,False,False
1952,0.0,1047.0,568910.0,False,False,False,False,False,False,True,CHN,False,False
1984,3.99002493765586,2444.0,1036825.0,False,False,False,False,False,False,True,CHN,False,False
1988,3.1963470319634704,3045.0,1101630.0,False,False,False,False,False,False,True,CHN,False,False
1992,5.402650356778797,3227.74414154146,1163362.82,False,False,False,False,False,False,True,CHN,False,False
1996,5.945303210463734,4219.64417241615,1215171.1,False,False,False,False,False,False,True,CHN,False,False
2000,6.27027027027027,4730.3543512023,1258400.92,False,False,False,False,False,False,True,CHN,False,False
2004,6.796116504854369,6067.59116137029,1290619.75,False,False,False,False,False,False,True,CHN,True,False
2008,10.44932079414838,8190.11209450594,1318559.28,True,False,False,False,False,False,True,CHN,False,False
2012,9.147609147609149,10946.8339714906,1349537.02,False,False,False,False,False,False,True,CHN,False,True
2016,7.194244604316546,14138.9546372735,1382401.21,False,False,False,False,False,False,True,CHN,False,False
2020,8.24074074074074,17225.9682769427,1402060.16,False,False,False,False,False,False,True,CHN,False,False
2024,8.71647509578544,21337.65004699588,1408975.0,False,False,False,False,False,False,True,CHN,False,False
1964,0.0,2691.0,4171.038,False,False,False,False,False,False,False,CIV,False,False
1968,0.0,2758.0,5038.277,False,False,False,False,False,False,False,CIV,False,False
1972,0.0,2887.0,6171.63,False,False,False,False,False,False,False,CIV,False,False
1976,0.0,3017.0,7334.543,False,False,False,False,False,False,False,CIV,False,False
1984,0.12468827930174563,2703.0,9963.431,False,False,False,False,False,False,False,CIV,False,False
1988,0.0,2444.0,11511.744,False,False,False,False,False,False,False,CIV,False,False
1992,0.0,2011.56935464769,13654.48,False,False,False,False,False,False,False,CIV,False,False
1996,0.0,2179.03571310701,15886.71,False,False,False,False,False,False,False,CIV,False,False
2000,0.0,2352.85633807193,17552.11,False,False,False,False,False,False,False,CIV,False,False
2004,0.0,2280.78804896129,19432.14,False,False,False,False,False,False,False,CIV,False,False
2008,0.0,2435.27051839537,21698.88,False,False,False,False,False,False,False,CIV,False,False
2012,0.0,2648.77437549762,23878.67,False,False,False,False,False,False,False,CIV,False,False
2016,0.20554984583761562,3328.97950270855,26347.76,False,False,False,False,False,False,False,CIV,False,False
2020,0.0925925925925926,3682.13528948849,28895.37,False,False,False,False,False,False,False,CIV,False,False
2024,0.09578544061302681,4315.375629282818,31934.23,False,False,False,False,False,False,False,CIV,False,False
1964,0.0,1390.0,5995.682,False,False,False,False,False,False,False,CMR,False,False
1968,0.15847860538827258,1508.0,6459.744,False,False,False,False,False,False,False,CMR,False,False
1972,0.0,1612.0,7021.028,False,False,False,False,False,False,False,CMR,False,False
1976,0.0,1664.0,7721.125,False,False,False,False,False,False,False,CMR,False,False
1980,0.0,1900.0,8762.486,False,False,False,False,False,False,False,CMR,False,False
1984,0.12468827930174563,2450.0,9867.132,False,False,False,False,False,False,False,CMR,False,False
1988,0.0,2287.0,11200.976,False,False,False,False,False,False,False,CMR,False,False
1992,0.0,1754.2467380351,12637.16,False,False,False,False,False,False,False,CMR,False,False
1996,0.0,1710.10597530255,14231.04,False,False,False,False,False,False,False,CMR,False,False
2000,0.10810810810810811,1961.08786225271,15913.47,False,False,False,False,False,False,False,CMR,False,False
2004,0.10787486515641855,2198.23602014264,17764.35,False,False,False,False,False,False,False,CMR,False,False
2008,0.10449320794148381,2352.79945998997,19842.9,False,False,False,False,False,False,False,CMR,False,False
2012,0.0,2536.54681699579,22181.01,False,False,False,False,False,False,False,CMR,False,False
2016,0.0,2758.02900759267,24995.01,False,False,False,False,False,False,False,CMR,False,False
1968,0.0,1189.0,20570.629,False,False,False,False,False,False,False,COD,False,False
1984,0.0,932.0,32340.981,False,False,False,False,False,False,False,COD,False,False
1988,0.0,894.0,36628.158,False,False,False,False,False,False,False,COD,False,False
1992,0.0,656.691651156199,41735.41,False,False,False,False,False,False,False,COD,False,False
1996,0.0,523.868062041872,47558.52,False,False,False,False,False,False,False,COD,False,False
2000,0.0,414.046947048094,52781.73,False,False,False,False,False,False,False,COD,False,False
2004,0.0,463.996975838844,59598.53,False,False,False,False,False,False,False,COD,False,False
2008,0.0,578.848721083029,67799.7,False,False,False,False,False,False,False,COD,False,False
2012,0.0,714.789691311185,77792.05,False,False,False,False,False,False,False,COD,False,False
2016,0.0,783.034144542483,89193.32,False,False,False,False,False,False,False,COD,False,False
1900,0.3436426116838488,1089.0,3998.0,False,False,False,False,False,False,False,COL,False,False
1932,0.0,2409.0,8104.0,False,False,False,False,False,False,False,COL,False,False
1936,0.0,2780.0,8498.0,False,False,False,False,False,False,False,COL,False,False
1948,0.0,3268.0,11332.0,False,False,False,False,False,False,False,COL,False,False
1956,0.0,3811.0,14029.321,False,False,False,False,False,False,False,COL,False,False
1960,0.0,3980.0,15952.727,False,False,False,False,False,False,False,COL,False,False
1964,0.0,4264.0,18090.0,False,False,False,False,False,False,False,COL,False,False
1968,0.0,4581.0,20321.665,False,False,False,False,False,False,False,COL,False,False
1972,0.425531914893617,5348.0,22542.89,False,False,False,False,False,False,False,COL,False,False
1976,0.0,5918.0,24638.0,False,False,False,False,False,False,False,COL,False,False
1980,0.0,6786.0,26631.0,False,False,False,False,False,False,False,COL,False,False
1984,0.12468827930174563,6741.0,29096.0,False,False,False,False,False,False,False,COL,False,False
1988,0.1141552511415525,7442.0,31673.0,False,False,False,False,False,False,False,COL,False,False
1992,0.10193679918450561,7888.10549029318,34300.11,False,False,False,False,False,False,False,COL,False,False
1996,0.0,8770.58320363863,36759.68,False,False,False,False,False,False,False,COL,False,False
2000,0.10810810810810811,8496.79186144236,38910.64,False,False,False,False,False,False,False,COL,False,False
2004,0.2157497303128371,9211.27911250038,40898.58,False,False,False,False,False,False,False,COL,False,False
2008,0.20898641588296762,10846.7376868879,42781.41,False,False,False,False,False,False,False,COL,False,False
2012,0.8316008316008316,12129.809173045,44660.44,False,False,False,False,False,False,False,COL,False,False
2016,0.8221993833504625,13367.4456944415,46796.16,False,False,False,False,False,False,False,COL,False,False
2020,0.4629629629629629,12377.1349498098,50283.48,False,False,False,False,False,False,False,COL,False,False
2024,0.38314176245210724,14483.460296659521,52886.363,False,False,False,False,False,False,False,COL,False,False
1996,0.0,1141.60158685115,494.0,False,False,False,False,False,False,False,COM,False,False
2000,0.0,1204.40239235915,545.0,False,False,False,False,False,False,False,COM,False,False
2004,0.0,1247.27494837471,606.0,False,False,False,False,False,False,False,COM,False,False
2008,0.0,1419.36709608481,674.0,False,False,False,False,False,False,False,COM,False,False
2012,0.0,1509.0,737.0,False,False,False,False,False,False,False,COM,False,False
2016,0.0,1705.74027180946,795.0,False,False,False,False,False,False,False,COM,False,False
1996,0.0,2594.09968612806,395.0,False,False,False,False,False,False,False,CPV,False,False
2000,0.0,3583.58681863733,430.0,False,False,False,False,False,False,False,CPV,False,False
2004,0.0,4368.05476736032,463.0,False,False,False,False,False,False,False,CPV,False,False
2008,0.0,5985.10681677699,494.0,False,False,False,False,False,False,False,CPV,False,False
2012,0.0,6273.0,524.0,False,False,False,False,False,False,False,CPV,False,False
2016,0.0,6461.35061688365,553.0,False,False,False,False,False,False,False,CPV,False,False
2024,0.09578544061302681,8015.6902484815255,524.877,False,False,False,False,False,False,False,CPV,False,False
1936,0.0,2550.0,560.0,False,False,False,False,False,False,False,CRC,False,False
1964,0.0,4720.0,1440.184,False,False,False,False,False,False,False,CRC,False,False
1968,0.0,5574.0,1638.476,False,False,False,False,False,False,False,CRC,False,False
1972,0.0,6564.0,1834.796,False,False,False,False,False,False,False,CRC,False,False
1976,0.0,7182.0,2048.557,False,False,False,False,False,False,False,CRC,False,False
1980,0.0,7828.0,2299.124,False,False,False,False,False,False,False,CRC,False,False
1984,0.0,7065.0,2567.516,False,False,False,False,False,False,False,CRC,False,False
1988,0.1141552511415525,7270.0,2875.267,False,False,False,False,False,False,False,CRC,False,False
1992,0.0,8038.76775758544,3166.61,False,False,False,False,False,False,False,CRC,False,False
1996,0.11890606420927466,8446.78124456268,3515.6,False,False,False,False,False,False,False,CRC,False,False
2000,0.21621621621621623,9319.76618884734,3867.38,False,False,False,False,False,False,False,CRC,False,False
2004,0.0,10086.7836653535,4145.05,False,False,False,False,False,False,False,CRC,False,False
2008,0.0,11935.1577856167,4399.99,False,False,False,False,False,False,False,CRC,False,False
2012,0.0,12800.0475243605,4647.57,False,False,False,False,False,False,False,CRC,False,False
2016,0.0,13959.3418861907,4884.88,False,False,False,False,False,False,False,CRC,False,False
1992,0.3058103975535168,9331.89265228301,4490.68,False,False,False,False,False,False,False,CRO,False,False
1996,0.23781212841854932,11030.0793094036,4419.9,False,False,False,False,False,False,False,CRO,False,False
2000,0.21621621621621623,13244.540749737,4333.77,False,False,False,False,False,False,False,CRO,False,False
2004,0.5393743257820928,16628.574443674,4178.58,False,False,False,False,False,False,False,CRO,False,False
2008,0.522466039707419,20717.3157388307,4181.09,False,False,False,False,False,False,False,CRO,False,False
2012,0.6237006237006237,19413.8924362517,4140.53,False,False,False,False,False,False,False,CRO,False,False
2016,1.027749229188078,20915.2273189076,4046.82,False,False,False,False,False,False,False,CRO,False,False
2020,0.8333333333333334,21672.4779377293,3925.41,False,False,False,False,False,False,False,CRO,False,False
2024,0.6704980842911877,28994.095420133475,3866.2,False,False,False,False,False,False,False,CRO,False,False
1904,1.4336917562724014,1809.0,1879.0,False,False,False,False,False,False,True,CUB,False,False
1924,0.0,2327.0,3345.0,False,False,False,False,False,False,True,CUB,False,False
1928,0.0,2275.0,3693.0,False,False,False,False,False,False,True,CUB,False,False
1932,0.0,1629.0,3984.0,False,False,False,False,False,False,True,CUB,False,False
1948,0.19801980198019803,2507.0,5268.0,False,False,False,False,False,False,True,CUB,False,False
1952,0.0,2844.0,6008.0,False,False,False,False,False,False,True,CUB,False,False
1956,0.0,2740.0,6513.0,False,False,False,False,False,False,True,CUB,False,False
1960,0.0,2994.0,7027.0,False,False,False,False,False,False,True,CUB,False,False
1964,0.16556291390728478,3158.0,7612.0,False,False,False,False,False,False,True,CUB,False,False
1968,0.6339144215530903,3229.0,8284.0,False,False,False,False,False,False,True,CUB,False,False
1972,1.1347517730496455,3253.0,8830.0,False,False,False,False,False,False,True,CUB,False,False
1976,1.7955801104972375,3786.0,9418.0,False,False,False,False,False,False,True,CUB,False,False
1980,2.680965147453083,4106.0,9648.0,False,False,False,False,False,False,True,CUB,False,False
1992,3.1600407747196737,3399.9647245106,10780.0,False,False,False,False,False,False,True,CUB,False,False
1996,2.972651605231867,3249.63531743577,10963.0,False,False,False,False,False,False,True,CUB,False,False
2000,3.135135135135135,4009.3398762914,11147.0,False,False,False,False,False,False,True,CUB,False,False
2004,2.912621359223301,4561.01672175189,11260.0,False,False,False,False,False,False,True,CUB,False,False
2008,2.507836990595611,6004.89386182453,11258.0,False,False,False,False,False,False,True,CUB,False,False
2012,1.4553014553014554,7138.0,11262.0,False,False,False,False,False,False,True,CUB,False,False
2016,1.1305241521068858,7928.04988676795,11180.0,False,False,False,False,False,False,True,CUB,False,False
2020,1.3888888888888888,7364.10558763986,11089.3651341203,False,False,False,False,False,False,True,CUB,False,False
2024,0.8620689655172413,7475.589156849052,10979.783,False,False,False,False,False,False,True,CUB,False,False
1980,0.0,9451.0,611.0,False,False,False,False,False,False,False,CYP,False,False
1984,0.0,11330.0,639.9,False,False,False,False,False,False,False,CYP,False,False
1988,0.0,13748.0,664.217,False,False,False,False,False,False,False,CYP,False,False
1992,0.0,16570.3973074118,721.06,False,False,False,False,False,False,False,CYP,False,False
1996,0.0,18875.2885687564,787.33,False,False,False,False,False,False,False,CYP,False,False
2000,0.0,22326.7980432244,826.27,False,False,False,False,False,False,False,CYP,False,False
2004,0.0,25355.2401840482,866.72,False,False,False,False,False,False,False,CYP,False,False
2008,0.0,28736.9745200427,936.55,False,False,False,False,False,False,False,CYP,False,False
2012,0.10395010395010396,25933.4946834009,1028.61,False,False,False,False,False,False,False,CYP,False,False
2016,0.0,26607.5554216892,1013.86,False,False,False,False,False,False,False,CYP,False,False
2024,0.09578544061302681,32776.24107122281,1358.282,False,False,False,False,False,False,False,CYP,False,False
1996,1.3079667063020213,15386.3206677175,10262.37,False,False,False,False,False,False,False,CZE,False,False
2000,0.8648648648648649,17056.1595018642,10219.74,False,False,False,False,False,False,False,CZE,False,False
2004,0.9708737864077669,20555.0355651635,10154.49,False,False,False,False,False,True,False,CZE,False,False
2008,0.6269592476489028,26186.0453787816,10376.12,False,False,False,False,False,False,False,CZE,False,False
2012,1.0395010395010396,26483.3804690022,10455.31,False,False,False,False,False,True,False,CZE,False,False
2016,1.027749229188078,29097.5043798794,10511.01,False,False,False,False,False,False,False,CZE,False,False
2020,1.0185185185185186,30365.3682434726,10645.2,False,False,False,False,False,False,False,CZE,False,False
2024,0.4789272030651341,31963.00040856543,10905.028,False,False,True,False,False,True,False,CZE,False,False
1896,5.0,4521.0,2428.0,False,False,False,False,False,False,False,DEN,False,False
1900,2.405498281786942,4809.0,2561.0,False,False,False,False,False,False,False,DEN,False,False
1906,2.6785714285714284,5423.0,2741.0,False,False,False,False,False,False,False,DEN,False,False
1908,1.5625,5662.0,2809.0,False,False,False,False,False,False,False,DEN,False,False
1912,3.79746835443038,6076.0,2951.0,False,False,False,False,False,False,False,DEN,False,False
1920,2.914798206278027,6363.0,3242.0,False,False,False,False,False,False,False,DEN,False,False
1924,2.4774774774774775,7218.0,3389.0,False,False,False,False,False,False,False,DEN,False,False
1928,2.2670025188916876,7627.0,3497.0,False,False,False,False,False,False,False,DEN,False,False
1932,1.9417475728155338,8239.0,3603.0,False,False,False,False,False,False,False,DEN,False,False
1936,1.0570824524312896,8886.0,3722.0,False,False,False,False,False,False,False,DEN,False,False
1948,4.356435643564356,9776.0,4190.0,False,False,False,False,False,False,False,DEN,False,False
1952,1.1450381679389312,11086.0,4334.0,False,False,False,False,False,False,False,DEN,False,False
1956,0.7434944237918215,11858.0,4466.471,False,False,False,False,False,False,False,DEN,False,False
1960,1.107011070110701,14046.0,4581.0,False,False,False,False,False,False,False,DEN,False,False
1964,0.9933774834437087,16832.0,4720.171,False,False,False,False,False,False,False,DEN,False,False
1968,1.2678288431061806,18868.0,4867.3,False,False,False,False,False,False,False,DEN,False,False
1972,0.14184397163120568,21579.0,4991.596,False,False,False,False,False,False,False,DEN,False,False
1976,0.4143646408839779,23059.0,5072.596,False,False,False,False,False,False,False,DEN,False,False
1980,0.6702412868632708,24272.0,5123.027,False,False,False,False,False,False,False,DEN,False,False
1984,0.7481296758104738,26581.0,5111.619,False,False,False,False,False,False,False,DEN,False,False
1988,0.45662100456621,29049.0,5129.516,False,False,False,False,False,False,False,DEN,False,False
1992,0.6116207951070336,30573.5733215054,5171.96,False,False,False,False,False,False,False,DEN,False,False
1996,0.713436385255648,34325.4425056305,5262.98,False,False,False,False,False,False,False,DEN,False,False
2000,0.6486486486486486,39021.1775521356,5338.99,False,False,False,False,False,False,False,DEN,False,False
2004,0.8629989212513484,41178.562625218,5404.0,False,False,False,False,False,False,False,DEN,False,False
2008,0.7314524555903866,44246.3986882078,5494.02,False,False,False,False,False,False,False,DEN,False,False
2012,0.9355509355509356,43509.6123819857,5592.04,False,False,False,False,False,False,False,DEN,False,False
2016,1.5416238437821173,46018.9834038023,5730.06,False,False,False,False,False,False,False,DEN,False,False
2020,1.0185185185185186,47171.0870728459,5831.08,False,False,False,False,False,False,False,DEN,False,False
2024,0.8620689655172413,52116.771309413845,5976.992,False,False,False,False,False,False,False,DEN,False,False
1984,0.0,2944.0,375.0,False,False,False,False,False,False,False,DJI,False,False
1988,0.1141552511415525,2652.0,417.0,False,False,False,False,False,False,False,DJI,False,False
1992,0.0,2141.63413537219,547.0,False,False,False,False,False,False,False,DJI,False,False
1996,0.0,2081.99546483789,568.0,False,False,False,False,False,False,False,DJI,False,False
2000,0.0,1880.99875054224,669.0,False,False,False,False,False,False,False,DJI,False,False
2008,0.0,2463.44491789316,709.0,False,False,False,False,False,False,False,DJI,False,False
2012,0.0,2654.0,774.0,False,False,False,False,False,False,False,DJI,False,False
2016,0.0,3084.54245322423,847.0,False,False,False,False,False,False,False,DJI,False,False
1996,0.0,4894.8418794387,71.0,False,False,False,False,False,False,False,DMA,False,False
2000,0.0,5696.95522360794,71.0,False,False,False,False,False,False,False,DMA,False,False
2004,0.0,6602.70000484951,72.0,False,False,False,False,False,False,False,DMA,False,False
2008,0.0,8454.06265375164,73.0,False,False,False,False,False,False,False,DMA,False,False
2012,0.0,8823.0,73.0,False,False,False,False,False,False,False,DMA,False,False
2016,0.0,9567.25138336841,74.0,False,False,False,False,False,False,False,DMA,False,False
2024,0.09578544061302681,9480.986933563261,66.205,False,False,False,False,False,False,False,DMA,False,False
1964,0.0,2365.0,3687.001,False,False,False,False,False,False,False,DOM,False,False
1968,0.0,2150.0,4173.328,False,False,False,False,False,False,False,DOM,False,False
1972,0.0,2928.0,4671.329,False,False,False,False,False,False,False,DOM,False,False
1976,0.0,3504.0,5175.585,False,False,False,False,False,False,False,DOM,False,False
1980,0.0,3781.0,5696.855,False,False,False,False,False,False,False,DOM,False,False
1984,0.12468827930174563,3830.0,6242.0,False,False,False,False,False,False,False,DOM,False,False
1988,0.0,3821.0,6799.0,False,False,False,False,False,False,False,DOM,False,False
1992,0.0,4185.40593822095,7334.92,False,False,False,False,False,False,False,DOM,False,False
1996,0.0,5198.56664916418,7805.77,False,False,False,False,False,False,False,DOM,False,False
2000,0.0,6788.0838992463,8300.57,False,False,False,False,False,False,False,DOM,False,False
2004,0.10787486515641855,7441.44762923987,8801.44,False,False,False,False,False,False,False,DOM,False,False
2008,0.20898641588296762,10225.5288424606,9281.35,False,False,False,False,False,False,False,DOM,False,False
2012,0.2079002079002079,11854.3658261704,9742.24,False,False,False,False,False,False,False,DOM,False,False
2016,0.10277492291880781,14530.0999094903,10176.82,False,False,False,False,False,False,False,DOM,False,False
2020,0.4629629629629629,15325.6545655599,10587.15,False,False,False,False,False,False,False,DOM,False,False
2024,0.28735632183908044,18671.31082649367,11427.557,False,False,False,False,False,False,False,DOM,False,False
1924,0.0,1749.0,1850.0,False,False,False,False,False,False,False,ECU,False,False
1968,0.0,4264.0,5596.925,False,False,False,False,False,False,False,ECU,False,False
1972,0.0,4801.0,6298.651,False,False,False,False,False,False,False,ECU,False,False
1976,0.0,5877.0,7072.687,False,False,False,False,False,False,False,ECU,False,False
1980,0.0,6582.0,7920.499,False,False,False,False,False,False,False,ECU,False,False
1984,0.0,6336.0,8825.829,False,False,False,False,False,False,False,ECU,False,False
1988,0.0,6357.0,9794.122,False,False,False,False,False,False,False,ECU,False,False
1992,0.0,6715.47433899589,10553.81,False,False,False,False,False,False,False,ECU,False,False
1996,0.11890606420927466,6993.64384585655,11526.48,False,False,False,False,False,False,False,ECU,False,False
2000,0.0,6908.24297556069,12445.84,False,False,False,False,False,False,False,ECU,False,False
2004,0.0,7958.92070338642,13367.8,False,False,False,False,False,False,False,ECU,False,False
2008,0.10449320794148381,9103.87168745247,14351.56,False,False,False,False,False,False,False,ECU,False,False
2012,0.0,10398.9478008272,15217.57,False,False,False,False,False,False,False,ECU,False,False
2016,0.0,10603.8058770182,16071.88,False,False,False,False,False,False,False,ECU,False,False
2020,0.2777777777777778,9646.06516043359,16894.46,False,False,False,False,False,False,False,ECU,False,False
2024,0.4789272030651341,9944.883094465962,18135.478,False,False,False,False,False,False,False,ECU,False,False
1952,0.19083969465648853,1435.0,22223.309,False,False,False,False,False,False,False,EGY,False,False
1956,0.0,1443.0,24425.817,False,False,False,False,False,False,False,EGY,False,False
1964,0.0,1859.0,29533.07,False,False,False,False,False,False,False,EGY,False,False
1968,0.0,1827.0,32337.877,False,False,False,False,False,False,False,EGY,False,False
1972,0.0,2047.0,34807.417,False,False,False,False,False,False,False,EGY,False,False
1976,0.0,2560.0,37736.99,False,False,False,False,False,False,False,EGY,False,False
1984,0.12468827930174563,3810.0,48550.155,False,False,False,False,False,False,False,EGY,False,False
1988,0.0,4001.0,54015.071,False,False,False,False,False,False,False,EGY,False,False
1992,0.0,4338.95375321204,58583.49,False,False,False,False,False,False,False,EGY,False,False
1996,0.0,5293.10050397733,62093.83,False,False,False,False,False,False,False,EGY,False,False
2000,0.0,6593.5317930907,67376.68,False,False,False,False,False,False,False,EGY,False,False
2004,0.5393743257820928,7661.85985868625,73297.86,False,False,False,False,False,False,False,EGY,False,False
2008,0.10449320794148381,9698.01663832814,79944.56,False,False,False,False,False,False,False,EGY,False,False
2012,0.2079002079002079,10774.5299124852,88197.56,False,False,False,False,False,False,False,EGY,False,False
2016,0.3083247687564234,11458.447735786,97882.25,False,False,False,False,False,False,False,EGY,False,False
2020,0.5555555555555556,12234.5034817027,106892.62,False,False,False,False,False,False,False,EGY,False,False
2024,0.28735632183908044,13558.74816050446,116538.258,False,False,False,False,False,False,False,EGY,False,False
1932,0.0,1313.0,1470.0,False,False,False,False,False,False,False,ESA,False,False
1968,0.0,3524.0,3347.32,False,False,False,False,False,False,False,ESA,False,False
1972,0.0,3668.0,3791.291,False,False,False,False,False,False,False,ESA,False,False
1984,0.0,3357.0,4593.745,False,False,False,False,False,False,False,ESA,False,False
1988,0.0,3344.0,4938.989,False,False,False,False,False,False,False,ESA,False,False
1992,0.0,3750.51721814953,5286.006,False,False,False,False,False,False,False,ESA,False,False
1996,0.0,4671.33901624011,5551.117,False,False,False,False,False,False,False,ESA,False,False
2000,0.0,5403.7147358137,5825.336,False,False,False,False,False,False,False,ESA,False,False
2004,0.0,6145.97987183393,5887.619,False,False,False,False,False,False,False,ESA,False,False
2008,0.0,7312.65583506175,5933.968,False,False,False,False,False,False,False,ESA,False,False
2012,0.0,7726.0,6032.632,False,False,False,False,False,False,False,ESA,False,False
2016,0.0,8289.27332502234,6248.422,False,False,False,False,False,False,False,ESA,False,False
1900,0.3436426116838488,2672.39052813789,18566.0,False,False,True,True,False,True,False,ESP,False,False
1920,0.4484304932735426,3239.31849128423,21232.0,False,False,True,False,False,True,False,ESP,False,False
1924,0.0,3513.82669621258,22069.0,False,False,True,True,False,True,False,ESP,False,False
1928,0.2518891687657431,3901.83504741956,22977.0,False,False,True,False,False,True,False,ESP,False,False
1932,0.24271844660194172,3851.0339446991,23897.0,False,False,False,False,False,False,False,ESP,False,False
1948,0.19801980198019803,3473.9224482393,27437.0,False,False,False,False,False,True,False,ESP,False,False
1952,0.19083969465648853,4099.39922657874,28549.87,False,False,False,False,False,False,False,ESP,False,False
1956,0.0,4763.96260295763,29579.142,False,False,False,False,False,False,False,ESP,False,False
1960,0.18450184501845018,5031.56658157244,30641.187,False,False,True,True,False,True,False,ESP,False,False
1964,0.0,6938.49184363521,31740.862,False,False,False,False,False,False,False,ESP,False,False
1968,0.0,8598.88130808511,33239.301,False,False,False,False,False,False,False,ESP,False,False
1972,0.14184397163120568,10787.6926659897,34513.161,False,False,True,False,False,True,False,ESP,False,False
1976,0.2762430939226519,13044.9859936766,35996.78,False,False,False,False,False,False,False,ESP,False,False
1980,0.8042895442359249,14005.9345954545,37488.36,False,False,False,False,False,False,False,ESP,False,False
1984,0.6234413965087282,14313.3266483274,38362.861,False,False,False,False,False,False,False,ESP,False,False
1988,0.45662100456621,17275.5075523348,39053.881,False,False,False,False,False,False,False,ESP,True,False
1992,2.2426095820591234,20329.1677408367,39512.73,True,False,False,False,False,False,False,ESP,False,False
1996,2.0214030915576697,22185.0667599765,39892.94,False,False,False,False,False,False,False,ESP,False,True
2000,1.1891891891891893,26994.8601202917,40563.23,False,False,False,False,False,False,False,ESP,False,False
2004,2.157497303128371,30088.0926352499,42868.51,False,False,False,False,False,True,False,ESP,False,False
2008,1.8808777429467085,32844.326112024,45993.19,False,False,False,False,False,False,False,ESP,False,False
2012,1.7671517671517671,30645.215366245,46776.59,False,False,False,False,False,True,False,ESP,False,False
2016,1.7471736896197325,33002.6743470795,46459.99,False,False,False,False,False,False,False,ESP,False,False
2020,1.574074074074074,30834.5131974243,47366.01,False,False,False,False,False,False,False,ESP,False,False
2024,1.7241379310344827,35384.25191380209,48848.84,False,False,True,True,False,True,False,ESP,False,False
1992,0.20387359836901123,13214.387635358,1528.72,False,False,False,False,False,False,True,EST,False,False
1996,0.0,13547.6609071373,1423.63,False,False,False,False,False,False,True,EST,False,False
2000,0.3243243243243243,16806.9746197181,1399.76,False,False,False,False,False,False,True,EST,False,False
2004,0.3236245954692557,20803.7575925869,1364.8,False,False,False,False,False,False,True,EST,False,False
2008,0.20898641588296762,24429.0222103868,1336.93,False,False,False,False,False,False,True,EST,False,False
2012,0.2079002079002079,22784.3000102148,1323.74,False,False,False,False,False,False,True,EST,False,False
2016,0.10277492291880781,25196.1537732171,1314.45,False,False,False,False,False,False,True,EST,False,False
2020,0.1851851851851852,28261.5825720425,1327.43,False,False,False,False,False,False,True,EST,False,False
1956,0.0,682.0,22838.42238875,False,False,False,False,False,False,False,ETH,False,False
1960,0.18450184501845018,701.0,24622.0593382984,False,False,False,False,False,False,False,ETH,False,False
1964,0.16556291390728478,840.0,26653.6189045246,False,False,False,False,False,False,False,ETH,False,False
1968,0.31695721077654515,902.0,28943.2102826252,False,False,False,False,False,False,False,ETH,False,False
1972,0.28368794326241137,995.0,31542.8271663156,False,False,False,False,False,False,False,ETH,False,False
1980,0.5361930294906166,1033.0,36866.3784417149,False,False,False,False,False,False,False,ETH,False,False
1992,0.3058103975535168,708.369350268148,52875.46,False,False,False,False,False,False,False,ETH,False,False
1996,0.356718192627824,782.994147163961,58915.21,False,False,False,False,False,False,False,ETH,False,False
2000,0.8648648648648649,771.731486070366,65213.05,False,False,False,False,False,False,False,ETH,False,False
2004,0.7551240560949299,771.465196083397,72388.73,False,False,False,False,False,False,False,ETH,False,False
2008,0.7314524555903866,989.980387603017,80563.72,False,False,False,False,False,False,False,ETH,False,False
2012,0.7276507276507277,1291.77690111998,90066.04,False,False,False,False,False,False,False,ETH,False,False
2016,0.8221993833504625,1722.30919630768,100858.15,False,False,False,False,False,False,False,ETH,False,False
2020,0.3703703703703704,2121.8590445605,112099.9,False,False,False,False,False,False,False,ETH,False,False
2024,0.38314176245210724,2493.409279220714,132059.767,False,False,False,False,False,False,False,ETH,False,False
1906,1.7857142857142856,2860.0,2788.0,False,False,False,False,False,False,False,FIN,False,False
1908,1.5625,2915.0,2861.0,False,False,False,False,False,False,False,FIN,False,False
1912,8.227848101265822,3223.0,2998.0,False,False,False,False,False,False,False,FIN,False,False
1920,7.623318385650224,2942.0,3133.0,False,False,False,False,False,False,False,FIN,False,False
1924,8.333333333333332,3545.0,3272.0,False,False,False,False,False,False,False,FIN,False,False
1928,6.297229219143577,4315.0,3396.0,False,False,False,False,False,False,False,FIN,False,False
1932,6.067961165048544,4065.0,3503.0,False,False,False,False,False,False,False,FIN,False,False
1936,4.2283298097251585,5227.0,3601.0,False,False,False,False,False,False,False,FIN,False,False
1948,4.356435643564356,6307.0,3912.0,False,False,False,False,False,False,False,FIN,True,False
1952,4.198473282442748,7450.0,4090.5,True,False,False,False,False,False,False,FIN,False,False
1956,2.7881040892193307,8440.0,4281.7,False,False,False,False,False,False,False,FIN,False,True
1960,0.9225092250922509,9931.0,4429.6,False,False,False,False,False,False,False,FIN,False,False
1964,0.8278145695364238,11647.0,4548.544,False,False,False,False,False,False,False,FIN,False,False
1968,0.6339144215530903,12900.0,4626.469,False,False,False,False,False,False,False,FIN,False,False
1972,1.1347517730496455,16654.0,4639.657,False,False,False,False,False,False,False,FIN,False,False
1976,0.8287292817679558,18104.0,4725.664,False,False,False,False,False,False,False,FIN,False,False
1980,1.0723860589812333,20640.0,4779.535,False,False,False,False,False,False,False,FIN,False,False
1984,1.4962593516209477,22486.0,4881.788,False,False,False,False,False,False,False,FIN,False,False
1988,0.45662100456621,25644.0,4946.633,False,False,False,False,False,False,False,FIN,False,False
1992,0.509683995922528,24219.7606253107,5042.03,False,False,False,False,False,False,False,FIN,False,False
1996,0.47562425683709864,26637.265654374,5124.63,False,False,False,False,False,False,False,FIN,False,False
2000,0.43243243243243246,32689.7688915662,5176.23,False,False,False,False,False,False,False,FIN,False,False
2004,0.2157497303128371,35888.6131934003,5228.23,False,False,False,False,False,False,False,FIN,False,False
2008,0.41797283176593525,40129.6533382812,5313.43,False,False,False,False,False,False,False,FIN,False,False
2012,0.31185031185031187,37715.0109909915,5414.03,False,False,False,False,False,False,False,FIN,False,False
2016,0.10277492291880781,37924.151065413,5495.33,False,False,False,False,False,False,False,FIN,False,False
2020,0.1851851851851852,38871.7018478207,5530.73,False,False,False,False,False,False,False,FIN,False,False
1896,9.166666666666666,4280.0,40192.0,False,False,False,False,False,True,False,FRA,True,False
1900,35.051546391752574,4584.0,40598.0,True,False,False,False,False,False,False,FRA,False,False
1904,0.7168458781362007,4538.0,40859.0,False,False,False,False,False,False,False,FRA,False,True
1906,18.303571428571427,4691.0,40942.0,False,False,False,False,False,False,False,FRA,False,False
1908,5.9375,4854.0,41046.0,False,False,False,False,False,True,False,FRA,False,False
1912,4.746835443037975,5601.0,41359.0,False,False,False,False,False,False,False,FRA,False,False
1920,9.417040358744394,5144.0,39000.0,False,False,True,False,True,True,False,FRA,True,False
1924,9.00900900900901,6661.0,40310.0,True,False,False,False,False,False,False,FRA,False,False
1928,6.297229219143577,7063.0,41050.0,False,False,True,False,True,True,False,FRA,False,True
1932,4.854368932038835,6311.0,41860.0,False,False,False,False,False,False,False,FRA,False,False
1936,4.0169133192389,6765.0,41910.0,False,False,True,True,False,True,False,FRA,False,False
1948,6.336633663366337,7002.0,41110.0,False,False,False,False,False,True,False,FRA,False,False
1952,3.435114503816794,8869.0,43184.0,False,False,False,False,False,False,False,FRA,False,False
1956,2.6022304832713754,10278.0,44657.0,False,False,False,False,False,False,False,FRA,False,False
1960,0.9225092250922509,11792.0,46584.0,False,False,True,True,False,True,False,FRA,False,False
1964,2.4834437086092715,14057.0,49357.0,False,False,False,False,False,False,False,FRA,False,False
1968,2.3771790808240887,16365.0,51034.0,False,False,False,False,False,False,False,FRA,False,False
1972,1.8439716312056738,19549.0,52894.0,False,False,True,False,False,True,False,FRA,False,False
1976,1.2430939226519337,21465.0,54159.0,False,False,False,False,False,False,False,FRA,False,False
1980,1.876675603217158,23537.0,55110.0,False,False,False,False,False,False,False,FRA,False,False
1984,3.4912718204488775,24519.0,56246.0,False,False,False,False,False,False,False,FRA,False,False
1988,1.82648401826484,26763.0,57255.0,False,False,False,False,False,False,False,FRA,False,False
1992,2.9561671763506627,28619.8040529638,58750.12,False,False,True,True,False,True,False,FRA,False,False
1996,4.399524375743162,29736.6447786553,59651.76,False,False,False,False,False,False,False,FRA,False,False
2000,4.108108108108108,33409.6814829309,60811.0,False,False,False,False,False,False,False,FRA,False,False
2004,3.559870550161812,35093.8241349767,62600.29,False,False,False,False,False,True,False,FRA,False,False
2008,4.284221525600835,36761.7920646086,64263.78,False,False,False,False,False,False,False,FRA,False,False
2012,3.6382536382536386,36625.9268983289,65551.83,False,False,False,False,False,True,False,FRA,False,False
2016,4.316546762589928,37343.8402371787,66730.05,False,False,False,False,False,False,False,FRA,False,False
2020,3.0555555555555554,35913.8193694193,67901.27,False,False,False,False,False,False,False,FRA,True,False
2024,6.130268199233716,39884.91362151626,68551.653,True,False,False,False,False,False,False,FRA,False,False
1972,0.0,6559.0,538.009,False,False,False,False,False,False,False,GAB,False,False
1984,0.0,8612.0,805.26,False,False,False,False,False,False,False,GAB,False,False
1988,0.0,6982.0,899.743,False,False,False,False,False,False,False,GAB,False,False
1992,0.0,8194.49945140058,969.7,False,False,False,False,False,False,False,GAB,False,False
1996,0.0,10389.2097947514,1060.98,False,False,False,False,False,False,False,GAB,False,False
2000,0.0,10637.7997208308,1178.63,False,False,False,False,False,False,False,GAB,False,False
2004,0.0,12022.5071831266,1297.37,False,False,False,False,False,False,False,GAB,False,False
2008,0.0,13330.2547689156,1486.93,False,False,False,False,False,False,False,GAB,False,False
2012,0.10395010395010396,16682.3078992928,1713.93,False,False,False,False,False,False,False,GAB,False,False
2016,0.0,16995.2378472392,1966.1,False,False,False,False,False,False,False,GAB,False,False
1984,0.0,1462.0,741.0,False,False,False,False,False,False,False,GAM,False,False
1988,0.0,1417.0,875.0,False,False,False,False,False,False,False,GAM,False,False
1992,0.0,1391.40545449168,1034.0,False,False,False,False,False,False,False,GAM,False,False
1996,0.0,1336.84732412669,1202.0,False,False,False,False,False,False,False,GAM,False,False
2000,0.0,1440.86192167419,1357.0,False,False,False,False,False,False,False,GAM,False,False
2004,0.0,1585.79921991557,1508.0,False,False,False,False,False,False,False,GAM,False,False
2008,0.0,1618.44448244572,1671.0,False,False,False,False,False,False,False,GAM,False,False
2012,0.0,1725.0,1840.0,False,False,False,False,False,False,False,GAM,False,False
2016,0.0,1770.36448958669,2010.0,False,False,False,False,False,False,False,GAM,False,False
1896,7.5,7211.0,39599.0,False,False,False,False,False,True,False,GBR,False,False
1900,14.432989690721648,7594.0,41155.0,False,False,False,False,False,True,False,GBR,False,False
1904,0.7168458781362007,7455.0,42611.0,False,False,False,False,False,False,False,GBR,False,False
1906,11.160714285714286,7782.0,43361.0,False,False,False,False,False,False,False,GBR,True,False
1908,44.6875,7461.0,44124.0,True,False,False,False,False,False,False,GBR,False,False
1912,12.974683544303797,7954.0,45426.0,False,False,False,False,False,False,False,GBR,False,True
1920,9.641255605381167,7017.0,46821.0,False,False,False,False,False,True,False,GBR,False,False
1924,7.882882882882883,7844.0,44915.0,False,False,False,False,False,True,False,GBR,False,False
1928,5.541561712846348,8539.0,45578.0,False,False,False,False,False,True,False,GBR,False,False
1932,4.12621359223301,8206.0,46335.0,False,False,False,False,False,False,False,GBR,False,False
1936,2.9598308668076108,9620.0,47081.0,False,False,False,False,False,True,False,GBR,True,False
1948,5.346534653465347,10753.0,50014.0,True,False,False,False,False,False,False,GBR,False,False
1952,2.099236641221374,11303.0,50430.0,False,False,False,False,False,False,False,GBR,False,True
1956,4.4609665427509295,12639.0,51184.0,False,False,False,False,False,False,False,GBR,False,False
1960,3.6900369003690034,13780.0,52372.0,False,False,False,False,False,True,False,GBR,False,False
1964,2.980132450331126,15251.0,53991.0,False,False,False,False,False,False,False,GBR,False,False
1968,2.0602218700475436,16593.0,55214.0,False,False,False,False,False,False,False,GBR,False,False
1972,2.553191489361702,18002.0,56079.0,False,False,False,False,False,True,False,GBR,False,False
1976,1.7955801104972375,19311.0,56206.0,False,False,False,False,False,False,False,GBR,False,False
1980,2.8150134048257374,20612.0,56314.0,False,False,False,False,False,False,False,GBR,False,False
1984,4.613466334164588,21869.0,56462.228,False,False,False,False,False,False,False,GBR,False,False
1988,2.73972602739726,25679.0,57159.603,False,False,False,False,False,False,False,GBR,False,False
1992,2.038735983690112,25790.1846879957,57841.85,False,False,False,False,False,True,False,GBR,False,False
1996,1.78359096313912,28472.2482390673,58423.44,False,False,False,False,False,False,False,GBR,False,False
2000,3.027027027027027,31946.0363394414,59148.66,False,False,False,False,False,False,False,GBR,False,False
2004,3.2362459546925564,34865.7826780862,60217.4,False,False,False,False,False,True,False,GBR,False,False
2008,5.015673981191222,36264.7905577883,62099.76,False,False,False,False,False,False,False,GBR,True,False
2012,6.756756756756757,35243.6421425481,63989.15,True,False,False,False,False,False,False,GBR,False,False
2016,6.885919835560124,37593.906583539,65940.82,False,False,False,False,False,False,False,GBR,False,True
2020,5.9259259259259265,34651.1830491111,67380.21,False,False,False,False,False,False,False,GBR,False,False
2024,6.226053639846743,38032.16547109457,69226.0,False,False,False,False,False,True,False,GBR,False,False
1996,0.0,1337.46758135933,1122.655,False,False,False,False,False,False,False,GBS,False,False
2000,0.0,1230.64062943992,1207.665,False,False,False,False,False,False,False,GBS,False,False
2004,0.0,1194.67079177702,1317.452,False,False,False,False,False,False,False,GBS,False,False
2008,0.0,1270.72275565182,1446.297,False,False,False,False,False,False,False,GBS,False,False
2012,0.0,1361.0,1587.244,False,False,False,False,False,False,False,GBS,False,False
2016,0.0,1443.42402083808,1745.203,False,False,False,False,False,False,False,GBS,False,False
1996,0.23781212841854932,4030.88466295628,4961.31,False,False,False,False,False,False,False,GEO,False,False
2000,0.6486486486486486,4891.66405370768,4814.41,False,False,False,False,False,False,False,GEO,False,False
2004,0.4314994606256742,6342.70816986243,4738.53,False,False,False,False,False,False,False,GEO,False,False
2008,0.6269592476489028,8461.91734250787,4819.39,False,False,False,False,False,False,False,GEO,False,False
2012,0.7276507276507277,9497.12123319261,4945.75,False,False,False,False,False,False,False,GEO,False,False
2016,0.7194244604316548,10945.465518139,4923.61,False,False,False,False,False,False,False,GEO,False,False
2020,0.7407407407407408,11770.7822789239,4926.16,False,False,False,False,False,False,False,GEO,False,False
2024,0.6704980842911877,17043.445220824928,3699.557,False,False,False,False,False,False,False,GEO,False,False
1984,0.0,2437.0,315.0,False,False,False,False,False,False,False,GEQ,False,False
1988,0.0,2577.0,352.0,False,False,False,False,False,False,False,GEQ,False,False
1992,0.0,2690.63309412509,392.0,False,False,False,False,False,False,False,GEQ,False,False
1996,0.0,4426.33782610114,438.0,False,False,False,False,False,False,False,GEQ,False,False
2000,0.0,12914.8512921307,491.0,False,False,False,False,False,False,False,GEQ,False,False
2004,0.0,33419.8857944737,551.0,False,False,False,False,False,False,False,GEQ,False,False
2008,0.0,47562.3195289018,616.0,False,False,False,False,False,False,False,GEQ,False,False
2012,0.0,46255.0,686.0,False,False,False,False,False,False,False,GEQ,False,False
2016,0.0,33206.635897435,759.0,False,False,False,False,False,False,False,GEQ,False,False
1896,11.666666666666666,4368.0,51111.0,False,False,False,False,False,True,False,GER,False,False
1900,2.7491408934707904,4758.0,54388.0,False,False,True,True,False,True,False,GER,False,False
1904,5.734767025089606,4914.0,57806.0,False,False,False,False,False,False,False,GER,False,False
1906,6.25,5024.0,59481.0,False,False,False,False,False,False,False,GER,False,False
1908,4.0625,5187.0,61187.0,False,False,False,False,False,True,False,GER,False,False
1912,8.227848101265822,5617.0,64457.0,False,False,False,False,False,False,False,GER,False,False
1928,9.82367758186398,6519.0,64393.0,False,False,True,False,False,True,False,GER,False,False
1932,5.825242718446602,5359.0,65716.0,False,False,False,False,False,False,False,GER,True,False
1936,21.353065539112052,7095.0,67349.0,True,False,False,False,False,False,False,GER,False,False
1952,4.580152671755725,7257.0,69145.952,False,False,False,False,False,False,False,GER,False,True
1956,4.83271375464684,9846.0,70602.518,False,False,False,False,False,False,False,GER,False,False
1960,7.7490774907749085,12282.0,72480.869,False,False,True,True,False,True,False,GER,False,False
1964,8.27814569536424,14062.0,74954.262,False,False,False,False,False,False,False,GER,False,False
1992,8.35881753312946,27385.0555597794,80516.63,False,False,True,True,False,True,False,GER,False,False
1996,7.728894173602854,29349.9828354558,81482.83,False,False,False,False,False,False,False,GER,False,False
2000,6.054054054054054,33367.2838090657,81473.83,False,False,False,False,False,False,False,GER,False,False
2004,5.285868392664509,35528.713472379,81472.83,False,False,False,False,False,True,False,GER,False,False
2008,4.284221525600835,40715.4341729467,80780.68,False,False,False,False,False,False,False,GER,False,False
2012,4.5738045738045745,43288.3199199093,80442.61,False,False,False,False,False,True,False,GER,False,False
2016,4.316546762589928,45030.4682616668,82366.01,False,False,False,False,False,False,False,GER,False,False
2020,3.425925925925926,44996.4296207847,83178.18,False,False,False,False,False,False,False,GER,False,False
2024,3.1609195402298855,45826.17984218044,83516.593,False,False,True,True,False,True,False,GER,False,False
1952,0.0,1728.0,5581.001,False,False,False,False,False,False,False,GHA,False,False
1960,0.18450184501845018,2197.0,6958.283,False,False,False,False,False,False,False,GHA,False,False
1964,0.16556291390728478,2254.0,7781.813,False,False,False,False,False,False,False,GHA,False,False
1968,0.0,2101.0,8744.302,False,False,False,False,False,False,False,GHA,False,False
1972,0.14184397163120568,2235.0,9353.659,False,False,False,False,False,False,False,GHA,False,False
1984,0.0,1530.0,12832.613,False,False,False,False,False,False,False,GHA,False,False
1988,0.0,1648.0,14576.594,False,False,False,False,False,False,False,GHA,False,False
1992,0.10193679918450561,1771.60038628535,16255.8,False,False,False,False,False,False,False,GHA,False,False
1996,0.0,1907.93483958593,18019.73,False,False,False,False,False,False,False,GHA,False,False
2000,0.0,2100.29307054519,19792.18,False,False,False,False,False,False,False,GHA,False,False
2004,0.0,2329.5156743128,21899.81,False,False,False,False,False,False,False,GHA,False,False
2008,0.0,2725.78842608382,24270.4,False,False,False,False,False,False,False,GHA,False,False
2012,0.0,3467.10425874,26945.21,False,False,False,False,False,False,False,GHA,False,False
2016,0.0,3640.77902482867,29879.33,False,False,False,False,False,False,False,GHA,False,False
2020,0.0925925925925926,4069.25190241155,32864.43,False,False,False,False,False,False,False,GHA,False,False
1896,36.666666666666664,2359.0,4764.0,True,False,False,False,False,False,False,GRE,False,False
1900,0.0,1972.0,4962.0,False,False,False,False,False,True,False,GRE,False,True
1904,0.7168458781362007,2498.0,5102.0,False,False,False,False,False,False,False,GRE,False,False
1906,15.625,2530.0,5174.0,False,False,False,False,False,False,False,GRE,False,False
1908,1.25,2550.0,5246.0,False,False,False,False,False,True,False,GRE,False,False
1912,0.6329113924050633,3135.0,5390.0,False,False,False,False,False,False,False,GRE,False,False
1920,0.2242152466367713,2284.0,5700.0,False,False,False,False,False,True,False,GRE,False,False
1924,0.22522522522522523,3279.0,6000.0,False,False,False,False,False,True,False,GRE,False,False
1928,0.0,3561.0,6205.0,False,False,False,False,False,True,False,GRE,False,False
1932,0.0,3649.0,6516.0,False,False,False,False,False,False,False,GRE,False,False
1936,0.0,3913.0,6886.0,False,False,False,False,False,True,False,GRE,False,False
1948,0.0,2866.0,7749.0,False,False,False,False,False,True,False,GRE,False,False
1952,0.0,3272.0,7733.25,False,False,False,False,False,False,False,GRE,False,False
1956,0.18587360594795538,4313.0,8031.013,False,False,False,False,False,False,False,GRE,False,False
1960,0.18450184501845018,5015.0,8327.405,False,False,False,False,False,True,False,GRE,False,False
1964,0.0,6601.0,8510.429,False,False,False,False,False,False,False,GRE,False,False
1968,0.15847860538827258,8394.0,8740.765,False,False,False,False,False,False,False,GRE,False,False
1972,0.28368794326241137,11795.0,8888.628,False,False,False,False,False,True,False,GRE,False,False
1976,0.0,12919.0,9167.19,False,False,False,False,False,False,False,GRE,False,False
1980,0.40214477211796246,14300.0,9642.505,False,False,False,False,False,False,False,GRE,False,False
1984,0.24937655860349126,14453.0,9887.169,False,False,False,False,False,False,False,GRE,False,False
1988,0.1141552511415525,15596.0,9982.723,False,False,False,False,False,False,False,GRE,False,False
1992,0.20387359836901123,16545.9637660561,10290.12,False,False,False,False,False,True,False,GRE,False,False
1996,0.9512485136741973,17719.5573803883,10467.57,False,False,False,False,False,False,False,GRE,False,False
2000,1.4054054054054055,20965.3318066981,10661.93,False,False,False,False,False,False,False,GRE,True,False
2004,1.7259978425026967,25780.3850930784,10809.3,True,False,False,False,False,False,False,GRE,False,False
2008,0.41797283176593525,28907.9250256727,10930.37,False,False,False,False,False,False,False,GRE,False,True
2012,0.2079002079002079,22746.2062950648,10897.95,False,False,False,False,False,True,False,GRE,False,False
2016,0.6166495375128468,22679.8098204854,10632.5,False,False,False,False,False,False,False,GRE,False,False
2020,0.3703703703703704,21767.2201652719,10556.14,False,False,False,False,False,False,False,GRE,False,False
2024,0.7662835249042145,26443.222358234812,10405.134,False,False,False,False,False,True,False,GRE,False,False
1932,0.0,2200.0,1860.0,False,False,False,False,False,False,False,GUA,False,False
1952,0.0,3226.0,3166.0,False,False,False,False,False,False,False,GUA,False,False
1968,0.0,4385.0,5045.0,False,False,False,False,False,False,False,GUA,False,False
1972,0.0,5037.0,5510.0,False,False,False,False,False,False,False,GUA,False,False
1976,0.0,5705.0,6051.0,False,False,False,False,False,False,False,GUA,False,False
1980,0.0,6384.0,6650.0,False,False,False,False,False,False,False,GUA,False,False
1984,0.0,5469.0,7380.0,False,False,False,False,False,False,False,GUA,False,False
1988,0.0,5086.0,8496.0,False,False,False,False,False,False,False,GUA,False,False
1992,0.0,5303.59854742543,9478.43,False,False,False,False,False,False,False,GUA,False,False
1996,0.0,5511.90470568081,10609.83,False,False,False,False,False,False,False,GUA,False,False
2000,0.0,5860.2718525717,11728.4,False,False,False,False,False,False,False,GUA,False,False
2004,0.0,6070.19423096165,12873.21,False,False,False,False,False,False,False,GUA,False,False
2008,0.0,6604.68242304308,14139.4,False,False,False,False,False,False,False,GUA,False,False
2012,0.10395010395010396,6718.33223911709,15404.53,False,False,False,False,False,False,False,GUA,False,False
2016,0.0,7186.6599930709,16635.6,False,False,False,False,False,False,False,GUA,False,False
2024,0.19157088122605362,8292.826435000525,18406.359,False,False,False,False,False,False,False,GUA,False,False
1968,0.0,776.0,3471.858,False,False,False,False,False,False,False,GUI,False,False
1980,0.0,872.0,4309.756,False,False,False,False,False,False,False,GUI,False,False
1984,0.0,824.0,4760.634,False,False,False,False,False,False,False,GUI,False,False
1988,0.0,856.0,5397.044,False,False,False,False,False,False,False,GUI,False,False
1992,0.0,833.226762332466,6435.916,False,False,False,False,False,False,False,GUI,False,False
1996,0.0,927.12947969862,7236.079,False,False,False,False,False,False,False,GUI,False,False
2000,0.0,1046.56706272681,7780.073,False,False,False,False,False,False,False,GUI,False,False
2004,0.0,1159.82503467527,8316.554,False,False,False,False,False,False,False,GUI,False,False
2008,0.0,1290.4037004352,9090.759,False,False,False,False,False,False,False,GUI,False,False
2012,0.0,1397.0,10083.976,False,False,False,False,False,False,False,GUI,False,False
2016,0.0,1472.95301889483,11224.776,False,False,False,False,False,False,False,GUI,False,False
1960,0.0,1809.0,3697.0,False,False,False,False,False,False,False,HAI,False,False
1972,0.0,1635.0,4677.0,False,False,False,False,False,False,False,HAI,False,False
1976,0.0,1835.0,5064.0,False,False,False,False,False,False,False,HAI,False,False
1984,0.0,1803.0,5950.0,False,False,False,False,False,False,False,HAI,False,False
1988,0.0,1701.0,6459.0,False,False,False,False,False,False,False,HAI,False,False
1992,0.0,1535.97067314801,6983.0,False,False,False,False,False,False,False,HAI,False,False
1996,0.0,1426.41255434455,7629.0,False,False,False,False,False,False,False,HAI,False,False
2000,0.0,1520.72923536376,8279.0,False,False,False,False,False,False,False,HAI,False,False
2004,0.0,1439.20765878902,8900.0,False,False,False,False,False,False,False,HAI,False,False
2008,0.0,1555.49319297435,9508.0,False,False,False,False,False,False,False,HAI,False,False
2012,0.0,1674.0,9793.0,False,False,False,False,False,False,False,HAI,False,False
2016,0.0,1748.72692737215,10486.0,False,False,False,False,False,False,False,HAI,False,False
1952,0.0,3846.0,2135.09504149975,False,False,False,False,False,False,False,HKG,False,False
1956,0.0,4450.0,2572.477805989,False,False,False,False,False,False,False,HKG,False,False
1960,0.0,5088.0,3024.7896384266,False,False,False,False,False,False,False,HKG,False,False
1964,0.0,6664.0,3365.90007296203,False,False,False,False,False,False,False,HKG,False,False
1968,0.0,7696.0,3677.32416412136,False,False,False,False,False,False,False,HKG,False,False
1972,0.0,10632.0,3946.45849761694,False,False,False,False,False,False,False,HKG,False,False
1976,0.0,12929.0,4296.13969079693,False,False,False,False,False,False,False,HKG,False,False
1984,0.0,21042.0,5171.49010876183,False,False,False,False,False,False,False,HKG,False,False
1988,0.0,27063.0,5518.60235829525,False,False,False,False,False,False,False,HKG,False,False
1992,0.0,30202.5393840483,5784.69,False,False,False,False,False,False,False,HKG,False,False
1996,0.11890606420927466,32261.8036724871,6417.9,False,False,False,False,False,False,False,HKG,False,False
2000,0.0,32894.0107687047,6646.26,False,False,False,False,False,False,False,HKG,False,False
2004,0.10787486515641855,36052.9912182901,6764.92,False,False,False,False,False,False,False,HKG,False,False
2008,0.0,42635.4802560587,6938.43,False,False,False,False,False,False,False,HKG,False,False
2012,0.10395010395010396,44795.1102949275,7129.89,False,False,False,False,False,False,False,HKG,False,False
2016,0.0,48385.1150246024,7316.37,False,False,False,False,False,False,False,HKG,False,False
2020,0.5555555555555556,46550.2560387652,7459.96,False,False,False,False,False,False,False,HKG,False,False
2024,0.38314176245210724,49886.03874169706,7524.1,False,False,False,False,False,False,False,HKG,False,False
1968,0.0,2463.0,2591.112,False,False,False,False,False,False,False,HON,False,False
1976,0.0,2954.0,2954.846,False,False,False,False,False,False,False,HON,False,False
1984,0.0,2968.0,3934.859,False,False,False,False,False,False,False,HON,False,False
1988,0.0,3009.0,4517.983,False,False,False,False,False,False,False,HON,False,False
1992,0.0,3094.54775018006,5084.214,False,False,False,False,False,False,False,HON,False,False
1996,0.0,3210.27029165277,5718.801,False,False,False,False,False,False,False,HON,False,False
2000,0.0,3335.71536975409,6367.242,False,False,False,False,False,False,False,HON,False,False
2004,0.0,3686.66686118623,7028.058,False,False,False,False,False,False,False,HON,False,False
2008,0.0,4358.76294231582,7682.066,False,False,False,False,False,False,False,HON,False,False
2012,0.0,4518.0,8287.669,False,False,False,False,False,False,False,HON,False,False
2016,0.0,4803.28043081604,8770.113,False,False,False,False,False,False,False,HON,False,False
1900,1.718213058419244,2681.0,7127.0,False,False,True,False,False,True,True,HUN,False,False
1924,2.2522522522522523,3048.0,8232.0,False,False,True,False,False,True,True,HUN,False,False
1928,2.518891687657431,3849.0,8520.0,False,False,True,False,False,True,True,HUN,False,False
1932,3.8834951456310676,3494.0,8785.0,False,False,False,False,False,False,True,HUN,False,False
1936,3.382663847780127,4173.0,9046.0,False,True,True,False,False,True,True,HUN,False,False
1948,5.346534653465347,3507.0,9158.0,False,False,False,False,False,True,True,HUN,False,False
1952,8.015267175572518,4403.0,9504.0,False,False,False,False,False,False,True,HUN,False,False
1956,4.83271375464684,4632.0,9911.0,False,False,False,False,False,False,True,HUN,False,False
1960,3.8745387453874542,5816.0,9983.512,False,False,True,False,False,True,True,HUN,False,False
1964,3.642384105960265,6994.0,10124.0,False,False,False,False,False,False,True,HUN,False,False
1968,5.071315372424722,7865.0,10263.542,False,False,False,False,False,False,True,HUN,False,False
1972,4.964539007092199,8505.0,10394.091,False,True,True,False,False,True,True,HUN,False,False
1976,3.0386740331491713,9231.0,10588.729,False,False,False,False,False,False,True,HUN,False,False
1980,4.289544235924933,10052.0,10711.122,False,False,False,False,False,False,True,HUN,False,False
1988,2.6255707762557075,11207.0,10442.5,False,False,False,False,False,False,True,HUN,False,False
1992,3.058103975535168,9153.92082439348,10330.85,False,False,True,False,False,True,True,HUN,False,False
1996,2.4970273483947683,10359.1814112874,10318.08,False,False,False,False,False,False,True,HUN,False,False
2000,1.8378378378378377,13129.2731078331,10217.74,False,False,False,False,False,False,True,HUN,False,False
2004,1.8338727076591153,16999.0055142185,10113.85,False,False,False,False,False,True,True,HUN,False,False
2008,1.044932079414838,20380.6317638976,10044.85,False,False,False,False,False,False,True,HUN,False,False
2012,1.8711018711018712,20731.670063284,9926.94,False,False,False,False,False,True,True,HUN,False,False
2016,1.5416238437821173,23568.9257427087,9820.53,False,False,False,False,False,False,True,HUN,False,False
2020,1.8518518518518516,26091.4003299994,9756.62,False,False,False,False,False,False,True,HUN,False,False
2024,1.8199233716475096,29506.944009791776,9562.065,False,False,True,False,False,True,True,HUN,False,False
1952,0.0,1401.0,84945.6470949604,False,False,False,False,False,False,False,INA,False,False
1956,0.0,1533.0,90136.4556815023,False,False,False,False,False,False,False,INA,False,False
1960,0.0,1613.0,95960.6889928225,False,False,False,False,False,False,False,INA,False,False
1968,0.0,1580.0,112622.807836421,False,False,False,False,False,False,False,INA,False,False
1972,0.0,2117.0,122564.573715357,False,False,False,False,False,False,False,INA,False,False
1976,0.0,2536.0,134314.127140829,False,False,False,False,False,False,False,INA,False,False
1984,0.0,3134.0,160595.383509886,False,False,False,False,False,False,False,INA,False,False
1988,0.1141552511415525,3500.0,173040.696400679,False,False,False,False,False,False,False,INA,False,False
1992,0.509683995922528,4536.40989932572,185560.93,False,False,False,False,False,False,False,INA,False,False
1996,0.47562425683709864,5851.29554395515,198465.7,False,False,False,False,False,False,False,INA,False,False
2000,0.6486486486486486,5384.38666045489,211407.57,False,False,False,False,False,False,False,INA,False,False
2004,0.4314994606256742,6180.90997114531,224472.83,False,False,False,False,False,False,False,INA,False,False
2008,0.522466039707419,7633.16579599593,237056.44,False,False,False,False,False,False,False,INA,False,False
2012,0.2079002079002079,9272.00911977256,249086.27,False,False,False,False,False,False,False,INA,False,False
2016,0.3083247687564234,10849.6695811754,259905.6,False,False,False,False,False,False,False,INA,False,False
2020,0.4629629629629629,11895.0753306976,269436.93,False,False,False,False,False,False,False,INA,False,False
2024,0.28735632183908044,13892.462003297336,283487.931,False,False,False,False,False,False,False,INA,False,False
1900,0.6872852233676976,955.0,284500.0,False,False,False,False,False,False,False,IND,False,False
1920,0.0,1012.0,305600.0,False,False,False,False,False,False,False,IND,False,False
1924,0.0,1111.0,316700.0,False,False,False,False,False,False,False,IND,False,False
1928,0.2518891687657431,1125.0,329700.0,False,False,False,False,False,False,False,IND,False,False
1932,0.24271844660194172,1130.0,345800.0,False,False,False,False,False,False,False,IND,False,False
1936,0.21141649048625794,1111.0,365700.0,False,False,False,False,False,False,False,IND,False,False
1948,0.19801980198019803,983.0,350000.0,False,False,False,False,False,False,False,IND,False,False
1952,0.38167938931297707,1003.0,372000.0,False,False,False,False,False,False,False,IND,False,False
1956,0.18587360594795538,1117.0,401000.0,False,False,False,False,False,False,False,IND,False,False
1960,0.18450184501845018,1200.0,434000.0,False,False,False,False,False,False,False,IND,False,False
1964,0.16556291390728478,1309.0,474000.0,False,False,False,False,False,False,False,IND,False,False
1968,0.15847860538827258,1290.0,518000.0,False,False,False,False,False,False,False,IND,False,False
1972,0.14184397163120568,1329.0,567000.0,False,False,False,False,False,False,False,IND,False,False
1976,0.0,1417.0,620000.0,False,False,False,False,False,False,False,IND,False,False
1980,0.13404825737265416,1495.0,679000.0,False,False,False,False,False,False,False,IND,False,False
1984,0.0,1690.0,739000.0,False,False,False,False,False,False,False,IND,False,False
1988,0.0,1938.0,805000.0,False,False,False,False,False,False,False,IND,False,False
1992,0.0,2115.25744288865,875407.18,False,False,False,False,False,False,False,IND,False,False
1996,0.11890606420927466,2475.56805896638,947349.69,False,False,False,False,False,False,False,IND,False,False
2000,0.10810810810810811,2753.08550705882,1018667.41,False,False,False,False,False,False,False,IND,False,False
2004,0.10787486515641855,3212.51103363416,1087941.16,False,False,False,False,False,False,False,IND,False,False
2008,0.3134796238244514,4030.65437807006,1153546.77,False,False,False,False,False,False,False,IND,False,False
2012,0.6237006237006237,4982.08317492358,1214838.72,False,False,False,False,False,False,False,IND,False,False
2016,0.20554984583761562,6326.06442337151,1273693.25,False,False,False,False,False,False,False,IND,False,False
2020,0.6481481481481481,6730.54682201476,1329061.88,False,False,False,False,False,False,False,IND,False,False
2024,0.5747126436781609,8871.241175472964,1450935.791,False,False,False,False,False,False,False,IND,False,False
1952,1.3358778625954197,2597.0,17267.289,False,False,False,False,False,False,False,IRI,False,False
1956,0.929368029739777,2541.0,19233.254,False,False,False,False,False,False,False,IRI,False,False
1960,0.7380073800738007,3437.0,21547.591,False,False,False,False,False,False,False,IRI,False,False
1964,0.33112582781456956,4026.0,24217.713,False,False,False,False,False,False,False,IRI,False,False
1968,0.7923930269413629,5659.0,27254.009,False,False,False,False,False,False,False,IRI,False,False
1972,0.425531914893617,8247.0,30522.278,False,False,False,False,False,False,False,IRI,False,False
1976,0.2762430939226519,10665.0,34259.296,False,False,False,False,False,False,False,IRI,False,False
1988,0.1141552511415525,5249.0,52997.297,False,False,False,False,False,False,False,IRI,False,False
1992,0.3058103975535168,7036.31509003198,60398.76,False,False,False,False,False,False,False,IRI,False,False
1996,0.356718192627824,7746.4090150839,62412.85,False,False,False,False,False,False,False,IRI,False,False
2000,0.43243243243243246,9104.76299117977,65411.32,False,False,False,False,False,False,False,IRI,False,False
2004,0.6472491909385114,12404.3236607682,68479.51,False,False,False,False,False,False,False,IRI,False,False
2008,0.20898641588296762,15739.9838815813,71941.99,False,False,False,False,False,False,False,IRI,False,False
2012,1.2474012474012475,17556.5330188044,75446.03,False,False,False,False,False,False,False,IRI,False,False
2016,0.8221993833504625,17738.0594595156,79700.02,False,False,False,False,False,False,False,IRI,False,False
2020,0.6481481481481481,17296.2637113276,83613.65,False,False,False,False,False,False,False,IRI,False,False
2024,1.1494252873563218,19720.740194876944,91567.738,False,False,False,False,False,False,False,IRI,False,False
1924,0.45045045045045046,4095.0,3005.0,False,False,False,False,False,False,False,IRL,False,False
1928,0.2518891687657431,4363.0,2944.0,False,False,False,False,False,False,False,IRL,False,False
1932,0.48543689320388345,4599.0,2949.0,False,False,False,False,False,False,False,IRL,False,False
1948,0.19801980198019803,5149.0,2985.0,False,False,False,False,False,False,False,IRL,False,False
1952,0.19083969465648853,5805.0,2952.156,False,False,False,False,False,False,False,IRL,False,False
1956,0.929368029739777,6212.0,2895.253,False,False,False,False,False,False,False,IRL,False,False
1960,0.0,6825.0,2832.0,False,False,False,False,False,False,False,IRL,False,False
1964,0.16556291390728478,7948.0,2864.0,False,False,False,False,False,False,False,IRL,False,False
1968,0.0,9197.0,2912.5,False,False,False,False,False,False,False,IRL,False,False
1972,0.0,10621.0,3024.4,False,False,False,False,False,False,False,IRL,False,False
1976,0.0,11639.0,3227.8,False,False,False,False,False,False,False,IRL,False,False
1980,0.2680965147453083,13614.0,3401.0,False,False,False,False,False,False,False,IRL,False,False
1984,0.12468827930174563,14435.0,3529.0,False,False,False,False,False,False,False,IRL,False,False
1988,0.0,16313.0,3529.6,False,False,False,False,False,False,False,IRL,False,False
1992,0.20387359836901123,20032.7186903767,3557.23,False,False,False,False,False,False,False,IRL,False,False
1996,0.47562425683709864,26562.9089844149,3628.38,False,False,False,False,False,False,False,IRL,False,False
2000,0.10810810810810811,38806.5013574153,3806.64,False,False,False,False,False,False,False,IRL,False,False
2004,0.0,47028.8647351759,4069.9,False,False,False,False,False,False,False,IRL,False,False
2008,0.3134796238244514,49583.1415262939,4498.85,False,False,False,False,False,False,False,IRL,False,False
2012,0.5197505197505198,47360.089597748,4600.32,False,False,False,False,False,False,False,IRL,False,False
2016,0.20554984583761562,53686.8435115724,4751.97,False,False,False,False,False,False,False,IRL,False,False
2020,0.3703703703703704,55134.8564989063,4983.46,False,False,False,False,False,False,False,IRL,False,False
2024,0.6704980842911877,58212.305773529246,5395.79,False,False,False,False,False,False,False,IRL,False,False
1960,0.18450184501845018,4360.0,6822.03,False,False,False,False,False,False,False,IRQ,False,False
1964,0.0,4965.0,7711.071,False,False,False,False,False,False,False,IRQ,False,False
1968,0.0,5745.0,8807.547,False,False,False,False,False,False,False,IRQ,False,False
1980,0.0,10165.0,13232.839,False,False,False,False,False,False,False,IRQ,False,False
1984,0.0,6593.0,15160.546,False,False,False,False,False,False,False,IRQ,False,False
1988,0.0,4635.0,17038.084,False,False,False,False,False,False,False,IRQ,False,False
1992,0.0,2046.18088439654,17862.85,False,False,False,False,False,False,False,IRQ,False,False
1996,0.0,2337.52265340147,20162.66,False,False,False,False,False,False,False,IRQ,False,False
2000,0.0,3649.49294748339,22748.15,False,False,False,False,False,False,False,IRQ,False,False
2004,0.0,6061.55461844611,25725.62,False,False,False,False,False,False,False,IRQ,False,False
2008,0.0,8587.26471999696,26968.79,False,False,False,False,False,False,False,IRQ,False,False
2012,0.0,12521.5412281834,31321.33,False,False,False,False,False,False,False,IRQ,False,False
2016,0.0,14173.7622454778,35437.31,False,False,False,False,False,False,False,IRQ,False,False
1952,0.0,8823.0,147.962,False,False,False,False,False,False,False,ISL,False,False
1956,0.18587360594795538,10323.0,161.358,False,False,False,False,False,False,False,ISL,False,False
1960,0.0,10959.0,175.86,False,False,False,False,False,False,False,ISL,False,False
1964,0.0,13386.0,188.847,False,False,False,False,False,False,False,ISL,False,False
1968,0.0,13648.0,201.245,False,False,False,False,False,False,False,ISL,False,False
1972,0.0,17366.0,209.275,False,False,False,False,False,False,False,ISL,False,False
1976,0.0,19877.0,220.133,False,False,False,False,False,False,False,ISL,False,False
1980,0.0,24528.0,228.161,False,False,False,False,False,False,False,ISL,False,False
1984,0.12468827930174563,25357.0,239.498,False,False,False,False,False,False,False,ISL,False,False
1988,0.0,28934.0,249.885,False,False,False,False,False,False,False,ISL,False,False
1992,0.0,26859.2819477117,261.03,False,False,False,False,False,False,False,ISL,False,False
1996,0.0,28277.7871352755,268.83,False,False,False,False,False,False,False,ISL,False,False
2000,0.10810810810810811,33108.2909910372,281.12,False,False,False,False,False,False,False,ISL,False,False
2004,0.0,36209.2439176958,292.52,False,False,False,False,False,False,False,ISL,False,False
2008,0.10449320794148381,40810.2290862093,319.31,False,False,False,False,False,False,False,ISL,False,False
2012,0.0,36933.8939571062,320.61,False,False,False,False,False,False,False,ISL,False,False
2016,0.0,41682.8677687261,335.31,False,False,False,False,False,False,False,ISL,False,False
1952,0.0,4828.0,1620.914,False,False,False,False,False,False,False,ISR,False,False
1956,0.0,6153.0,1850.059,False,False,False,False,False,False,False,ISR,False,False
1960,0.0,7433.0,2141.495,False,False,False,False,False,False,False,ISR,False,False
1964,0.0,9430.0,2498.199,False,False,False,False,False,False,False,ISR,False,False
1968,0.0,11210.0,2746.986,False,False,False,False,False,False,False,ISR,False,False
1972,0.0,15108.0,3095.893,False,False,False,False,False,False,False,ISR,False,False
1976,0.0,16053.0,3423.635,False,False,False,False,False,False,False,ISR,False,False
1984,0.0,18305.0,3997.337,False,False,False,False,False,False,False,ISR,False,False
1988,0.0,20256.0,4282.043,False,False,False,False,False,False,False,ISR,False,False
1992,0.20387359836901123,21531.5961416535,4823.61,False,False,False,False,False,False,False,ISR,False,False
1996,0.11890606420927466,23979.9952749834,5494.09,False,False,False,False,False,False,False,ISR,False,False
2000,0.10810810810810811,26058.8405870726,6088.39,False,False,False,False,False,False,False,ISR,False,False
2004,0.2157497303128371,25210.8787561371,6602.96,False,False,False,False,False,False,False,ISR,False,False
2008,0.10449320794148381,27857.6186676969,7099.88,False,False,False,False,False,False,False,ISR,False,False
2012,0.0,29580.8352993748,7637.02,False,False,False,False,False,False,False,ISR,False,False
2016,0.20554984583761562,31822.8748026582,8251.43,False,False,False,False,False,False,False,ISR,False,False
2020,0.3703703703703704,32730.9425413735,8899.46,False,False,False,False,False,False,False,ISR,False,False
2024,0.6704980842911877,36070.326261405935,9974.4,False,False,False,False,False,False,False,ISR,False,False
1896,0.0,3153.0,32863.0,False,False,False,False,False,True,False,ITA,False,False
1900,1.718213058419244,3264.0,33672.0,False,False,True,True,False,True,False,ITA,False,False
1904,0.0,3461.0,34715.0,False,False,False,False,False,False,False,ITA,False,False
1906,7.142857142857142,3652.0,35297.0,False,False,False,False,False,False,False,ITA,False,False
1908,1.25,3795.0,35899.0,False,False,False,False,False,True,False,ITA,False,False
1912,2.5316455696202533,3875.0,37150.0,False,False,False,False,False,False,False,ITA,False,False
1920,5.605381165919283,3789.0,37398.0,False,False,True,False,False,True,False,ITA,False,False
1924,3.6036036036036037,4324.0,38810.0,False,False,True,True,False,True,False,ITA,False,False
1928,5.037783375314862,4693.0,40186.0,False,False,True,False,False,True,False,ITA,False,False
1932,8.737864077669903,4602.0,41431.0,False,False,False,False,False,False,False,ITA,False,False
1936,5.708245243128964,4471.0,42750.0,False,False,True,True,False,True,False,ITA,False,False
1948,6.138613861386139,4814.0,46381.0,False,False,False,False,False,True,False,ITA,False,False
1952,4.007633587786259,6371.0,47666.0,False,False,False,False,False,False,False,ITA,False,False
1956,4.646840148698884,7745.0,48921.0,False,False,False,False,False,False,False,ITA,True,False
1960,6.642066420664207,9430.0,50197.6,True,False,False,False,False,False,False,ITA,False,False
1964,4.470198675496689,11934.0,51600.2,False,False,False,False,False,False,False,ITA,False,True
1968,2.535657686212361,14513.0,52986.6,False,False,False,False,False,False,False,ITA,False,False
1972,2.553191489361702,16035.0,54365.564,False,False,True,False,False,True,False,ITA,False,False
1976,1.7955801104972375,18147.0,55838.536,False,False,False,False,False,False,False,ITA,False,False
1980,2.0107238605898123,20959.0,56451.247,False,False,False,False,False,False,False,ITA,False,False
1984,3.99002493765586,21868.0,56696.963,False,False,False,False,False,False,False,ITA,False,False
1988,1.5981735159817352,24743.0,56734.027,False,False,False,False,False,False,False,ITA,False,False
1992,1.9367991845056065,26960.6108434833,56820.82,False,False,True,True,False,True,False,ITA,False,False
1996,4.161712247324614,29231.2756037388,56884.04,False,False,False,False,False,False,False,ITA,False,False
2000,3.6756756756756754,32716.9800507895,56965.88,False,False,False,False,False,False,False,ITA,False,False
2004,3.4519956850053934,34472.1275698319,57852.35,False,False,False,False,False,True,False,ITA,False,False
2008,2.8213166144200628,35942.9393461282,59235.93,False,False,False,False,False,False,False,ITA,False,False
2012,2.9106029106029108,34010.0351871531,60216.34,False,False,False,False,False,True,False,ITA,False,False
2016,2.877697841726619,34120.4221768589,60140.3,False,False,False,False,False,False,False,ITA,False,False
2020,3.7037037037037033,32385.3270951066,59463.72,False,False,False,False,False,False,False,ITA,False,False
2024,3.8314176245210727,36869.18484620067,58952.704,False,False,True,True,False,True,False,ITA,False,False
1952,0.9541984732824428,2397.0,1426.095,False,False,False,False,False,False,False,JAM,False,False
1956,0.0,3491.0,1509.975,False,False,False,False,False,False,False,JAM,False,False
1964,0.0,4629.0,1738.997,False,False,False,False,False,False,False,JAM,False,False
1968,0.15847860538827258,5235.0,1893.477,False,False,False,False,False,False,False,JAM,False,False
1972,0.14184397163120568,6150.0,1997.616,False,False,False,False,False,False,False,JAM,False,False
1976,0.2762430939226519,5681.0,2133.388,False,False,False,False,False,False,False,JAM,False,False
1980,0.40214477211796246,4975.0,2228.803,False,False,False,False,False,False,False,JAM,False,False
1984,0.3740648379052369,5059.0,2313.362,False,False,False,False,False,False,False,JAM,False,False
1988,0.228310502283105,5397.0,2330.226,False,False,False,False,False,False,False,JAM,False,False
1992,0.40774719673802245,6292.02885816339,2413.42,False,False,False,False,False,False,False,JAM,False,False
1996,0.713436385255648,6648.93315693184,2546.42,False,False,False,False,False,False,False,JAM,False,False
2000,0.9729729729729729,6531.28475813797,2670.45,False,False,False,False,False,False,False,JAM,False,False
2004,0.5393743257820928,7004.98453646445,2710.51,False,False,False,False,False,False,False,JAM,False,False
2008,0.9404388714733543,7353.10712687864,2705.41,False,False,False,False,False,False,False,JAM,False,False
2012,1.2474012474012475,7119.50555379656,2686.14,False,False,False,False,False,False,False,JAM,False,False
2016,1.1305241521068858,7381.33241824725,2673.75,False,False,False,False,False,False,False,JAM,False,False
2020,0.8333333333333334,6880.48835271308,2674.6,False,False,False,False,False,False,False,JAM,False,False
2024,0.5747126436781609,7645.928043139233,2839.175,False,False,False,False,False,False,False,JAM,False,False
1980,0.0,7141.0,2162.807,False,False,False,False,False,False,False,JOR,False,False
1984,0.0,7599.0,2532.511,False,False,False,False,False,False,False,JOR,False,False
1988,0.0,7571.0,2916.505,False,False,False,False,False,False,False,JOR,False,False
1992,0.0,6456.12314842036,3868.76,False,False,False,False,False,False,False,JOR,False,False
1996,0.0,6783.22904950219,4276.03,False,False,False,False,False,False,False,JOR,False,False
2000,0.0,7621.84061961081,4700.34,False,False,False,False,False,False,False,JOR,False,False
2004,0.0,9288.61659605206,5160.83,False,False,False,False,False,False,False,JOR,False,False
2008,0.0,11378.2562593997,6397.17,False,False,False,False,False,False,False,JOR,False,False
2012,0.0,11704.6570710159,6952.07,False,False,False,False,False,False,False,JOR,False,False
2016,0.10277492291880781,9149.41215916899,9862.89,False,False,False,False,False,False,False,JOR,False,False
2020,0.1851851851851852,8896.38255102744,10628.44,False,False,False,False,False,False,False,JOR,False,False
2024,0.09578544061302681,9402.00326020839,11552.876,False,False,False,False,False,False,False,JOR,False,False
1912,0.0,2419.70949012,50941.0,False,False,False,False,False,False,False,JPN,False,False
1920,0.4484304932735426,2973.96228429,55818.0,False,False,False,False,False,False,False,JPN,False,False
1924,0.22522522522522523,3316.35719319,58686.0,False,False,False,False,False,False,False,JPN,False,False
1928,1.2594458438287155,3554.11569192,62361.0,False,False,False,False,False,False,False,JPN,False,False
1932,4.368932038834951,3529.28786259,66189.0,False,False,False,False,False,False,False,JPN,False,False
1936,4.2283298097251585,3985.54558119,70171.0,False,False,False,False,False,False,False,JPN,False,False
1952,1.5267175572519083,3724.0,86459.025,False,False,False,False,False,False,False,JPN,False,False
1956,3.1598513011152414,4699.0,90766.211,False,False,False,False,False,False,False,JPN,False,False
1960,3.3210332103321036,6354.0,94091.638,False,False,False,False,False,False,False,JPN,True,False
1964,4.801324503311259,9035.0,97826.267,True,False,False,False,False,False,False,JPN,False,False
1968,3.9619651347068143,12725.0,101960.672,False,False,False,False,False,False,False,JPN,False,True
1972,4.113475177304964,17110.0,107188.273,False,False,False,False,False,False,False,JPN,False,False
1976,3.4530386740331496,18600.0,112774.841,False,False,False,False,False,False,False,JPN,False,False
1984,3.865336658354115,23548.0,120034.697,False,False,False,False,False,False,False,JPN,False,False
1988,1.5981735159817352,27393.0,122613.0,False,False,False,False,False,False,False,JPN,False,False
1992,2.2426095820591234,30977.8144904312,124492.83,False,False,False,False,False,False,False,JPN,False,False
1996,1.6646848989298455,32784.1581859793,125636.15,False,False,False,False,False,False,False,JPN,False,False
2000,1.9459459459459458,33210.8078159904,126755.48,False,False,False,False,False,False,False,JPN,False,False
2004,3.9913700107874863,34313.5568847059,127657.94,False,False,False,False,False,False,False,JPN,False,False
2008,2.612330198537095,35496.22745171,127968.76,False,False,False,False,False,False,False,JPN,False,False
2012,3.9501039501039505,35537.4387641568,127476.05,False,False,False,False,False,False,False,JPN,False,False
2016,4.213771839671121,37384.5570542166,126857.42,False,False,False,False,False,False,False,JPN,True,False
2020,5.37037037037037,36826.6389692139,125633.55,True,False,False,False,False,False,False,JPN,False,False
2024,4.310344827586207,39234.24758556929,123975.371,False,False,False,False,False,False,False,JPN,False,True
1996,1.3079667063020213,7826.85765120067,15871.75,False,False,False,False,False,False,True,KAZ,False,False
2000,0.7567567567567568,9309.4194651858,15334.8,False,False,False,False,False,False,True,KAZ,False,False
2004,0.8629989212513484,13929.7297570139,15629.39,False,False,False,False,False,False,True,KAZ,False,False
2008,1.3584117032392893,18665.7653320354,16271.34,False,False,False,False,False,False,True,KAZ,False,False
2012,1.3513513513513513,22089.9237188043,17123.68,False,False,False,False,False,False,True,KAZ,False,False
2016,1.8499486125385407,23731.5113952677,17941.33,False,False,False,False,False,False,True,KAZ,False,False
2020,0.7407407407407408,25124.4865450627,18656.43,False,False,False,False,False,False,True,KAZ,False,False
2024,0.6704980842911877,28442.95492978054,20592.571,False,False,False,False,False,False,True,KAZ,False,False
1956,0.0,1173.0,7240.247,False,False,False,False,False,False,False,KEN,False,False
1960,0.0,1157.0,8156.827,False,False,False,False,False,False,False,KEN,False,False
1964,0.16556291390728478,1208.0,9247.518,False,False,False,False,False,False,False,KEN,False,False
1968,1.4263074484944533,1366.0,10532.389,False,False,False,False,False,False,False,KEN,False,False
1972,1.276595744680851,1524.0,12044.785,False,False,False,False,False,False,False,KEN,False,False
1984,0.3740648379052369,1594.0,19050.214,False,False,False,False,False,False,False,KEN,False,False
1988,1.0273972602739725,1741.0,21915.872,False,False,False,False,False,False,False,KEN,False,False
1992,0.8154943934760449,1724.8744312691,24986.23,False,False,False,False,False,False,False,KEN,False,False
1996,0.9512485136741973,1851.28138215243,27812.89,False,False,False,False,False,False,False,KEN,False,False
2000,0.7567567567567568,1914.8863918102,31024.77,False,False,False,False,False,False,False,KEN,False,False
2004,0.7551240560949299,2066.21019811963,34880.3,False,False,False,False,False,False,False,KEN,False,False
2008,1.5673981191222568,2357.23254112996,39440.82,False,False,False,False,False,False,False,KEN,False,False
2012,1.1434511434511436,2754.76453397186,44470.15,False,False,False,False,False,False,False,KEN,False,False
2016,1.3360739979445015,2975.47946717408,49095.32,False,False,False,False,False,False,False,KEN,False,False
2020,0.9259259259259258,3129.5852831151,53691.29,False,False,False,False,False,False,False,KEN,False,False
2024,1.053639846743295,3623.0387622852895,56432.944,False,False,False,False,False,False,False,KEN,False,False
1996,0.0,2901.55419395731,4580.16,False,False,False,False,False,False,True,KGZ,False,False
2000,0.10810810810810811,3246.38306906804,4826.16,False,False,False,False,False,False,True,KGZ,False,False
2004,0.0,3632.1470955154,4998.61,False,False,False,False,False,False,True,KGZ,False,False
2008,0.20898641588296762,4046.72078648019,5179.6,False,False,False,False,False,False,True,KGZ,False,False
2012,0.0,4103.81989752539,5373.02,False,False,False,False,False,False,True,KGZ,False,False
2016,0.0,4925.40944747001,5598.06,False,False,False,False,False,False,True,KGZ,False,False
2020,0.2777777777777778,4899.0611852046,5829.74,False,False,False,False,False,False,True,KGZ,False,False
2024,0.5747126436781609,6090.410304921035,7221.868,False,False,False,False,False,False,True,KGZ,False,False
1948,0.39603960396039606,1098.87154619638,20027.0,False,False,False,False,False,False,False,KOR,False,False
1952,0.38167938931297707,1038.04102619505,20947.571,False,False,False,False,False,False,False,KOR,False,False
1956,0.37174721189591076,1381.98276854527,22031.228,False,False,False,False,False,False,False,KOR,False,False
1960,0.0,1547.69177263856,24784.14,False,False,False,False,False,False,False,KOR,False,False
1964,0.49668874172185434,1834.9778125414,27984.0,False,False,False,False,False,False,False,KOR,False,False
1968,0.31695721077654515,2468.48358458018,30838.0,False,False,False,False,False,False,False,KOR,False,False
1972,0.14184397163120568,3387.89053461182,33505.0,False,False,False,False,False,False,False,KOR,False,False
1976,0.8287292817679558,4855.94072488161,35860.0,False,False,False,False,False,False,False,KOR,False,False
1984,2.369077306733167,8303.51898630704,40406.0,False,False,False,False,False,False,False,KOR,True,False
1988,3.767123287671233,12039.9457868355,42031.0,True,False,False,False,False,False,False,KOR,False,False
1992,2.854230377166157,15712.0022092603,43748.0,False,False,False,False,False,False,False,KOR,False,True
1996,3.2104637336504163,20204.5613654713,45525.0,False,False,False,False,False,False,False,KOR,False,False
2000,3.027027027027027,23108.0175367617,47008.0,False,False,False,False,False,False,False,KOR,False,False
2004,3.2362459546925564,26646.5032864598,48083.0,False,False,False,False,False,False,False,KOR,False,False
2008,3.239289446185998,30117.7285767672,49055.0,False,False,False,False,False,False,False,KOR,False,False
2012,2.9106029106029108,32826.4816505138,50200.0,False,False,False,False,False,False,False,KOR,False,False
2016,2.158273381294964,36255.2383631498,51218.0,False,False,False,False,False,False,False,KOR,False,False
2020,1.8518518518518516,38606.9833203548,51836.0,False,False,False,False,False,False,False,KOR,False,False
2024,3.065134099616858,42751.08630569531,51751.065,False,False,False,False,False,False,False,KOR,False,False
1972,0.0,15138.0,6472.756,False,False,False,False,False,False,False,KSA,False,False
1976,0.0,19297.0,7620.435,False,False,False,False,False,False,False,KSA,False,False
1984,0.0,16343.0,12606.94,False,False,False,False,False,False,False,KSA,False,False
1988,0.0,12795.0,15233.131,False,False,False,False,False,False,False,KSA,False,False
1992,0.0,17905.2801642793,17095.64,False,False,False,False,False,False,False,KSA,False,False
1996,0.0,20280.4931846211,18819.82,False,False,False,False,False,False,False,KSA,False,False
2000,0.21621621621621623,23904.515387401,20425.95,False,False,False,False,False,False,False,KSA,False,False
2004,0.0,30233.5109211299,22850.36,False,False,False,False,False,False,False,KSA,False,False
2008,0.0,39393.4288564951,25518.05,False,False,False,False,False,False,False,KSA,False,False
2012,0.10395010395010396,49835.0474161016,28516.26,False,False,False,False,False,False,False,KSA,False,False
2016,0.0,51959.0747121649,31359.54,False,False,False,False,False,False,False,KSA,False,False
2020,0.0925925925925926,46723.9294048797,34541.89,False,False,False,False,False,False,False,KSA,False,False
1968,0.0,35546.0,631.802,False,False,False,False,False,False,False,KUW,False,False
1972,0.0,48283.0,841.934,False,False,False,False,False,False,False,KUW,False,False
1976,0.0,28956.0,1071.549,False,False,False,False,False,False,False,KUW,False,False
1980,0.0,21154.0,1369.769,False,False,False,False,False,False,False,KUW,False,False
1984,0.0,14384.0,1637.314,False,False,False,False,False,False,False,KUW,False,False
1988,0.0,12317.0,1973.148,False,False,False,False,False,False,False,KUW,False,False
1992,0.0,12965.0669266169,1409.84,False,False,False,False,False,False,False,KUW,False,False
1996,0.0,29612.6600989995,1749.58,False,False,False,False,False,False,False,KUW,False,False
2000,0.10810810810810811,35844.7475240851,1982.27,False,False,False,False,False,False,False,KUW,False,False
2004,0.0,55911.7935999109,2208.44,False,False,False,False,False,False,False,KUW,False,False
2008,0.0,75138.1196927745,2445.57,False,False,False,False,False,False,False,KUW,False,False
2012,0.10395010395010396,80657.134437754,2660.15,False,False,False,False,False,False,False,KUW,False,False
2020,0.0925925925925926,66365.9908246503,3010.53,False,False,False,False,False,False,False,KUW,False,False
1980,0.0,1054.0,3293.0,False,False,False,False,False,False,True,LAO,False,False
1988,0.0,1286.0,3980.0,False,False,False,False,False,False,True,LAO,False,False
1992,0.0,1563.90573665207,4454.0,False,False,False,False,False,False,True,LAO,False,False
1996,0.0,1899.89586730929,4948.0,False,False,False,False,False,False,True,LAO,False,False
2000,0.0,2262.23564902541,5397.0,False,False,False,False,False,False,True,LAO,False,False
2004,0.0,2784.68009144169,5746.0,False,False,False,False,False,False,True,LAO,False,False
2008,0.0,3614.47682688708,6145.0,False,False,False,False,False,False,True,LAO,False,False
2012,0.0,4670.0,6586.0,False,False,False,False,False,False,True,LAO,False,False
2016,0.0,5859.66331823327,7019.0,False,False,False,False,False,False,True,LAO,False,False
1992,0.3058103975535168,9411.19496932769,2613.31,False,False,False,False,False,False,False,LAT,False,False
1996,0.11890606420927466,8947.26813728627,2452.65,False,False,False,False,False,False,False,LAT,False,False
2000,0.3243243243243243,11309.7403901285,2363.21,False,False,False,False,False,False,False,LAT,False,False
2004,0.4314994606256742,15371.1813266083,2258.8,False,False,False,False,False,False,False,LAT,False,False
2008,0.3134796238244514,20342.1982902556,2173.68,False,False,False,False,False,False,False,LAT,False,False
2012,0.2079002079002079,19970.0304134941,2029.87,False,False,False,False,False,False,False,LAT,False,False
2016,0.0,22913.0230383413,1955.7,False,False,False,False,False,False,False,LAT,False,False
2020,0.1851851851851852,25453.065151316,1897.33,False,False,False,False,False,False,False,LAT,False,False
1968,0.0,6071.0,1833.726,False,False,False,False,False,False,False,LBA,False,False
1980,0.0,8741.0,3065.365,False,False,False,False,False,False,False,LBA,False,False
1988,0.0,4670.0,3913.314,False,False,False,False,False,False,False,LBA,False,False
1992,0.0,6113.35350838343,4354.04,False,False,False,False,False,False,False,LBA,False,False
1996,0.0,7543.93543073536,4667.56,False,False,False,False,False,False,False,LBA,False,False
2000,0.0,9770.98043889931,5115.5,False,False,False,False,False,False,False,LBA,False,False
2004,0.0,14193.2590078302,5595.3,False,False,False,False,False,False,False,LBA,False,False
2008,0.0,25140.5988288157,6114.68,False,False,False,False,False,False,False,LBA,False,False
2012,0.0,25302.5162618618,5848.66,False,False,False,False,False,False,False,LBA,False,False
2016,0.0,14219.171598321,6415.31,False,False,False,False,False,False,False,LBA,False,False
1956,0.0,3494.0,952.0,False,False,False,False,False,False,False,LBR,False,False
1960,0.0,3674.0,1055.0,False,False,False,False,False,False,False,LBR,False,False
1964,0.0,3679.0,1176.0,False,False,False,False,False,False,False,LBR,False,False
1972,0.0,4568.0,1484.0,False,False,False,False,False,False,False,LBR,False,False
1984,0.0,3443.0,2096.0,False,False,False,False,False,False,False,LBR,False,False
1988,0.0,3070.0,2382.0,False,False,False,False,False,False,False,LBR,False,False
1996,0.0,391.085917171772,2130.0,False,False,False,False,False,False,False,LBR,False,False
2000,0.0,971.933016146115,2847.0,False,False,False,False,False,False,False,LBR,False,False
2004,0.0,760.875776109511,3005.0,False,False,False,False,False,False,False,LBR,False,False
2008,0.0,811.158033784576,3603.0,False,False,False,False,False,False,False,LBR,False,False
2012,0.0,853.0,4141.0,False,False,False,False,False,False,False,LBR,False,False
2016,0.0,843.526230083184,4576.0,False,False,False,False,False,False,False,LBR,False,False
1996,0.0,6330.93445870824,148.0,False,False,False,False,False,False,False,LCA,False,False
2000,0.0,7191.27473062504,153.0,False,False,False,False,False,False,False,LCA,False,False
2004,0.0,8322.34545011215,157.0,False,False,False,False,False,False,False,LCA,False,False
2008,0.0,9931.68418247749,160.0,False,False,False,False,False,False,False,LCA,False,False
2012,0.0,10067.0,162.0,False,False,False,False,False,False,False,LCA,False,False
2016,0.0,10486.9554082396,164.0,False,False,False,False,False,False,False,LCA,False,False
2024,0.19157088122605362,11039.44277775612,179.744,False,False,False,False,False,False,False,LCA,False,False
1972,0.0,1108.0,1117.0,False,False,False,False,False,False,False,LES,False,False
1980,0.0,1589.0,1359.0,False,False,False,False,False,False,False,LES,False,False
1984,0.0,1589.0,1511.0,False,False,False,False,False,False,False,LES,False,False
1988,0.0,1736.0,1645.0,False,False,False,False,False,False,False,LES,False,False
1992,0.0,1914.62382045181,1762.0,False,False,False,False,False,False,False,LES,False,False
1996,0.0,1931.6607745291,1869.0,False,False,False,False,False,False,False,LES,False,False
2000,0.0,1967.43327436145,1916.0,False,False,False,False,False,False,False,LES,False,False
2004,0.0,2004.06017812124,1925.0,False,False,False,False,False,False,False,LES,False,False
2008,0.0,2177.85735056552,1915.0,False,False,False,False,False,False,False,LES,False,False
2012,0.0,2456.0,1930.0,False,False,False,False,False,False,False,LES,False,False
2016,0.0,2774.59956499597,1953.0,False,False,False,False,False,False,False,LES,False,False
1952,0.38167938931297707,5327.0,1439.529,False,False,False,False,False,False,False,LIB,False,False
1960,0.0,5812.0,1786.235,False,False,False,False,False,False,False,LIB,False,False
1964,0.0,6156.0,1996.143,False,False,False,False,False,False,False,LIB,False,False
1968,0.0,6876.0,2253.719,False,False,False,False,False,False,False,LIB,False,False
1972,0.14184397163120568,8228.0,2680.396,False,False,False,False,False,False,False,LIB,False,False
1976,0.0,2442.0,3119.581,False,False,False,False,False,False,False,LIB,False,False
1980,0.13404825737265416,4608.0,3087.467,False,False,False,False,False,False,False,LIB,False,False
1984,0.0,4828.0,3092.361,False,False,False,False,False,False,False,LIB,False,False
1988,0.0,4385.0,3098.338,False,False,False,False,False,False,False,LIB,False,False
1992,0.0,4618.00542858399,3250.74,False,False,False,False,False,False,False,LIB,False,False
1996,0.0,6567.40063439123,3381.01,False,False,False,False,False,False,False,LIB,False,False
2000,0.0,7405.70702632181,3499.46,False,False,False,False,False,False,False,LIB,False,False
2004,0.0,9491.61065217681,3720.55,False,False,False,False,False,False,False,LIB,False,False
2008,0.0,12479.1077133745,4035.67,False,False,False,False,False,False,False,LIB,False,False
2012,0.0,16284.7630230297,4206.04,False,False,False,False,False,False,False,LIB,False,False
2016,0.0,13073.5561555305,5687.73,False,False,False,False,False,False,False,LIB,False,False
1992,0.20387359836901123,10240.9392301755,3628.51,False,False,False,False,False,False,True,LTU,False,False
1996,0.11890606420927466,8793.70079785355,3493.61,False,False,False,False,False,False,True,LTU,False,False
2000,0.5405405405405406,10806.8738960776,3394.58,False,False,False,False,False,False,True,LTU,False,False
2004,0.3236245954692557,14995.7669761907,3275.83,False,False,False,False,False,False,True,LTU,False,False
2008,0.522466039707419,20879.8024701771,3102.34,False,False,False,False,False,False,True,LTU,False,False
2012,0.5197505197505198,21305.0029889157,2898.19,False,False,False,False,False,False,True,LTU,False,False
2016,0.41109969167523125,24886.8400842498,2782.23,False,False,False,False,False,False,True,LTU,False,False
2020,0.0925925925925926,28971.8442372642,2711.09,False,False,False,False,False,False,True,LTU,False,False
2024,0.38314176245210724,31203.471596353265,2888.278,False,False,False,False,False,False,True,LTU,False,False
1952,0.19083969465648853,13162.0,299.263,False,False,False,False,False,False,False,LUX,False,False
1956,0.0,14343.0,306.615,False,False,False,False,False,False,False,LUX,False,False
1960,0.0,15870.0,313.969,False,False,False,False,False,False,False,LUX,False,False
1964,0.0,17864.0,327.75,False,False,False,False,False,False,False,LUX,False,False
1968,0.0,18774.0,335.867,False,False,False,False,False,False,False,LUX,False,False
1972,0.0,22236.0,346.6,False,False,False,False,False,False,False,LUX,False,False
1976,0.0,23100.0,360.75,False,False,False,False,False,False,False,LUX,False,False
1980,0.0,24951.0,364.4,False,False,False,False,False,False,False,LUX,False,False
1984,0.0,27303.0,366.272,False,False,False,False,False,False,False,LUX,False,False
1988,0.0,33351.0,375.624,False,False,False,False,False,False,False,LUX,False,False
1992,0.0,39231.5935018864,393.5,False,False,False,False,False,False,False,LUX,False,False
1996,0.0,40687.9029627924,415.61,False,False,False,False,False,False,False,LUX,False,False
2000,0.0,50063.824076531,438.19,False,False,False,False,False,False,False,LUX,False,False
2004,0.0,52624.1624829064,459.78,False,False,False,False,False,False,False,LUX,False,False
2008,0.0,56383.1908193867,490.58,False,False,False,False,False,False,False,LUX,False,False
2012,0.0,53675.4598020414,532.97,False,False,False,False,False,False,False,LUX,False,False
2016,0.0,55516.0960316446,585.75,False,False,False,False,False,False,False,LUX,False,False
1964,0.0,1779.0,5943.744,False,False,False,False,False,False,False,MAD,False,False
1968,0.0,1871.0,6473.179,False,False,False,False,False,False,False,MAD,False,False
1972,0.0,1916.0,7082.43,False,False,False,False,False,False,False,MAD,False,False
1980,0.0,1680.0,8691.245,False,False,False,False,False,False,False,MAD,False,False
1984,0.0,1305.0,9740.535,False,False,False,False,False,False,False,MAD,False,False
1992,0.0,1152.64606233185,12356.54,False,False,False,False,False,False,False,MAD,False,False
1996,0.0,1132.44372349517,13946.65,False,False,False,False,False,False,False,MAD,False,False
2000,0.0,1238.77641282628,15706.79,False,False,False,False,False,False,False,MAD,False,False
2004,0.0,1239.89697488554,17610.28,False,False,False,False,False,False,False,MAD,False,False
2008,0.0,1458.785339507,19716.71,False,False,False,False,False,False,False,MAD,False,False
2012,0.0,1350.63804000471,21998.58,False,False,False,False,False,False,False,MAD,False,False
2016,0.0,1379.36983425936,24422.51,False,False,False,False,False,False,False,MAD,False,False
1960,0.18450184501845018,2118.0,12423.434,False,False,False,False,False,False,False,MAR,False,False
1964,0.0,2201.0,13722.483,False,False,False,False,False,False,False,MAR,False,False
1968,0.0,2429.0,15137.266,False,False,False,False,False,False,False,MAR,False,False
1972,0.0,2660.0,16660.67,False,False,False,False,False,False,False,MAR,False,False
1976,0.0,3175.0,18042.963,False,False,False,False,False,False,False,MAR,False,False
1984,0.24937655860349126,3657.0,21315.514,False,False,False,False,False,False,False,MAR,False,False
1988,0.3424657534246575,4077.0,23600.498,False,False,False,False,False,False,False,MAR,False,False
1992,0.3058103975535168,4194.44690978948,25668.24,False,False,False,False,False,False,False,MAR,False,False
1996,0.23781212841854932,4603.65195843106,27371.21,False,False,False,False,False,False,False,MAR,False,False
2000,0.5405405405405406,4753.63825365122,28744.15,False,False,False,False,False,False,False,MAR,False,False
2004,0.3236245954692557,5584.15384967664,30168.74,False,False,False,False,False,False,False,MAR,False,False
2008,0.20898641588296762,6530.97807194875,31754.08,False,False,False,False,False,False,False,MAR,False,False
2012,0.10395010395010396,7355.32597285302,33345.93,False,False,False,False,False,False,False,MAR,False,False
2016,0.10277492291880781,7912.22209069393,34898.05,False,False,False,False,False,False,False,MAR,False,False
2020,0.0925925925925926,7849.20793121245,36375.13,False,False,False,False,False,False,False,MAR,False,False
2024,0.19157088122605362,8856.64809019741,38081.173,False,False,False,False,False,False,False,MAR,False,False
1964,0.0,2754.0,9397.464,False,False,False,False,False,False,False,MAS,False,False
1968,0.0,3096.0,10409.339,False,False,False,False,False,False,False,MAS,False,False
1972,0.0,3649.0,11441.462,False,False,False,False,False,False,False,MAS,False,False
1976,0.0,4638.0,12553.963,False,False,False,False,False,False,False,MAS,False,False
1984,0.0,6867.0,15157.163,False,False,False,False,False,False,False,MAS,False,False
1988,0.0,7144.0,16731.412,False,False,False,False,False,False,False,MAS,False,False
1992,0.10193679918450561,9383.9321554432,18440.22,False,False,False,False,False,False,False,MAS,False,False
1996,0.23781212841854932,12668.6683263801,20459.16,False,False,False,False,False,False,False,MAS,False,False
2000,0.0,13474.7014620996,22694.62,False,False,False,False,False,False,False,MAS,False,False
2004,0.0,15087.2514335779,24993.25,False,False,False,False,False,False,False,MAS,False,False
2008,0.10449320794148381,17865.6408788889,27160.8,False,False,False,False,False,False,False,MAS,False,False
2012,0.2079002079002079,20162.1778664827,29162.8,False,False,False,False,False,False,False,MAS,False,False
2016,0.513874614594039,23251.9029840136,30781.6,False,False,False,False,False,False,False,MAS,False,False
2020,0.1851851851851852,24279.3156330182,32256.84,False,False,False,False,False,False,False,MAS,False,False
2024,0.19157088122605362,28275.54199532766,35557.673,False,False,False,False,False,False,False,MAS,False,False
1972,0.0,851.0,4760.666,False,False,False,False,False,False,False,MAW,False,False
1984,0.0,925.0,7104.46,False,False,False,False,False,False,False,MAW,False,False
1988,0.0,872.0,8579.782,False,False,False,False,False,False,False,MAW,False,False
1992,0.0,802.930500182944,10246.3,False,False,False,False,False,False,False,MAW,False,False
1996,0.0,972.821356136859,10345.9,False,False,False,False,False,False,False,MAW,False,False
2000,0.0,967.087207836506,11657.9,False,False,False,False,False,False,False,MAW,False,False
2004,0.0,922.761274523614,13196.07,False,False,False,False,False,False,False,MAW,False,False
2008,0.0,1017.82081007633,15026.01,False,False,False,False,False,False,False,MAW,False,False
2012,0.0,1089.30642089448,17042.02,False,False,False,False,False,False,False,MAW,False,False
2016,0.0,1138.73629946876,19085.93,False,False,False,False,False,False,False,MAW,False,False
1996,0.23781212841854932,3305.49665221579,4353.79,False,False,False,False,False,False,True,MDA,False,False
2000,0.21621621621621623,2989.53479831132,4199.33,False,False,False,False,False,False,True,MDA,False,False
2004,0.0,3813.43113404425,4012.88,False,False,False,False,False,False,True,MDA,False,False
2008,0.10449320794148381,4652.45725879469,3829.19,False,False,False,False,False,False,True,MDA,False,False
2012,0.2079002079002079,4914.03795816787,3670.77,False,False,False,False,False,False,True,MDA,False,False
2016,0.0,6102.69453753903,3521.54,False,False,False,False,False,False,True,MDA,False,False
2020,0.0925925925925926,6560.74776968675,3375.58,False,False,False,False,False,False,True,MDA,False,False
2024,0.38314176245210724,7117.571541668027,2402.306,False,False,False,False,False,False,True,MDA,False,False
1900,0.3436426116838488,1822.0,13607.0,False,False,False,False,False,False,False,MEX,False,False
1924,0.0,2523.0,15609.0,False,False,False,False,False,False,False,MEX,False,False
1928,0.0,2565.0,16613.0,False,False,False,False,False,False,False,MEX,False,False
1932,0.48543689320388345,1890.0,17790.0,False,False,False,False,False,False,False,MEX,False,False
1936,0.6342494714587738,2444.0,19040.0,False,False,False,False,False,False,False,MEX,False,False
1948,0.9900990099009901,3188.0,25852.0,False,False,False,False,False,False,False,MEX,False,False
1952,0.19083969465648853,3706.0,30144.317,False,False,False,False,False,False,False,MEX,False,False
1956,0.37174721189591076,4213.0,33945.886,False,False,False,False,False,False,False,MEX,False,False
1960,0.18450184501845018,4723.0,38578.505,False,False,False,False,False,False,False,MEX,False,False
1964,0.16556291390728478,5555.0,43774.575,False,False,False,False,False,False,False,MEX,True,False
1968,1.4263074484944533,6432.0,49518.803,True,False,False,False,False,False,False,MEX,False,False
1972,0.14184397163120568,7256.0,55984.294,False,False,False,False,False,False,False,MEX,False,True
1976,0.2762430939226519,8131.0,62219.964,False,False,False,False,False,False,False,MEX,False,False
1980,0.5361930294906166,9929.0,68347.479,False,False,False,False,False,False,False,MEX,False,False
1984,0.7481296758104738,9777.0,75080.138,False,False,False,False,False,False,False,MEX,False,False
1988,0.228310502283105,9193.0,81781.816,False,False,False,False,False,False,False,MEX,False,False
1992,0.10193679918450561,10262.2106803239,87905.84,False,False,False,False,False,False,False,MEX,False,False
1996,0.11890606420927466,10386.4991208587,93507.91,False,False,False,False,False,False,False,MEX,False,False
2000,0.6486486486486486,12613.3960519094,98402.89,False,False,False,False,False,False,False,MEX,False,False
2004,0.4314994606256742,13287.5999017971,103333.96,False,False,False,False,False,False,False,MEX,False,False
2008,0.3134796238244514,14808.0899633769,108554.11,False,False,False,False,False,False,False,MEX,False,False
2012,0.7276507276507277,15547.9945212814,114162.63,False,False,False,False,False,False,False,MEX,False,False
2016,0.513874614594039,16705.0464647827,117443.95,False,False,False,False,False,False,False,MEX,False,False
2020,0.3703703703703704,15253.6913131363,123260.43,False,False,False,False,False,False,False,MEX,False,False
2024,0.4789272030651341,16727.084632496306,130861.007,False,False,False,False,False,False,False,MEX,False,False
1964,0.0,1027.0,1061.0,False,False,False,False,False,False,False,MGL,False,False
1968,0.6339144215530903,1154.0,1181.0,False,False,False,False,False,False,False,MGL,False,False
1972,0.14184397163120568,1256.0,1321.0,False,False,False,False,False,False,False,MGL,False,False
1976,0.13812154696132595,1401.0,1487.0,False,False,False,False,False,False,False,MGL,False,False
1980,0.5361930294906166,1618.0,1655.0,False,False,False,False,False,False,False,MGL,False,False
1988,0.1141552511415525,2227.0,1992.0,False,False,False,False,False,False,False,MGL,False,False
1992,0.20387359836901123,1841.01246368828,2210.0,False,False,False,False,False,False,False,MGL,False,False
1996,0.11890606420927466,2271.798711275,2341.0,False,False,False,False,False,False,False,MGL,False,False
2000,0.0,2936.06277869726,2461.0,False,False,False,False,False,False,False,MGL,False,False
2004,0.10787486515641855,4334.23138375912,2574.0,False,False,False,False,False,False,False,MGL,False,False
2008,0.41797283176593525,6982.14643001293,2702.0,False,False,False,False,False,False,False,MGL,False,False
2012,0.5197505197505198,10493.0,2870.0,False,False,False,False,False,False,False,MGL,False,False
2016,0.20554984583761562,12313.5435935755,3031.0,False,False,False,False,False,False,False,MGL,False,False
2020,0.3703703703703704,12990.3285632304,3231.27704231144,False,False,False,False,False,False,False,MGL,False,False
2024,0.09578544061302681,14788.226035828966,3524.788,False,False,False,False,False,False,False,MGL,False,False
1996,0.0,7095.16653678096,1971.1,False,False,False,False,False,False,False,MKD,False,False
2000,0.10810810810810811,8083.78972481525,2017.37,False,False,False,False,False,False,False,MKD,False,False
2004,0.0,8561.38365472568,2023.53,False,False,False,False,False,False,False,MKD,False,False
2008,0.0,10674.2083593048,2037.83,False,False,False,False,False,False,False,MKD,False,False
2012,0.0,11255.7010474341,2051.91,False,False,False,False,False,False,False,MKD,False,False
2016,0.0,12752.5850751572,2063.31,False,False,False,False,False,False,False,MKD,False,False
2020,0.0925925925925926,13125.8305280423,2064.65,False,False,False,False,False,False,False,MKD,False,False
1964,0.0,888.0,4874.607,False,False,False,False,False,False,False,MLI,False,False
1968,0.0,923.0,5307.348,False,False,False,False,False,False,False,MLI,False,False
1972,0.0,971.0,5801.204,False,False,False,False,False,False,False,MLI,False,False
1980,0.0,1168.0,6758.153,False,False,False,False,False,False,False,MLI,False,False
1984,0.0,1084.0,7233.025,False,False,False,False,False,False,False,MLI,False,False
1988,0.0,1116.0,7777.037,False,False,False,False,False,False,False,MLI,False,False
1992,0.0,1115.40597097193,8960.98,False,False,False,False,False,False,False,MLI,False,False
1996,0.0,1130.50966495942,10075.07,False,False,False,False,False,False,False,MLI,False,False
2000,0.0,1153.04614535542,10832.5,False,False,False,False,False,False,False,MLI,False,False
2004,0.0,1366.98306657794,11579.46,False,False,False,False,False,False,False,MLI,False,False
2008,0.0,1460.49598003884,12657.42,False,False,False,False,False,False,False,MLI,False,False
2012,0.0,1449.19594973114,14040.31,False,False,False,False,False,False,False,MLI,False,False
2016,0.0,1602.78191459766,15628.65,False,False,False,False,False,False,False,MLI,False,False
1960,0.0,2383.0,328.517,False,False,False,False,False,False,False,MLT,False,False
1968,0.0,3309.0,319.254,False,False,False,False,False,False,False,MLT,False,False
1972,0.0,4299.0,319.43,False,False,False,False,False,False,False,MLT,False,False
1980,0.0,8920.0,364.001,False,False,False,False,False,False,False,MLT,False,False
1984,0.0,9797.0,351.379,False,False,False,False,False,False,False,MLT,False,False
1988,0.0,11765.0,351.951,False,False,False,False,False,False,False,MLT,False,False
1992,0.0,14341.301596372,366.15,False,False,False,False,False,False,False,MLT,False,False
1996,0.0,16932.0478420539,379.77,False,False,False,False,False,False,False,MLT,False,False
2000,0.0,20434.5494704823,389.72,False,False,False,False,False,False,False,MLT,False,False
2004,0.0,21233.0010143525,400.91,False,False,False,False,False,False,False,MLT,False,False
2008,0.0,23674.5943056588,409.13,False,False,False,False,False,False,False,MLT,False,False
2012,0.0,24629.7773695443,419.8,False,False,False,False,False,False,False,MLT,False,False
2016,0.0,29207.2702818468,455.39,False,False,False,False,False,False,False,MLT,False,False
2008,0.0,13550.3563815497,621.0,False,False,False,False,False,False,False,MNE,False,False
2012,0.10395010395010396,15421.0,622.079,False,False,False,False,False,False,False,MNE,False,False
2016,0.0,17777.4169285553,618.125,False,False,False,False,False,False,False,MNE,False,False
1980,0.0,1945.0,12102.619,False,False,False,False,False,False,False,MOZ,False,False
1984,0.0,1629.0,12922.824,False,False,False,False,False,False,False,MOZ,False,False
1988,0.0,1701.0,12523.013,False,False,False,False,False,False,False,MOZ,False,False
1992,0.0,1482.41662537559,13005.63,False,False,False,False,False,False,False,MOZ,False,False
1996,0.11890606420927466,1325.5953686561,15519.74,False,False,False,False,False,False,False,MOZ,False,False
2000,0.10810810810810811,1196.01487944941,16840.86,False,False,False,False,False,False,False,MOZ,False,False
2004,0.0,1125.83211784106,18263.58,False,False,False,False,False,False,False,MOZ,False,False
2008,0.0,1031.36220648499,19928.36,False,False,False,False,False,False,False,MOZ,False,False
2012,0.0,964.582332241387,22149.89,False,False,False,False,False,False,False,MOZ,False,False
2016,0.0,1102.81731018121,24660.45,False,False,False,False,False,False,False,MOZ,False,False
1984,0.0,7798.0,1012.042,False,False,False,False,False,False,False,MRI,False,False
1988,0.0,10418.0,1044.942,False,False,False,False,False,False,False,MRI,False,False
1992,0.0,12002.3801502419,1084.81,False,False,False,False,False,False,False,MRI,False,False
1996,0.0,12841.9305308466,1135.34,False,False,False,False,False,False,False,MRI,False,False
2000,0.0,14272.3009237175,1186.45,False,False,False,False,False,False,False,MRI,False,False
2004,0.0,14854.6136879255,1232.85,False,False,False,False,False,False,False,MRI,False,False
2008,0.10449320794148381,15957.9602249536,1268.9,False,False,False,False,False,False,False,MRI,False,False
2012,0.0,17021.2462280476,1288.49,False,False,False,False,False,False,False,MRI,False,False
2016,0.0,19525.3151905227,1298.18,False,False,False,False,False,False,False,MRI,False,False
1984,0.0,1486.0,1685.0,False,False,False,False,False,False,False,MTN,False,False
1988,0.0,1533.0,1849.0,False,False,False,False,False,False,False,MTN,False,False
1992,0.0,1559.90485866062,2043.0,False,False,False,False,False,False,False,MTN,False,False
1996,0.0,1873.05086807197,2271.0,False,False,False,False,False,False,False,MTN,False,False
2000,0.0,1934.74203577032,2501.0,False,False,False,False,False,False,False,MTN,False,False
2004,0.0,2185.95025896162,2768.0,False,False,False,False,False,False,False,MTN,False,False
2008,0.0,2895.66499160281,3055.0,False,False,False,False,False,False,False,MTN,False,False
2012,0.0,3213.0,3359.0,False,False,False,False,False,False,False,MTN,False,False
2016,0.0,3376.7524621544,3677.0,False,False,False,False,False,False,False,MTN,False,False
1952,0.0,716.0,20093.491,False,False,False,False,False,False,False,MYA,False,False
1956,0.0,781.0,21387.025,False,False,False,False,False,False,False,MYA,False,False
1960,0.0,899.0,22839.044,False,False,False,False,False,False,False,MYA,False,False
1964,0.0,976.0,24490.203,False,False,False,False,False,False,False,MYA,False,False
1968,0.0,976.0,26368.073,False,False,False,False,False,False,False,MYA,False,False
1972,0.0,1023.0,28474.102,False,False,False,False,False,False,False,MYA,False,False
1980,0.0,1320.0,33061.428,False,False,False,False,False,False,False,MYA,False,False
1984,0.0,1492.0,35670.645,False,False,False,False,False,False,False,MYA,False,False
1988,0.0,1207.0,38196.363,False,False,False,False,False,False,False,MYA,False,False
1992,0.0,1283.82548302487,40419.18,False,False,False,False,False,False,False,MYA,False,False
1996,0.0,1469.03173707452,43143.13,False,False,False,False,False,False,False,MYA,False,False
2000,0.0,1843.494517528,45616.38,False,False,False,False,False,False,False,MYA,False,False
2004,0.0,2664.94125386245,47699.22,False,False,False,False,False,False,False,MYA,False,False
2008,0.0,3585.76522166707,49504.89,False,False,False,False,False,False,False,MYA,False,False
2012,0.0,4091.20181810201,51368.72,False,False,False,False,False,False,False,MYA,False,False
2016,0.0,5252.8322087646,53416.38,False,False,False,False,False,False,False,MYA,False,False
1992,0.20387359836901123,5532.67248715834,1551.1,False,False,False,False,False,False,False,NAM,False,False
1996,0.23781212841854932,5687.11666368584,1716.34,False,False,False,False,False,False,False,NAM,False,False
2000,0.0,5971.81478654905,1893.31,False,False,False,False,False,False,False,NAM,False,False
2004,0.0,6712.77178402593,2034.39,False,False,False,False,False,False,False,NAM,False,False
2008,0.0,7618.0309766976,2141.15,False,False,False,False,False,False,False,NAM,False,False
2012,0.0,8482.41525464921,2267.77,False,False,False,False,False,False,False,NAM,False,False
2016,0.0,9152.54836624414,2456.24,False,False,False,False,False,False,False,NAM,False,False
2020,0.0925925925925926,7734.60547976822,2651.12,False,False,False,False,False,False,False,NAM,False,False
1968,0.0,4419.0,1926.0,False,False,False,False,False,False,False,NCA,False,False
1972,0.0,4543.0,2183.0,False,False,False,False,False,False,False,NCA,False,False
1976,0.0,5099.0,2473.0,False,False,False,False,False,False,False,NCA,False,False
1980,0.0,3414.0,2803.0,False,False,False,False,False,False,False,NCA,False,False
1984,0.0,3308.0,3114.0,False,False,False,False,False,False,False,NCA,False,False
1992,0.0,2163.41659168443,4007.0,False,False,False,False,False,False,False,NCA,False,False
1996,0.0,2395.20217328583,4503.0,False,False,False,False,False,False,False,NCA,False,False
2000,0.0,2858.5269124027,4866.0,False,False,False,False,False,False,False,NCA,False,False
2004,0.0,3220.26103652372,5193.0,False,False,False,False,False,False,False,NCA,False,False
2008,0.0,3856.55228301069,5476.0,False,False,False,False,False,False,False,NCA,False,False
2012,0.0,4376.0,5728.0,False,False,False,False,False,False,False,NCA,False,False
2016,0.0,5015.86432445672,5967.0,False,False,False,False,False,False,False,NCA,False,False
1900,2.405498281786942,5306.0,5142.0,False,False,True,False,True,True,False,NED,False,False
1906,1.3392857142857142,5770.0,5632.0,False,False,False,False,False,False,False,NED,False,False
1908,0.625,5628.0,5786.0,False,False,False,False,False,True,False,NED,False,False
1912,0.949367088607595,6245.0,6068.0,False,False,False,False,False,False,False,NED,False,False
1920,2.4663677130044843,6727.0,6848.0,False,False,True,False,True,True,False,NED,False,False
1924,2.4774774774774775,7803.0,7264.0,False,False,True,False,True,True,False,NED,True,False
1928,5.793450881612091,9118.0,7679.0,True,False,False,False,False,False,False,NED,False,False
1932,1.9417475728155338,8026.0,8123.0,False,False,False,False,False,False,False,NED,False,True
1936,3.5940803382663846,8273.0,8516.0,False,False,True,False,False,True,False,NED,False,False
1948,3.1683168316831685,8751.0,9800.0,False,False,False,False,False,True,False,NED,False,False
1952,0.9541984732824428,9698.0,10381.988,False,False,False,False,False,False,False,NED,False,False
1956,0.0,11953.0,10889.351,False,False,False,False,False,False,False,NED,False,False
1960,0.5535055350553505,13209.0,11486.0,False,False,True,False,False,True,False,NED,False,False
1964,1.6556291390728477,15042.0,12127.12,False,False,False,False,False,False,False,NED,False,False
1968,1.109350237717908,17365.0,12724.68,False,False,False,False,False,False,False,NED,False,False
1972,0.7092198581560284,20079.0,13329.874,False,False,True,False,False,True,False,NED,False,False
1976,0.6906077348066298,22132.0,13769.913,False,False,False,False,False,False,False,NED,False,False
1980,0.40214477211796246,23438.0,14143.901,False,False,False,False,False,False,False,NED,False,False
1984,1.6209476309226933,23750.0,14420.022,False,False,False,False,False,False,False,NED,False,False
1988,1.0273972602739725,25574.0,14761.339,False,False,False,False,False,False,False,NED,False,False
1992,1.529051987767584,28555.7318435624,15186.58,False,False,True,False,False,True,False,NED,False,False
1996,2.2592152199762188,31811.7391778462,15535.36,False,False,False,False,False,False,False,NED,False,False
2000,2.7027027027027026,37899.9503776595,15931.5,False,False,False,False,False,False,False,NED,False,False
2004,2.373247033441208,39682.3761124684,16287.62,False,False,False,False,False,True,False,NED,False,False
2008,1.671891327063741,44840.7113700654,16451.68,False,False,False,False,False,False,False,NED,False,False
2012,2.079002079002079,43968.2537766979,16760.78,False,False,False,False,False,True,False,NED,False,False
2016,1.9527235354573484,45654.4688928012,17035.88,False,False,False,False,False,False,False,NED,False,False
2020,3.3333333333333335,46014.4842869007,17448.02,False,False,False,False,False,False,False,NED,False,False
2024,3.256704980842912,49095.23490521465,17993.485,False,False,True,False,True,True,False,NED,False,False
1964,0.0,1012.0,10677.0,False,False,False,False,False,False,False,NEP,False,False
1972,0.0,1034.0,12389.0,False,False,False,False,False,False,False,NEP,False,False
1976,0.0,1071.0,13418.0,False,False,False,False,False,False,False,NEP,False,False
1980,0.0,1057.0,14613.0,False,False,False,False,False,False,False,NEP,False,False
1984,0.0,1152.0,16044.0,False,False,False,False,False,False,False,NEP,False,False
1988,0.0,1269.0,17714.0,False,False,False,False,False,False,False,NEP,False,False
1992,0.0,1374.66118498648,19705.0,False,False,False,False,False,False,False,NEP,False,False
1996,0.0,1511.73367300972,21804.0,False,False,False,False,False,False,False,NEP,False,False
2000,0.0,1676.7456451079,23487.0,False,False,False,False,False,False,False,NEP,False,False
2004,0.0,1802.14384785063,24989.0,False,False,False,False,False,False,False,NEP,False,False
2008,0.0,2021.15408379838,25998.0,False,False,False,False,False,False,False,NEP,False,False
2012,0.0,2258.0,27505.0,False,False,False,False,False,False,False,NEP,False,False
2016,0.0,2443.43248176895,29034.0,False,False,False,False,False,False,False,NEP,False,False
1952,0.0,1323.0,33207.747,False,False,False,False,False,False,False,NGR,False,False
1956,0.0,1309.0,37005.207,False,False,False,False,False,False,False,NGR,False,False
1960,0.0,1307.0,41547.479,False,False,False,False,False,False,False,NGR,False,False
1964,0.16556291390728478,1451.0,46675.411,False,False,False,False,False,False,False,NGR,False,False
1968,0.0,1114.0,52445.059,False,False,False,False,False,False,False,NGR,False,False
1972,0.14184397163120568,1908.0,58941.176,False,False,False,False,False,False,False,NGR,False,False
1980,0.0,2080.0,74821.273,False,False,False,False,False,False,False,NGR,False,False
1984,0.24937655860349126,1527.0,82724.29,False,False,False,False,False,False,False,NGR,False,False
1988,0.0,1667.0,91760.42,False,False,False,False,False,False,False,NGR,False,False
1992,0.40774719673802245,1793.94013667409,101378.15,False,False,False,False,False,False,False,NGR,False,False
1996,0.713436385255648,1924.08840384563,112235.15,False,False,False,False,False,False,False,NGR,False,False
2000,0.3243243243243243,2144.82540433565,125013.93,False,False,False,False,False,False,False,NGR,False,False
2004,0.2157497303128371,3136.62742586954,139900.21,False,False,False,False,False,False,False,NGR,False,False
2008,0.41797283176593525,4084.20026035943,156434.06,False,False,False,False,False,False,False,NGR,False,False
2012,0.0,5216.31562104109,174142.21,False,False,False,False,False,False,False,NGR,False,False
2016,0.10277492291880781,5337.12944295536,192593.55,False,False,False,False,False,False,False,NGR,False,False
2020,0.1851851851851852,4976.32235844951,213020.61,False,False,False,False,False,False,False,NGR,False,False
1964,0.0,1415.0,4252.122,False,False,False,False,False,False,False,NIG,False,False
1968,0.0,1398.0,4633.063,False,False,False,False,False,False,False,NIG,False,False
1972,0.14184397163120568,1282.0,5060.262,False,False,False,False,False,False,False,NIG,False,False
1984,0.0,956.0,6704.046,False,False,False,False,False,False,False,NIG,False,False
1988,0.0,939.0,7399.129,False,False,False,False,False,False,False,NIG,False,False
1992,0.0,785.263618323698,8312.79,False,False,False,False,False,False,False,NIG,False,False
1996,0.0,712.855845272195,9442.83,False,False,False,False,False,False,False,NIG,False,False
2000,0.0,693.376547623471,10785.06,False,False,False,False,False,False,False,NIG,False,False
2004,0.0,725.131636267338,12472.32,False,False,False,False,False,False,False,NIG,False,False
2008,0.0,809.450392071507,14531.93,False,False,False,False,False,False,False,NIG,False,False
2012,0.0,849.797741264797,16903.09,False,False,False,False,False,False,False,NIG,False,False
2016,0.10277492291880781,903.571548725605,19708.07,False,False,False,False,False,False,False,NIG,False,False
1900,1.718213058419244,3249.0,2230.0,False,False,False,False,False,False,False,NOR,False,False
1904,0.7168458781362007,3288.0,2297.0,False,False,False,False,False,False,False,NOR,False,False
1906,0.8928571428571428,3496.0,2319.0,False,False,False,False,False,False,False,NOR,False,False
1908,2.5,3612.0,2346.0,False,False,False,False,False,False,False,NOR,False,False
1912,3.1645569620253164,4050.0,2423.0,False,False,False,False,False,False,False,NOR,False,False
1920,6.502242152466367,4739.0,2635.0,False,False,False,False,False,False,False,NOR,False,False
1924,2.2522522522522523,4787.0,2729.0,False,False,False,False,False,False,False,NOR,False,False
1928,1.0075566750629723,5241.0,2785.0,False,False,False,False,False,False,False,NOR,False,False
1932,0.0,5526.0,2842.0,False,False,False,False,False,False,False,NOR,False,False
1936,1.2684989429175475,6432.0,2904.0,False,False,False,False,False,False,False,NOR,False,False
1948,1.3861386138613863,8199.0,3201.0,False,False,False,False,False,False,False,NOR,False,False
1952,0.9541984732824428,9267.0,3327.728,False,False,False,False,False,False,False,NOR,False,False
1956,0.5576208178438662,10480.0,3459.992,False,False,False,False,False,False,False,NOR,False,False
1960,0.18450184501845018,11483.0,3581.239,False,False,False,False,False,False,False,NOR,False,False
1964,0.0,13256.0,3694.339,False,False,False,False,False,False,False,NOR,False,False
1968,0.31695721077654515,15224.0,3818.983,False,False,False,False,False,False,False,NOR,False,False
1972,0.5673758865248227,17409.0,3933.004,False,False,False,False,False,False,False,NOR,False,False
1976,0.2762430939226519,20610.0,4026.152,False,False,False,False,False,False,False,NOR,False,False
1984,0.3740648379052369,26321.0,4140.095,False,False,False,False,False,False,False,NOR,False,False
1988,0.5707762557077625,28786.0,4208.729,False,False,False,False,False,False,False,NOR,False,False
1992,0.7135575942915392,33041.2054394645,4287.02,False,False,False,False,False,False,False,NOR,False,False
1996,0.8323424494649228,43133.1434703702,4382.04,False,False,False,False,False,False,False,NOR,False,False
2000,1.0810810810810811,54039.9607277985,4492.07,False,False,False,False,False,False,False,NOR,False,False
2004,0.6472491909385114,64824.1444301464,4593.09,False,False,False,False,False,False,False,NOR,False,False
2008,0.9404388714733543,76522.0634426551,4769.13,False,False,False,False,False,False,False,NOR,False,False
2012,0.4158004158004158,81725.2185056822,5020.19,False,False,False,False,False,False,False,NOR,False,False
2016,0.41109969167523125,83213.0125924677,5237.24,False,False,False,False,False,False,False,NOR,False,False
2020,0.7407407407407408,83543.0983294295,5380.28,False,False,False,False,False,False,False,NOR,False,False
2024,0.7662835249042145,88418.7857849608,5572.279,False,False,False,False,False,False,False,NOR,False,False
1900,0.3436426116838488,6851.0,807.0,False,False,False,False,False,False,False,NZL,False,False
1920,0.2242152466367713,8992.0,1241.0,False,False,False,False,False,False,False,NZL,False,False
1924,0.22522522522522523,8198.0,1350.0,False,False,False,False,False,False,False,NZL,False,False
1928,0.2518891687657431,8195.0,1454.0,False,False,False,False,False,False,False,NZL,False,False
1932,0.24271844660194172,6897.0,1527.0,False,False,False,False,False,False,False,NZL,False,False
1936,0.21141649048625794,9309.0,1573.0,False,False,False,False,False,False,False,NZL,False,False
1948,0.0,11045.0,1833.0,False,False,False,False,False,False,False,NZL,False,False
1952,0.5725190839694656,12427.0,1994.794,False,False,False,False,False,False,False,NZL,False,False
1956,0.37174721189591076,14346.0,2178.289,False,False,False,False,False,False,False,NZL,False,False
1960,0.5535055350553505,15087.0,2371.746,False,False,False,False,False,False,False,NZL,False,False
1964,0.8278145695364238,16606.0,2591.95,False,False,False,False,False,False,False,NZL,False,False
1968,0.4754358161648178,16809.0,2759.0,False,False,False,False,False,False,False,NZL,False,False
1972,0.425531914893617,18889.0,2929.1,False,False,False,False,False,False,False,NZL,False,False
1976,0.5524861878453038,20161.0,3153.55,False,False,False,False,False,False,False,NZL,False,False
1980,0.0,19681.0,3170.15,False,False,False,False,False,False,False,NZL,False,False
1984,1.3715710723192018,21783.0,3298.0,False,False,False,False,False,False,False,NZL,False,False
1988,1.4840182648401825,22022.0,3361.0,False,False,False,False,False,False,False,NZL,False,False
1992,1.019367991845056,21093.0613402617,3585.26,False,False,False,False,False,False,False,NZL,False,False
1996,0.713436385255648,24321.2480093897,3792.85,False,False,False,False,False,False,False,NZL,False,False
2000,0.43243243243243246,26823.0174593025,3912.39,False,False,False,False,False,False,False,NZL,False,False
2004,0.5393743257820928,29806.7352654402,4151.15,False,False,False,False,False,False,False,NZL,False,False
2008,0.9404388714733543,31444.6332354074,4322.92,False,False,False,False,False,False,False,NZL,False,False
2012,1.3513513513513513,32714.7326094428,4471.4,False,False,False,False,False,False,False,NZL,False,False
2016,1.8499486125385407,34879.9380406397,4799.84,False,False,False,False,False,False,False,NZL,False,False
2020,1.8518518518518516,35853.6929927152,5159.06,False,False,False,False,False,False,False,NZL,False,False
2024,1.9157088122605364,37754.21640095628,5287.5,False,False,False,False,False,False,False,NZL,False,False
1984,0.0,9526.0,1423.521,False,False,False,False,False,False,False,OMA,False,False
1988,0.0,10633.0,1651.822,False,False,False,False,False,False,False,OMA,False,False
1992,0.0,12251.1576128381,1916.36,False,False,False,False,False,False,False,OMA,False,False
1996,0.0,16491.1678287698,2173.41,False,False,False,False,False,False,False,OMA,False,False
2000,0.0,24186.3653983285,2403.18,False,False,False,False,False,False,False,OMA,False,False
2004,0.0,28607.0843640724,2612.83,False,False,False,False,False,False,False,OMA,False,False
2008,0.0,40909.9379307961,2816.38,False,False,False,False,False,False,False,OMA,False,False
2012,0.0,47427.583109669,3047.23,False,False,False,False,False,False,False,OMA,False,False
2016,0.0,51382.7360663662,3307.2,False,False,False,False,False,False,False,OMA,False,False
1952,0.0,950.0,41346.56,False,False,False,False,False,False,False,PAK,False,False
1956,0.18587360594795538,1017.0,45535.711,False,False,False,False,False,False,False,PAK,False,False
1960,0.36900369003690037,1031.0,50386.898,False,False,False,False,False,False,False,PAK,False,False
1964,0.16556291390728478,1208.0,55988.385,False,False,False,False,False,False,False,PAK,False,False
1968,0.15847860538827258,1361.0,62282.496,False,False,False,False,False,False,False,PAK,False,False
1972,0.14184397163120568,1455.0,69325.921,False,False,False,False,False,False,False,PAK,False,False
1976,0.13812154696132595,1604.0,76456.121,False,False,False,False,False,False,False,PAK,False,False
1984,0.12468827930174563,2106.0,96501.806,False,False,False,False,False,False,False,PAK,False,False
1988,0.1141552511415525,2442.0,108407.786,False,False,False,False,False,False,False,PAK,False,False
1992,0.10193679918450561,2732.38162109905,119973.85,False,False,False,False,False,False,False,PAK,False,False
1996,0.0,2979.80822550806,131362.55,False,False,False,False,False,False,False,PAK,False,False
2000,0.0,3154.51158006955,145759.03,False,False,False,False,False,False,False,PAK,False,False
2004,0.0,3664.53343212702,161555.54,False,False,False,False,False,False,False,PAK,False,False
2008,0.0,4224.40480371735,176808.99,False,False,False,False,False,False,False,PAK,False,False
2012,0.0,4538.34565925404,193569.43,False,False,False,False,False,False,False,PAK,False,False
2016,0.0,5030.83531500595,210928.54,False,False,False,False,False,False,False,PAK,False,False
2024,0.09578544061302681,5505.742071021659,251269.164,False,False,False,False,False,False,False,PAK,False,False
1928,0.0,2558.0,504.0,False,False,False,False,False,False,False,PAN,False,False
1948,0.39603960396039606,2724.0,822.0,False,False,False,False,False,False,False,PAN,False,False
1952,0.0,2557.0,940.0,False,False,False,False,False,False,False,PAN,False,False
1960,0.0,3217.0,1148.0,False,False,False,False,False,False,False,PAN,False,False
1964,0.0,3929.0,1288.0,False,False,False,False,False,False,False,PAN,False,False
1968,0.0,4752.0,1447.0,False,False,False,False,False,False,False,PAN,False,False
1972,0.0,5571.0,1617.0,False,False,False,False,False,False,False,PAN,False,False
1976,0.0,5604.0,1792.0,False,False,False,False,False,False,False,PAN,False,False
1984,0.0,7192.0,2123.0,False,False,False,False,False,False,False,PAN,False,False
1988,0.0,6743.0,2302.0,False,False,False,False,False,False,False,PAN,False,False
1992,0.0,8148.63157836697,2489.0,False,False,False,False,False,False,False,PAN,False,False
1996,0.0,8652.0757584253,2690.0,False,False,False,False,False,False,False,PAN,False,False
2000,0.0,9898.78778060818,2900.0,False,False,False,False,False,False,False,PAN,False,False
2004,0.0,10769.5231825041,3104.0,False,False,False,False,False,False,False,PAN,False,False
2008,0.10449320794148381,14466.9673417838,3310.0,False,False,False,False,False,False,False,PAN,False,False
2012,0.0,18051.0,3510.0,False,False,False,False,False,False,False,PAN,False,False
2016,0.0,21445.1247474899,3705.0,False,False,False,False,False,False,False,PAN,False,False
2024,0.09578544061302681,25279.431699001634,4515.577,False,False,False,False,False,False,False,PAN,False,False
1968,0.0,2699.0,2349.262,False,False,False,False,False,False,False,PAR,False,False
1972,0.0,3017.0,2614.104,False,False,False,False,False,False,False,PAR,False,False
1976,0.0,3629.0,2922.0,False,False,False,False,False,False,False,PAR,False,False
1984,0.0,4945.0,3568.0,False,False,False,False,False,False,False,PAR,False,False
1988,0.0,5082.0,4007.0,False,False,False,False,False,False,False,PAR,False,False
1992,0.0,5186.56395411901,4491.94,False,False,False,False,False,False,False,PAR,False,False
1996,0.0,5360.74330343851,5005.93,False,False,False,False,False,False,False,PAR,False,False
2000,0.0,4896.42954805479,5473.21,False,False,False,False,False,False,False,PAR,False,False
2004,0.10787486515641855,5876.6602742802,5886.18,False,False,False,False,False,False,False,PAR,False,False
2008,0.0,6713.03020771669,6264.03,False,False,False,False,False,False,False,PAR,False,False
2012,0.0,7232.37609714551,6605.39,False,False,False,False,False,False,False,PAR,False,False
2016,0.0,8438.70944690592,6930.16,False,False,False,False,False,False,False,PAR,False,False
1900,0.0,1084.0,3648.0,False,False,False,False,False,False,False,PER,False,False
1932,0.0,2268.0,5660.0,False,False,False,False,False,False,False,PER,False,False
1936,0.0,3078.0,6038.0,False,False,False,False,False,False,False,PER,False,False
1948,0.19801980198019803,3282.0,7376.0,False,False,False,False,False,False,False,PER,False,False
1956,0.0,4385.0,8904.9,False,False,False,False,False,False,False,PER,False,False
1960,0.0,4733.0,9931.0,False,False,False,False,False,False,False,PER,False,False
1964,0.0,5523.0,11143.5,False,False,False,False,False,False,False,PER,False,False
1968,0.0,5874.0,12476.0,False,False,False,False,False,False,False,PER,False,False
1972,0.0,6264.0,13954.7,False,False,False,False,False,False,False,PER,False,False
1976,0.0,6808.0,15573.199,False,False,False,False,False,False,False,PER,False,False
1980,0.0,6795.0,17295.298,False,False,False,False,False,False,False,PER,False,False
1984,0.12468827930174563,5859.0,19011.0,False,False,False,False,False,False,False,PER,False,False
1988,0.1141552511415525,6003.0,20710.0,False,False,False,False,False,False,False,PER,False,False
1992,0.10193679918450561,4698.48304766502,23517.24,False,False,False,False,False,False,False,PER,False,False
1996,0.0,5739.79004436521,19976.27,False,False,False,False,False,False,False,PER,False,False
2000,0.0,6038.24442697661,21291.22,False,False,False,False,False,False,False,PER,False,False
2004,0.0,6731.00468731625,22706.95,False,False,False,False,False,False,False,PER,False,False
2008,0.0,8812.6181817338,23944.04,False,False,False,False,False,False,False,PER,False,False
2012,0.0,10605.5886969872,24490.6,False,False,False,False,False,False,False,PER,False,False
2016,0.0,12132.0351109526,24903.64,False,False,False,False,False,False,False,PER,False,False
2024,0.09578544061302681,12846.573517950235,34217.848,False,False,False,False,False,False,False,PER,False,False
1924,0.0,2133.0,11577.0,False,False,False,False,False,False,False,PHI,False,False
1928,0.2518891687657431,2219.0,12543.0,False,False,False,False,False,False,False,PHI,False,False
1932,0.7281553398058253,2212.0,13829.0,False,False,False,False,False,False,False,PHI,False,False
1936,0.21141649048625794,2174.0,15199.0,False,False,False,False,False,False,False,PHI,False,False
1948,0.0,1583.0,19918.0,False,False,False,False,False,False,False,PHI,False,False
1952,0.0,1890.0,22438.691,False,False,False,False,False,False,False,PHI,False,False
1956,0.0,2248.0,25301.226,False,False,False,False,False,False,False,PHI,False,False
1960,0.0,2353.0,28528.939,False,False,False,False,False,False,False,PHI,False,False
1964,0.16556291390728478,2550.0,32254.35,False,False,False,False,False,False,False,PHI,False,False
1968,0.0,2745.0,36424.438,False,False,False,False,False,False,False,PHI,False,False
1972,0.0,2954.0,40850.141,False,False,False,False,False,False,False,PHI,False,False
1976,0.0,3430.0,45574.35,False,False,False,False,False,False,False,PHI,False,False
1984,0.0,3469.0,56257.879,False,False,False,False,False,False,False,PHI,False,False
1988,0.1141552511415525,3355.0,62080.71,False,False,False,False,False,False,False,PHI,False,False
1992,0.10193679918450561,3399.24261795966,67929.79,False,False,False,False,False,False,False,PHI,False,False
1996,0.11890606420927466,3790.77878882303,74238.79,False,False,False,False,False,False,False,PHI,False,False
2000,0.0,4033.56089188223,81131.21,False,False,False,False,False,False,False,PHI,False,False
2004,0.0,4562.50267556433,88568.1,False,False,False,False,False,False,False,PHI,False,False
2008,0.0,5328.68244964514,95922.8,False,False,False,False,False,False,False,PHI,False,False
2012,0.0,6155.82949334634,102618.25,False,False,False,False,False,False,False,PHI,False,False
2016,0.10277492291880781,7463.51818800498,109492.99,False,False,False,False,False,False,False,PHI,False,False
2020,0.3703703703703704,7624.41356494838,117026.22,False,False,False,False,False,False,False,PHI,False,False
2024,0.38314176245210724,9183.94609290868,115843.67,False,False,False,False,False,False,False,PHI,False,False
1996,0.0,5320.25543179518,2671.0,False,False,False,False,False,False,False,PLE,False,False
2000,0.0,5377.3935104174,3075.0,False,False,False,False,False,False,False,PLE,False,False
2004,0.0,4358.51757480248,3396.0,False,False,False,False,False,False,False,PLE,False,False
2008,0.0,4287.20919659314,3727.0,False,False,False,False,False,False,False,PLE,False,False
2012,0.0,5054.0,4088.0,False,False,False,False,False,False,False,PLE,False,False
2016,0.0,5316.98831938771,4451.0,False,False,False,False,False,False,False,PLE,False,False
1932,2.1844660194174756,2643.0,29022.0,False,False,False,False,False,False,False,POL,False,False
1936,1.9027484143763214,2590.0,30471.0,False,True,True,False,False,True,False,POL,False,False
1948,0.39603960396039606,3439.49113062175,23980.0,False,False,False,False,False,True,False,POL,False,False
1952,0.7633587786259541,4018.0,25730.551,False,False,False,False,False,False,False,POL,False,False
1956,1.6728624535315983,4565.0,27743.876,False,False,False,False,False,False,False,POL,False,False
1960,3.8745387453874542,5125.0,29589.842,False,False,True,False,False,True,False,POL,False,False
1964,3.80794701986755,5773.0,30975.52,False,False,False,False,False,False,False,POL,False,False
1968,2.8526148969889067,6881.0,32034.813,False,False,False,False,False,False,False,POL,False,False
1972,2.9787234042553195,7986.0,33039.545,False,True,True,False,False,True,False,POL,False,False
1976,3.591160220994475,9397.0,34299.428,False,False,False,False,False,False,False,POL,False,False
1980,4.289544235924933,9149.0,35578.016,False,False,False,False,False,False,False,POL,False,False
1988,1.82648401826484,9228.0,37866.84,False,False,False,False,False,False,False,POL,False,False
1992,1.9367991845056065,7873.92490222084,38261.74,False,False,True,False,False,True,False,POL,False,False
1996,2.0214030915576697,10066.1710335318,38377.51,False,False,False,False,False,False,False,POL,False,False
2000,1.5135135135135136,12732.1667641745,38344.43,False,False,False,False,False,False,False,POL,False,False
2004,1.0787486515641855,14906.0942167897,38268.25,False,False,False,False,False,True,False,POL,False,False
2008,1.044932079414838,19011.5460919055,38204.11,False,False,False,False,False,False,False,POL,False,False
2012,1.0395010395010396,22169.8256016437,38623.07,False,False,False,False,False,True,False,POL,False,False
2016,1.1305241521068858,25020.6203257842,38515.83,False,False,False,False,False,False,False,POL,False,False
2020,1.2962962962962963,28577.1413858914,38442.66,False,False,False,False,False,False,False,POL,False,False
2024,0.9578544061302682,33775.98170272685,36559.233,False,False,True,False,False,True,False,POL,False,False
1912,0.0,2004.0,5964.0,False,False,False,False,False,False,False,POR,False,False
1920,0.0,1959.0,6029.0,False,False,False,False,False,False,False,POR,False,False
1924,0.22522522522522523,2233.0,6300.0,False,False,False,False,False,False,False,POR,False,False
1928,0.2518891687657431,2343.0,6619.0,False,False,False,False,False,False,False,POR,False,False
1932,0.0,2619.0,6954.0,False,False,False,False,False,False,False,POR,False,False
1936,0.21141649048625794,2428.0,7305.0,False,False,False,False,False,False,False,POR,False,False
1948,0.39603960396039606,3261.0,8256.0,False,False,False,False,False,False,False,POR,False,False
1952,0.19083969465648853,3445.0,8526.05,False,False,False,False,False,False,False,POR,False,False
1956,0.0,4087.0,8756.0,False,False,False,False,False,False,False,POR,False,False
1960,0.18450184501845018,4712.0,9036.7,False,False,False,False,False,False,False,POR,False,False
1964,0.0,5926.0,9122.5,False,False,False,False,False,False,False,POR,False,False
1968,0.0,7767.0,9115.05,False,False,False,False,False,False,False,POR,False,False
1972,0.0,10130.0,8970.45,False,False,False,False,False,False,False,POR,False,False
1976,0.2762430939226519,10861.0,9621.97,False,False,False,False,False,False,False,POR,False,False
1980,0.0,12822.0,9777.8,False,False,False,False,False,False,False,POR,False,False
1984,0.3740648379052369,12894.0,9885.387,False,False,False,False,False,False,False,POR,False,False
1988,0.1141552511415525,15729.0,9920.611,False,False,False,False,False,False,False,POR,False,False
1992,0.0,18598.5281107458,9890.64,False,False,False,False,False,False,False,POR,False,False
1996,0.23781212841854932,19939.3112914324,9991.11,False,False,False,False,False,False,False,POR,False,False
2000,0.21621621621621623,23372.0401422301,10215.47,False,False,False,False,False,False,False,POR,False,False
2004,0.3236245954692557,24142.7665709259,10408.07,False,False,False,False,False,False,False,POR,False,False
2008,0.20898641588296762,25590.8804355362,10481.83,False,False,False,False,False,False,False,POR,False,False
2012,0.10395010395010396,24211.4375382567,10438.75,False,False,False,False,False,False,False,POR,False,False
2016,0.10277492291880781,25568.6948248787,10250.82,False,False,False,False,False,False,False,POR,False,False
2020,0.3703703703703704,25700.283841675,10222.62,False,False,False,False,False,False,False,POR,False,False
2024,0.38314176245210724,29787.14642684924,10694.681,False,False,False,False,False,False,False,POR,False,False
1992,0.9174311926605505,2120.54612462779,21182.0,False,False,False,False,False,False,True,PRK,False,False
1996,0.5945303210463734,1733.09950574924,22324.0,False,False,False,False,False,False,True,PRK,False,False
2000,0.43243243243243246,1657.14443577225,22785.0,False,False,False,False,False,False,True,PRK,False,False
2004,0.5393743257820928,1753.69193369254,23477.0,False,False,False,False,False,False,True,PRK,False,False
2008,0.6269592476489028,1794.65737167766,24051.0,False,False,False,False,False,False,True,PRK,False,False
2012,0.6237006237006237,1770.92094154285,24589.0,False,False,False,False,False,False,True,PRK,False,False
2016,0.7194244604316548,1821.21208790605,25115.0,False,False,False,False,False,False,True,PRK,False,False
1952,0.0,3730.0,2227.0,False,False,False,False,False,False,False,PUR,False,False
1956,0.0,4525.0,2249.0,False,False,False,False,False,False,False,PUR,False,False
1960,0.0,5451.0,2358.0,False,False,False,False,False,False,False,PUR,False,False
1964,0.0,7012.0,2552.0,False,False,False,False,False,False,False,PUR,False,False
1968,0.0,8705.0,2674.0,False,False,False,False,False,False,False,PUR,False,False
1972,0.0,11046.0,2847.0,False,False,False,False,False,False,False,PUR,False,False
1976,0.13812154696132595,11308.0,3026.0,False,False,False,False,False,False,False,PUR,False,False
1980,0.0,13040.0,3210.0,False,False,False,False,False,False,False,PUR,False,False
1984,0.24937655860349126,13201.0,3350.0,False,False,False,False,False,False,False,PUR,False,False
1988,0.0,15701.0,3475.0,False,False,False,False,False,False,False,PUR,False,False
1992,0.10193679918450561,18290.7323120593,3585.0,False,False,False,False,False,False,False,PUR,False,False
1996,0.11890606420927466,21856.0174362912,3725.0,False,False,False,False,False,False,False,PUR,False,False
2000,0.0,27392.4588351012,3811.0,False,False,False,False,False,False,False,PUR,False,False
2004,0.0,32110.8369560604,3827.0,False,False,False,False,False,False,False,PUR,False,False
2008,0.0,32604.0900621038,3761.0,False,False,False,False,False,False,False,PUR,False,False
2012,0.2079002079002079,34395.0,3636.0,False,False,False,False,False,False,False,PUR,False,False
2016,0.10277492291880781,35594.5219528839,3411.0,False,False,False,False,False,False,False,PUR,False,False
2020,0.0925925925925926,33787.3982257393,3247.27517265518,False,False,False,False,False,False,False,PUR,False,False
2024,0.19157088122605362,36860.6232692467,3203.295,False,False,False,False,False,False,False,PUR,False,False
1984,0.0,20354.0,324.468,False,False,False,False,False,False,False,QAT,False,False
1988,0.0,12492.0,413.461,False,False,False,False,False,False,False,QAT,False,False
1992,0.10193679918450561,15042.1231591104,477.12,False,False,False,False,False,False,False,QAT,False,False
1996,0.0,22395.2638874842,540.24,False,False,False,False,False,False,False,QAT,False,False
2000,0.10810810810810811,45788.122704193,658.68,False,False,False,False,False,False,False,QAT,False,False
2004,0.0,74372.9325180593,849.69,False,False,False,False,False,False,False,QAT,False,False
2008,0.0,107402.056105853,1459.76,False,False,False,False,False,False,False,QAT,False,False
2012,0.2079002079002079,154339.816050374,2009.57,False,False,False,False,False,False,False,QAT,False,False
2016,0.10277492291880781,160051.235409427,2326.2,False,False,False,False,False,False,False,QAT,False,False
2020,0.2777777777777778,143118.523743067,2519.01,False,False,False,False,False,False,False,QAT,False,False
2024,0.09578544061302681,144165.3231202167,2857.822,False,False,False,False,False,False,False,QAT,False,False
1900,0.0,1406.82067086439,11000.0,False,False,False,False,False,False,True,ROU,False,False
1924,0.22522522522522523,1386.23305129076,13020.0,False,False,False,False,False,False,True,ROU,False,False
1928,0.0,1477.73358272909,13760.0,False,False,False,False,False,False,True,ROU,False,False
1932,0.0,1413.68321072226,14554.0,False,False,False,False,False,False,True,ROU,False,False
1936,0.21141649048625794,1585.24670716914,15256.0,False,False,False,False,False,False,True,ROU,False,False
1952,0.7633587786259541,2124.85637527654,16630.0,False,False,False,False,False,False,True,ROU,False,False
1956,2.41635687732342,2587.60262286402,17583.0,False,False,False,False,False,False,True,ROU,False,False
1960,1.8450184501845017,2938.8025721958,18403.414,False,False,False,False,False,False,True,ROU,False,False
1964,1.9867549668874174,3599.46696361023,18927.081,False,False,False,False,False,False,True,ROU,False,False
1968,2.3771790808240887,4366.12022001875,19720.984,False,False,False,False,False,False,True,ROU,False,False
1972,2.269503546099291,5413.41779052776,20662.648,False,False,False,False,False,False,True,ROU,False,False
1976,3.7292817679558015,6243.14631944519,21445.698,False,False,False,False,False,False,True,ROU,False,False
1980,3.351206434316354,6591.63651394997,22130.036,False,False,False,False,False,False,True,ROU,False,False
1984,6.483790523690773,6659.45404351327,22453.788,False,False,False,False,False,False,True,ROU,False,False
1988,2.73972602739726,6511.95610906519,22768.897,False,False,False,False,False,False,True,ROU,False,False
1992,1.834862385321101,4818.30439775258,22797.03,False,False,False,False,False,False,True,ROU,False,False
1996,2.2592152199762188,6476.47447539912,22622.47,False,False,False,False,False,False,True,ROU,False,False
2000,2.810810810810811,7089.94612573642,22262.41,False,False,False,False,False,False,True,ROU,False,False
2004,2.0496224379719528,10531.1718022169,21704.23,False,False,False,False,False,False,True,ROU,False,False
2008,0.8359456635318705,16347.3435343349,20779.48,False,False,False,False,False,False,True,ROU,False,False
2012,0.9355509355509356,17580.9323000955,20296.19,False,False,False,False,False,False,True,ROU,False,False
2016,0.41109969167523125,19825.6025546891,19938.27,False,False,False,False,False,False,True,ROU,False,False
2020,0.3703703703703704,24799.7118328902,19496.17,False,False,False,False,False,False,True,ROU,False,False
2024,0.8620689655172413,27030.09018283067,19051.804,False,False,False,False,False,False,True,ROU,False,False
1952,1.9083969465648856,4175.0,14264.935,False,False,False,False,False,False,False,RSA,False,False
1956,0.7434944237918215,4645.0,15755.233,False,False,False,False,False,False,False,RSA,False,False
1960,0.5535055350553505,4847.0,17416.653,False,False,False,False,False,False,False,RSA,False,False
1992,0.20387359836901123,5901.98447170031,40421.53,False,False,False,False,False,False,False,RSA,False,False
1996,0.5945303210463734,6725.79093583259,44144.7,False,False,False,False,False,False,False,RSA,False,False
2000,0.5405405405405406,7582.77814341639,46958.0,False,False,False,False,False,False,False,RSA,False,False
2004,0.6472491909385114,8877.92099152592,49478.46,False,False,False,False,False,False,False,RSA,False,False
2008,0.10449320794148381,10977.1467973144,52077.36,False,False,False,False,False,False,False,RSA,False,False
2012,0.6237006237006237,11938.2253602724,55356.05,False,False,False,False,False,False,False,RSA,False,False
2016,1.027749229188078,11908.1114036069,58830.32,False,False,False,False,False,False,False,RSA,False,False
2020,0.2777777777777778,10839.1330806975,62354.78,False,False,False,False,False,False,False,RSA,False,False
2024,0.5747126436781609,11275.054652587527,64007.187,False,False,False,False,False,False,False,RSA,False,False
1996,7.491082045184304,8479.38077559598,148163.72,False,False,False,False,False,False,True,RUS,False,False
2000,9.621621621621621,10552.8846095804,146600.43,False,False,False,False,False,False,True,RUS,False,False
2004,9.70873786407767,14880.9787045091,144070.82,False,False,False,False,False,False,True,RUS,False,False
2008,7.523510971786834,21563.4619154372,142745.83,False,False,False,False,False,False,True,RUS,False,False
2012,8.523908523908524,24020.3111837986,143205.19,False,False,False,False,False,False,True,RUS,False,False
2016,5.755395683453238,23610.3688230742,146678.1,False,False,False,False,False,False,True,RUS,False,False
2020,6.5740740740740735,24625.3843682691,146463.36,False,False,False,False,False,False,True,RUS,False,False
1984,0.0,1597.0,5828.738,False,False,False,False,False,False,False,RWA,False,False
1988,0.0,1538.0,6587.74,False,False,False,False,False,False,False,RWA,False,False
1992,0.0,1301.68900792678,7329.21,False,False,False,False,False,False,False,RWA,False,False
1996,0.0,976.407910612693,6334.89,False,False,False,False,False,False,False,RWA,False,False
2000,0.0,1023.61822713066,7867.75,False,False,False,False,False,False,False,RWA,False,False
2004,0.0,1159.02810839957,8467.88,False,False,False,False,False,False,False,RWA,False,False
2008,0.0,1364.74501289332,9290.01,False,False,False,False,False,False,False,RWA,False,False
2012,0.0,1528.55195947096,10271.2,False,False,False,False,False,False,False,RWA,False,False
2016,0.0,1774.9014560703,11344.4,False,False,False,False,False,False,False,RWA,False,False
1964,0.0,2389.0,3636.138,False,False,False,False,False,False,False,SEN,False,False
1968,0.0,2389.0,4073.826,False,False,False,False,False,False,False,SEN,False,False
1972,0.0,2289.0,4588.696,False,False,False,False,False,False,False,SEN,False,False
1976,0.0,2370.0,5100.499,False,False,False,False,False,False,False,SEN,False,False
1980,0.0,2021.0,5787.32,False,False,False,False,False,False,False,SEN,False,False
1984,0.0,1989.0,6573.248,False,False,False,False,False,False,False,SEN,False,False
1988,0.1141552511415525,2085.0,7464.761,False,False,False,False,False,False,False,SEN,False,False
1992,0.0,1942.92672653003,8448.71,False,False,False,False,False,False,False,SEN,False,False
1996,0.0,1866.34228502269,9356.96,False,False,False,False,False,False,False,SEN,False,False
2000,0.0,1983.52404748961,10304.7,False,False,False,False,False,False,False,SEN,False,False
2004,0.0,2074.95381162079,11498.25,False,False,False,False,False,False,False,SEN,False,False
2008,0.0,2146.79146464314,12978.49,False,False,False,False,False,False,False,SEN,False,False
2012,0.0,2141.3882665162,14668.23,False,False,False,False,False,False,False,SEN,False,False
2016,0.0,2335.86530126743,16548.85,False,False,False,False,False,False,False,SEN,False,False
1980,0.0,6424.0,64.0,False,False,False,False,False,False,False,SEY,False,False
1984,0.0,6030.0,66.0,False,False,False,False,False,False,False,SEY,False,False
1992,0.0,9304.80806777371,73.0,False,False,False,False,False,False,False,SEY,False,False
1996,0.0,10468.9905824266,76.0,False,False,False,False,False,False,False,SEY,False,False
2000,0.0,14379.8320383995,79.0,False,False,False,False,False,False,False,SEY,False,False
2004,0.0,13735.8975558394,83.0,False,False,False,False,False,False,False,SEY,False,False
2008,0.0,18687.3909992838,87.0,False,False,False,False,False,False,False,SEY,False,False
2012,0.0,22130.0,90.0,False,False,False,False,False,False,False,SEY,False,False
2016,0.0,28588.6029786127,93.0,False,False,False,False,False,False,False,SEY,False,False
1952,0.0,2342.0,1127.0,False,False,False,False,False,False,False,SGP,False,False
1956,0.0,3241.0,1371.6,False,False,False,False,False,False,False,SGP,False,False
1960,0.18450184501845018,3464.0,1646.4,False,False,False,False,False,False,False,SGP,False,False
1968,0.0,5294.0,2012.0,False,False,False,False,False,False,False,SGP,False,False
1972,0.0,8155.0,2152.4,False,False,False,False,False,False,False,SGP,False,False
1976,0.0,10178.0,2293.3,False,False,False,False,False,False,False,SGP,False,False
1984,0.0,16767.0,2743.297,False,False,False,False,False,False,False,SGP,False,False
1988,0.0,19853.0,2869.266,False,False,False,False,False,False,False,SGP,False,False
1992,0.0,24775.5711919494,3231.11,False,False,False,False,False,False,False,SGP,False,False
1996,0.0,32724.4875328756,3671.12,False,False,False,False,False,False,False,SGP,False,False
2000,0.0,37772.7596926971,4028.13,False,False,False,False,False,False,False,SGP,False,False
2004,0.0,42111.1662234909,4167.14,False,False,False,False,False,False,False,SGP,False,False
2008,0.10449320794148381,52180.1731759185,4839.16,False,False,False,False,False,False,False,SGP,False,False
2012,0.2079002079002079,62855.5234633307,5312.17,False,False,False,False,False,False,False,SGP,False,False
2016,0.10277492291880781,69211.0465967401,5607.18,False,False,False,False,False,False,False,SGP,False,False
2024,0.09578544061302681,79717.29721105788,6036.86,False,False,False,False,False,False,False,SGP,False,False
1968,0.0,1420.0,2704.0,False,False,False,False,False,False,False,SLE,False,False
1980,0.0,1584.0,3335.0,False,False,False,False,False,False,False,SLE,False,False
1984,0.0,1608.0,3623.0,False,False,False,False,False,False,False,SLE,False,False
1988,0.0,1626.0,3968.0,False,False,False,False,False,False,False,SLE,False,False
1992,0.0,1354.96819689212,4246.0,False,False,False,False,False,False,False,SLE,False,False
1996,0.0,1060.56242298435,3811.0,False,False,False,False,False,False,False,SLE,False,False
2000,0.0,828.793864301684,3809.0,False,False,False,False,False,False,False,SLE,False,False
2004,0.0,1197.15292990557,4602.0,False,False,False,False,False,False,False,SLE,False,False
2008,0.0,1363.48755538923,5023.0,False,False,False,False,False,False,False,SLE,False,False
2012,0.0,1665.0,5486.0,False,False,False,False,False,False,False,SLE,False,False
2016,0.0,1622.42034698104,6019.0,False,False,False,False,False,False,False,SLE,False,False
1992,0.20387359836901123,15462.7101618003,1999.21,False,False,True,False,False,True,False,SLO,False,False
1996,0.23781212841854932,18376.2462010584,2004.0,False,False,False,False,False,False,False,SLO,False,False
2000,0.21621621621621623,21501.3367278983,2003.54,False,False,False,False,False,False,False,SLO,False,False
2004,0.4314994606256742,24150.5840374106,2011.47,False,False,False,False,False,True,False,SLO,False,False
2008,0.522466039707419,28473.5957291968,2036.34,False,False,False,False,False,False,False,SLO,False,False
2012,0.4158004158004158,25269.2323059742,2071.39,False,False,False,False,False,True,False,SLO,False,False
2016,0.41109969167523125,27004.7160998092,2079.31,False,False,False,False,False,False,False,SLO,False,False
2020,0.4629629629629629,28733.3025521436,2117.75,False,False,False,False,False,False,False,SLO,False,False
2024,0.28735632183908044,33784.070001181,2127.4,False,False,True,False,False,True,False,SLO,False,False
2008,0.3134796238244514,11650.228005412,7419.01,False,False,False,False,False,False,False,SRB,False,False
2012,0.4158004158004158,12438.2559125303,7268.89,False,False,False,False,False,False,False,SRB,False,False
2016,0.8221993833504625,13518.9496981024,7124.37,False,False,False,False,False,False,False,SRB,False,False
2020,0.7407407407407408,15256.4210283038,6963.69,False,False,False,False,False,False,False,SRB,False,False
2024,0.4789272030651341,18657.4423092886,6586.476,False,False,False,False,False,False,False,SRB,False,False
1948,0.19801980198019803,1847.0,7244.0,False,False,False,False,False,False,False,SRI,False,False
1952,0.0,2093.0,7987.879,False,False,False,False,False,False,False,SRI,False,False
1956,0.0,2091.0,8917.01,False,False,False,False,False,False,False,SRI,False,False
1960,0.0,2064.0,9913.489,False,False,False,False,False,False,False,SRI,False,False
1964,0.0,2104.0,10995.616,False,False,False,False,False,False,False,SRI,False,False
1968,0.0,2291.0,12085.281,False,False,False,False,False,False,False,SRI,False,False
1972,0.0,2327.0,13116.399,False,False,False,False,False,False,False,SRI,False,False
1980,0.0,2917.0,15055.97,False,False,False,False,False,False,False,SRI,False,False
1984,0.0,3387.0,15976.917,False,False,False,False,False,False,False,SRI,False,False
1988,0.0,3633.0,16903.079,False,False,False,False,False,False,False,SRI,False,False
1992,0.0,4020.97417549933,17716.45,False,False,False,False,False,False,False,SRI,False,False
1996,0.0,5187.70882955078,18692.69,False,False,False,False,False,False,False,SRI,False,False
2000,0.10810810810810811,5841.0941387742,19609.64,False,False,False,False,False,False,False,SRI,False,False
2004,0.0,6191.96644316594,20528.7,False,False,False,False,False,False,False,SRI,False,False
2008,0.0,7622.40893241253,21315.43,False,False,False,False,False,False,False,SRI,False,False
2012,0.0,9599.04479397157,22120.31,False,False,False,False,False,False,False,SRI,False,False
2016,0.0,11236.1195233573,22898.68,False,False,False,False,False,False,False,SRI,False,False
1996,0.0,2221.05351968547,130.0,False,False,False,False,False,False,False,STP,False,False
2000,0.0,2218.81962079457,141.0,False,False,False,False,False,False,False,STP,False,False
2004,0.0,2408.76066405067,154.0,False,False,False,False,False,False,False,STP,False,False
2008,0.0,2925.88578119554,168.0,False,False,False,False,False,False,False,STP,False,False
2012,0.0,3217.0,183.0,False,False,False,False,False,False,False,STP,False,False
2016,0.0,3629.33815743989,198.0,False,False,False,False,False,False,False,STP,False,False
1960,0.0,1632.0,8320.62859528,False,False,False,False,False,False,False,SUD,False,False
1968,0.0,1471.0,10261.4571622751,False,False,False,False,False,False,False,SUD,False,False
1972,0.0,1400.0,11470.0589279118,False,False,False,False,False,False,False,SUD,False,False
1984,0.0,1404.0,17657.1642600594,False,False,False,False,False,False,False,SUD,False,False
1988,0.0,1282.0,19492.4545925282,False,False,False,False,False,False,False,SUD,False,False
1992,0.0,1336.05443252018,22068.64,False,False,False,False,False,False,False,SUD,False,False
1996,0.0,1551.8573888285,24441.7,False,False,False,False,False,False,False,SUD,False,False
2000,0.0,1951.46580110464,26770.57,False,False,False,False,False,False,False,SUD,False,False
2004,0.0,2461.30030002733,29321.34,False,False,False,False,False,False,False,SUD,False,False
2008,0.10449320794148381,3478.88758155617,32136.6,False,False,False,False,False,False,False,SUD,False,False
2012,0.0,2982.55927429635,35292.96,False,False,False,False,False,False,False,SUD,False,False
2016,0.0,3139.75024205745,39293.66,False,False,False,False,False,False,False,SUD,False,False
1896,2.5,5967.24507057932,3151.0,False,False,False,False,False,False,False,SUI,False,False
1900,3.0927835051546393,6611.77821356305,3300.0,False,False,False,False,False,False,False,SUI,False,False
1904,1.0752688172043012,6879.57492621256,3472.0,False,False,False,False,False,False,False,SUI,False,False
1906,3.571428571428571,7584.05690252644,3560.0,False,False,False,False,False,False,False,SUI,False,False
1908,0.0,7507.70959998377,3647.0,False,False,False,False,False,False,False,SUI,False,False
1912,0.31645569620253167,8311.78027545233,3819.0,False,False,False,False,False,False,False,SUI,False,False
1920,2.4663677130044843,7363.9596412385,3877.0,False,False,False,False,False,False,False,SUI,False,False
1924,5.63063063063063,8195.52064929545,3896.0,False,False,False,False,False,False,False,SUI,False,False
1928,4.282115869017632,9658.81387249873,3988.0,False,False,False,False,False,False,False,SUI,False,False
1932,0.24271844660194172,9752.44296534974,4102.0,False,False,False,False,False,False,False,SUI,False,False
1936,3.8054968287526427,9301.84625825247,4168.0,False,False,False,False,False,False,False,SUI,False,False
1948,4.356435643564356,11189.3430725298,4582.0,False,False,False,False,False,False,False,SUI,False,False
1952,2.6717557251908395,12016.308232061,4815.0,False,False,False,False,False,False,False,SUI,False,False
1956,0.18587360594795538,14507.0601800455,5045.0,False,False,False,False,False,False,False,SUI,False,False
1960,1.107011070110701,16358.3594046842,5362.0,False,False,False,False,False,False,False,SUI,False,False
1964,0.6622516556291391,19195.446462746,5887.0,False,False,False,False,False,False,False,SUI,False,False
1968,0.7923930269413629,21395.3863755189,6132.0,False,False,False,False,False,False,False,SUI,False,False
1972,0.425531914893617,25356.9109020439,6401.4,False,False,False,False,False,False,False,SUI,False,False
1976,0.5524861878453038,24752.9073088839,6333.313,False,False,False,False,False,False,False,SUI,False,False
1980,0.2680965147453083,27405.7302362483,6385.229,False,False,False,False,False,False,False,SUI,False,False
1984,0.997506234413965,28315.0825944092,6529.684,False,False,False,False,False,False,False,SUI,False,False
1988,0.45662100456621,32482.9076702734,6704.112,False,False,False,False,False,False,False,SUI,False,False
1992,0.10193679918450561,34356.8020946259,6984.31,False,False,False,False,False,False,False,SUI,False,False
1996,0.8323424494649228,36720.4904727663,7174.43,False,False,False,False,False,False,False,SUI,False,False
2000,0.9729729729729729,43251.1037536027,7295.66,False,False,False,False,False,False,False,SUI,False,False
2004,0.5393743257820928,47263.5967262545,7487.68,False,False,False,False,False,False,False,SUI,False,False
2008,0.7314524555903866,56054.8838155727,7737.76,False,False,False,False,False,False,False,SUI,False,False
2012,0.4158004158004158,58750.9384333805,8044.33,False,False,False,False,False,False,False,SUI,False,False
2016,0.7194244604316548,60647.6402593232,8423.05,False,False,False,False,False,False,False,SUI,False,False
2020,1.2037037037037037,60521.2626602176,8689.45,False,False,False,False,False,False,False,SUI,False,False
2024,0.7662835249042145,62947.5592250168,9005.582,False,False,False,False,False,False,False,SUI,False,False
1996,0.356718192627824,12622.9095750226,5337.76,False,False,False,False,False,False,False,SVK,False,False
2000,0.5405405405405406,13904.9853726498,5364.63,False,False,False,False,False,False,False,SVK,False,False
2004,0.6472491909385114,16570.8618948388,5346.41,False,False,False,False,False,True,False,SVK,False,False
2008,0.6269592476489028,22231.9881558054,5369.75,False,False,False,False,False,False,False,SVK,False,False
2012,0.4158004158004158,22745.2035926412,5370.13,False,False,False,False,False,True,False,SVK,False,False
2016,0.41109969167523125,25087.7139863877,5394.53,False,False,False,False,False,False,False,SVK,False,False
2020,0.3703703703703704,26468.2951047398,5424.04,False,False,False,False,False,False,False,SVK,False,False
2024,0.09578544061302681,28696.607400208646,5422.069,False,False,True,False,False,True,False,SVK,False,False
1896,0.0,3003.0,4941.0,False,False,False,False,False,False,False,SWE,False,False
1900,0.6872852233676976,3320.0,5117.0,False,False,False,False,False,False,False,SWE,False,False
1906,6.25,3830.0,5315.0,False,False,False,False,False,False,False,SWE,False,False
1908,7.8125,3959.0,5404.0,False,False,False,False,False,False,False,SWE,True,False
1912,20.569620253164558,4312.0,5583.0,True,False,False,False,False,False,False,SWE,False,False
1920,14.349775784753364,4788.0,5876.0,False,False,False,False,False,False,False,SWE,False,True
1924,6.531531531531531,5365.0,6021.0,False,False,False,False,False,False,False,SWE,False,False
1928,6.297229219143577,6113.0,6097.0,False,False,False,False,False,False,False,SWE,False,False
1932,5.825242718446602,6325.0,6176.0,False,False,False,False,False,False,False,SWE,False,False
1936,4.439746300211417,7396.0,6259.0,False,False,False,False,False,False,False,SWE,False,False
1948,9.108910891089108,9822.0,6883.0,False,False,False,False,False,False,False,SWE,False,False
1952,6.679389312977099,11152.0,7125.0,False,False,False,False,False,False,False,SWE,False,False
1956,3.5315985130111525,12428.0,7315.0,False,False,False,False,False,False,False,SWE,False,False
1960,1.107011070110701,13849.0,7480.0,False,False,False,False,False,False,False,SWE,False,False
1964,1.3245033112582782,16761.0,7661.0,False,False,False,False,False,False,False,SWE,False,False
1968,0.6339144215530903,18428.0,7912.0,False,False,False,False,False,False,False,SWE,False,False
1972,2.269503546099291,20725.0,8122.0,False,False,False,False,False,False,False,SWE,False,False
1976,0.6906077348066298,22765.0,8222.0,False,False,False,False,False,False,False,SWE,False,False
1980,1.6085790884718498,23809.0,8310.0,False,False,False,False,False,False,False,SWE,False,False
1984,2.369077306733167,25357.0,8337.0,False,False,False,False,False,False,False,SWE,False,False
1988,1.2557077625570776,27468.0,8436.0,False,False,False,False,False,False,False,SWE,False,False
1992,1.2232415902140672,27198.5287166901,8668.0,False,False,False,False,False,False,False,SWE,False,False
1996,0.9512485136741973,29012.1047002605,8841.1,False,False,False,False,False,False,False,SWE,False,False
2000,1.2972972972972971,34202.6042369012,8872.2,False,False,False,False,False,False,False,SWE,False,False
2004,0.7551240560949299,38016.0634678384,8993.6,False,False,False,False,False,False,False,SWE,False,False
2008,0.522466039707419,42189.9639876837,9219.74,False,False,False,False,False,False,False,SWE,False,False
2012,0.8316008316008316,41523.1432786696,9519.48,False,False,False,False,False,False,False,SWE,False,False
2016,1.1305241521068858,44131.0319723809,9923.2,False,False,False,False,False,False,False,SWE,False,False
2020,0.8333333333333334,44128.3319669478,10353.56,False,False,False,False,False,False,False,SWE,False,False
2024,1.053639846743295,47044.34366057916,10569.709,False,False,False,False,False,False,False,SWE,False,False
1972,0.0,1889.0,480.105,False,False,False,False,False,False,False,SWZ,False,False
1984,0.0,2858.0,696.517,False,False,False,False,False,False,False,SWZ,False,False
1988,0.0,3492.0,815.127,False,False,False,False,False,False,False,SWZ,False,False
1992,0.0,3901.40008027315,956.68,False,False,False,False,False,False,False,SWZ,False,False
1996,0.0,4514.54908961906,1018.491,False,False,False,False,False,False,False,SWZ,False,False
2000,0.0,4894.52073798417,1031.828,False,False,False,False,False,False,False,SWZ,False,False
2004,0.0,5559.47008346137,1024.634,False,False,False,False,False,False,False,SWZ,False,False
2008,0.0,6791.39216467607,1016.974,False,False,False,False,False,False,False,SWZ,False,False
2012,0.0,7552.0,1031.925,False,False,False,False,False,False,False,SWZ,False,False
2016,0.0,7993.14950571139,1069.06,False,False,False,False,False,False,False,SWZ,False,False
1968,0.0,5270.0,5867.053,False,False,False,False,False,False,False,SYR,False,False
1972,0.0,7243.0,6701.172,False,False,False,False,False,False,False,SYR,False,False
1980,0.0,10374.0,8773.582,False,False,False,False,False,False,False,SYR,False,False
1984,0.12468827930174563,9792.0,10114.082,False,False,False,False,False,False,False,SYR,False,False
1988,0.0,9913.0,11632.19,False,False,False,False,False,False,False,SYR,False,False
1992,0.0,10002.275987573,13243.44,False,False,False,False,False,False,False,SYR,False,False
1996,0.11890606420927466,9517.3721795319,14749.97,False,False,False,False,False,False,False,SYR,False,False
2000,0.0,7668.07165178925,16329.3,False,False,False,False,False,False,False,SYR,False,False
2004,0.10787486515641855,7051.42847759348,17941.8,False,False,False,False,False,False,False,SYR,False,False
2008,0.0,6600.37871990147,21220.64,False,False,False,False,False,False,False,SYR,False,False
2012,0.0,4443.68592877888,22258.03,False,False,False,False,False,False,False,SYR,False,False
2016,0.0,3380.55344383095,17669.14,False,False,False,False,False,False,False,SYR,False,False
2020,0.0925925925925926,2903.73983553172,19241.48,False,False,False,False,False,False,False,SYR,False,False
1964,0.0,787.0,11521.695,False,False,False,False,False,False,False,TAN,False,False
1968,0.0,894.0,12988.137,False,False,False,False,False,False,False,TAN,False,False
1972,0.0,945.0,14706.593,False,False,False,False,False,False,False,TAN,False,False
1980,0.2680965147453083,958.0,18665.062,False,False,False,False,False,False,False,TAN,False,False
1984,0.0,870.0,20984.094,False,False,False,False,False,False,False,TAN,False,False
1988,0.0,867.0,23763.758,False,False,False,False,False,False,False,TAN,False,False
1992,0.0,895.480598700604,26697.6,False,False,False,False,False,False,False,TAN,False,False
1996,0.0,979.730435078623,30291.33,False,False,False,False,False,False,False,TAN,False,False
2000,0.0,1148.68017009953,33953.49,False,False,False,False,False,False,False,TAN,False,False
2004,0.0,1464.38536693869,38167.0,False,False,False,False,False,False,False,TAN,False,False
2008,0.0,1848.17452737512,42741.37,False,False,False,False,False,False,False,TAN,False,False
2012,0.0,2271.46429693781,47965.47,False,False,False,False,False,False,False,TAN,False,False
2016,0.0,2592.661946216,54336.3,False,False,False,False,False,False,False,TAN,False,False
1920,0.4484304932735426,3081.0,12979.0,False,False,False,False,False,False,False,TCH,False,False
1924,2.2522522522522523,3751.0,13413.0,False,False,False,False,False,False,False,TCH,False,False
1928,2.2670025188916876,4745.0,13807.0,False,False,False,False,False,False,False,TCH,False,False
1932,1.4563106796116505,4272.0,14138.0,False,False,False,False,False,False,False,TCH,False,False
1936,1.9027484143763214,4143.0,14387.0,False,False,False,False,False,False,False,TCH,False,False
1948,2.178217821782178,4922.0,12339.0,False,False,False,False,False,False,False,TCH,False,False
1952,2.480916030534351,5735.0,12683.0,False,False,False,False,False,False,False,TCH,False,False
1956,1.1152416356877324,6551.0,13229.0,False,False,False,False,False,False,False,TCH,False,False
1960,1.4760147601476015,8142.0,13654.0,False,False,False,False,False,False,False,TCH,False,False
1964,2.3178807947019866,8563.0,14052.0,False,False,False,False,False,False,False,TCH,False,False
1968,2.0602218700475436,9919.0,14323.0,False,False,False,False,False,False,False,TCH,False,False
1972,1.1347517730496455,10932.0,14456.0,False,False,False,False,False,False,False,TCH,False,False
1976,1.1049723756906076,11893.0,14884.0,False,False,False,False,False,False,False,TCH,False,False
1980,1.876675603217158,12723.0,15255.0,False,False,False,False,False,False,False,TCH,False,False
1988,0.91324200913242,13882.0,15537.0,False,False,False,False,False,False,False,TCH,False,False
1992,0.7135575942915392,11742.929170063,15536.37,False,False,False,False,False,False,False,TCH,False,False
1952,0.0,1385.0,21289.402,False,False,False,False,False,False,False,THA,False,False
1956,0.0,1482.0,24244.475,False,False,False,False,False,False,False,THA,False,False
1960,0.0,1718.0,27512.75,False,False,False,False,False,False,False,THA,False,False
1964,0.0,1991.0,31106.615,False,False,False,False,False,False,False,THA,False,False
1968,0.0,2488.0,35028.438,False,False,False,False,False,False,False,THA,False,False
1972,0.0,2786.0,39276.153,False,False,False,False,False,False,False,THA,False,False
1976,0.13812154696132595,3333.0,43221.022,False,False,False,False,False,False,False,THA,False,False
1984,0.12468827930174563,4720.0,50533.778,False,False,False,False,False,False,False,THA,False,False
1988,0.1141552511415525,6089.0,53683.427,False,False,False,False,False,False,False,THA,False,False
1992,0.10193679918450561,8409.0209422082,56306.7,False,False,False,False,False,False,False,THA,False,False
1996,0.23781212841854932,10458.3586098259,58449.96,False,False,False,False,False,False,False,THA,False,False
2000,0.3243243243243243,9627.10431781556,60165.31,False,False,False,False,False,False,False,THA,False,False
2004,0.8629989212513484,11408.3257048843,62425.1,False,False,False,False,False,False,False,THA,False,False
2008,0.41797283176593525,12768.1290769284,64380.68,False,False,False,False,False,False,False,THA,False,False
2012,0.31185031185031187,14202.2506555619,65969.88,False,False,False,False,False,False,False,THA,False,False
2016,0.6166495375128468,15411.5337959337,67250.33,False,False,False,False,False,False,False,THA,False,False
2020,0.1851851851851852,15815.9148595292,68180.23,False,False,False,False,False,False,False,THA,False,False
2024,0.5747126436781609,17194.361119539284,71668.011,False,False,False,False,False,False,False,THA,False,False
1996,0.0,1559.52118921367,5764.0,False,False,False,False,False,False,True,TJK,False,False
2000,0.0,1723.35632964691,6229.31,False,False,False,False,False,False,True,TJK,False,False
2004,0.0,2301.29208623307,6688.02,False,False,False,False,False,False,True,TJK,False,False
2008,0.20898641588296762,2801.77617916365,7210.76,False,False,False,False,False,False,True,TJK,False,False
2012,0.10395010395010396,3283.90928244405,7764.62,False,False,False,False,False,False,True,TJK,False,False
2016,0.10277492291880781,3978.55576993459,8322.2,False,False,False,False,False,False,True,TJK,False,False
2024,0.28735632183908044,6216.19159769286,10590.927,False,False,False,False,False,False,True,TJK,False,False
1996,0.0,3226.98483638665,4142.14,False,False,False,False,False,False,True,TKM,False,False
2000,0.0,4173.19459953499,4384.94,False,False,False,False,False,False,True,TKM,False,False
2004,0.0,7781.74382479198,4607.91,False,False,False,False,False,False,True,TKM,False,False
2008,0.0,12426.718788804,4828.41,False,False,False,False,False,False,True,TKM,False,False
2012,0.0,17333.7278215815,5052.65,False,False,False,False,False,False,True,TKM,False,False
2016,0.0,17484.6455086984,5286.59,False,False,False,False,False,False,True,TKM,False,False
2020,0.0925925925925926,16580.840638802,5521.99,False,False,False,False,False,False,True,TKM,False,False
1972,0.0,1709.0,2080.0,False,False,False,False,False,False,False,TOG,False,False
1984,0.0,1239.0,3022.0,False,False,False,False,False,False,False,TOG,False,False
1988,0.0,1239.0,3475.0,False,False,False,False,False,False,False,TOG,False,False
1992,0.0,1181.87126506398,3973.0,False,False,False,False,False,False,False,TOG,False,False
1996,0.0,1215.73997885394,4402.0,False,False,False,False,False,False,False,TOG,False,False
2000,0.0,1150.36591070506,4992.0,False,False,False,False,False,False,False,TOG,False,False
2004,0.0,1121.80584889235,5578.0,False,False,False,False,False,False,False,TOG,False,False
2008,0.10449320794148381,1150.35785293882,6220.0,False,False,False,False,False,False,False,TOG,False,False
2012,0.0,1263.0,6961.0,False,False,False,False,False,False,False,TOG,False,False
2016,0.0,1412.98781157171,7757.0,False,False,False,False,False,False,False,TOG,False,False
1956,0.0,1926.0,9341.0,False,False,False,False,False,False,False,TPE,False,False
1960,0.18450184501845018,2157.0,10861.0,False,False,False,False,False,False,False,TPE,False,False
1964,0.0,2676.0,12385.0,False,False,False,False,False,False,False,TPE,False,False
1968,0.15847860538827258,3484.0,13918.0,False,False,False,False,False,False,False,TPE,False,False
1972,0.0,4962.0,15168.0,False,False,False,False,False,False,False,TPE,False,False
1984,0.12468827930174563,10394.0,18918.0,False,False,False,False,False,False,False,TPE,False,False
1988,0.0,14183.0,19752.0,False,False,False,False,False,False,False,TPE,False,False
1992,0.10193679918450561,18101.33184019,20578.81,False,False,False,False,False,False,False,TPE,False,False
1996,0.11890606420927466,22390.0519078282,21345.28,False,False,False,False,False,False,False,TPE,False,False
2000,0.5405405405405406,26787.4456724356,22068.32,False,False,False,False,False,False,False,TPE,False,False
2004,0.5393743257820928,29975.1378251336,22527.75,False,False,False,False,False,False,False,TPE,False,False
2008,0.41797283176593525,34762.3673061918,22852.0,False,False,False,False,False,False,False,TPE,False,False
2012,0.2079002079002079,39291.1839186158,23116.9,False,False,False,False,False,False,False,TPE,False,False
2016,0.3083247687564234,43262.193509298,23357.18,False,False,False,False,False,False,False,TPE,False,False
2020,1.1111111111111112,48779.4386865065,23439.58,False,False,False,False,False,False,False,TPE,False,False
1952,0.38167938931297707,6282.0,662.85,False,False,False,False,False,False,False,TTO,False,False
1956,0.0,8064.0,742.5,False,False,False,False,False,False,False,TTO,False,False
1964,0.49668874172185434,10841.0,923.887,False,False,False,False,False,False,False,TTO,False,False
1968,0.0,12248.0,963.086,False,False,False,False,False,False,False,TTO,False,False
1972,0.0,13753.0,975.199,False,False,False,False,False,False,False,TTO,False,False
1976,0.13812154696132595,15696.0,1021.48,False,False,False,False,False,False,False,TTO,False,False
1980,0.0,19734.0,1090.513,False,False,False,False,False,False,False,TTO,False,False
1984,0.0,17680.0,1169.0,False,False,False,False,False,False,False,TTO,False,False
1988,0.0,14198.0,1238.0,False,False,False,False,False,False,False,TTO,False,False
1992,0.0,14195.951786892,1270.34,False,False,False,False,False,False,False,TTO,False,False
1996,0.23781212841854932,15004.2643265349,1291.81,False,False,False,False,False,False,False,TTO,False,False
2000,0.21621621621621623,19179.918727575,1303.29,False,False,False,False,False,False,False,TTO,False,False
2004,0.10787486515641855,25403.2691213553,1326.19,False,False,False,False,False,False,False,TTO,False,False
2008,0.20898641588296762,31434.3039014147,1351.84,False,False,False,False,False,False,False,TTO,False,False
2012,0.4158004158004158,30944.2217594101,1378.91,False,False,False,False,False,False,False,TTO,False,False
2016,0.10277492291880781,30158.1259186002,1404.68,False,False,False,False,False,False,False,TTO,False,False
1960,0.0,2141.0,4149.157,False,False,False,False,False,False,False,TUN,False,False
1964,0.33112582781456956,2533.0,4468.393,False,False,False,False,False,False,False,TUN,False,False
1968,0.31695721077654515,2766.0,4894.178,False,False,False,False,False,False,False,TUN,False,False
1972,0.14184397163120568,3645.0,5303.507,False,False,False,False,False,False,False,TUN,False,False
1976,0.0,4095.0,5859.294,False,False,False,False,False,False,False,TUN,False,False
1984,0.0,4890.0,7184.53,False,False,False,False,False,False,False,TUN,False,False
1988,0.0,4940.0,7898.56,False,False,False,False,False,False,False,TUN,False,False
1992,0.0,5789.95505292201,8529.4,False,False,False,False,False,False,False,TUN,False,False
1996,0.11890606420927466,6388.39398445291,9092.03,False,False,False,False,False,False,False,TUN,False,False
2000,0.0,7548.43784225814,9514.4,False,False,False,False,False,False,False,TUN,False,False
2004,0.0,8705.08413958555,9905.97,False,False,False,False,False,False,False,TUN,False,False
2008,0.10449320794148381,10294.921446404,10273.64,False,False,False,False,False,False,False,TUN,False,False
2012,0.31185031185031187,10750.8498218162,10736.9,False,False,False,False,False,False,False,TUN,False,False
2016,0.3083247687564234,11064.0237155029,11247.61,False,False,False,False,False,False,False,TUN,False,False
2020,0.1851851851851852,10354.2390963813,11680.79,False,False,False,False,False,False,False,TUN,False,False
2024,0.28735632183908044,10967.668897255568,12277.109,False,False,False,False,False,False,False,TUN,False,False
1924,0.0,1084.0,13968.0,False,False,False,False,False,False,False,TUR,False,False
1928,0.0,1361.0,14476.0,False,False,False,False,False,False,False,TUR,False,False
1932,0.0,1543.0,15414.0,False,False,False,False,False,False,False,TUR,False,False
1936,0.42283298097251587,2034.0,16434.0,False,False,False,False,False,False,False,TUR,False,False
1948,2.376237623762376,2098.0,20156.0,False,False,False,False,False,False,False,TUR,False,False
1952,0.5725190839694656,2522.0,22235.677,False,False,False,False,False,False,False,TUR,False,False
1956,1.3011152416356877,2777.0,24877.395,False,False,False,False,False,False,False,TUR,False,False
1960,1.6605166051660518,3041.0,28217.122,False,False,False,False,False,False,False,TUR,False,False
1964,0.9933774834437087,3453.0,31227.361,False,False,False,False,False,False,False,TUR,False,False
1968,0.31695721077654515,4122.0,34164.759,False,False,False,False,False,False,False,TUR,False,False
1972,0.14184397163120568,4929.0,37492.953,False,False,False,False,False,False,False,TUR,False,False
1976,0.0,6110.0,41471.745,False,False,False,False,False,False,False,TUR,False,False
1984,0.3740648379052369,6736.0,49839.742,False,False,False,False,False,False,False,TUR,False,False
1988,0.228310502283105,8019.0,54355.531,False,False,False,False,False,False,False,TUR,False,False
1992,0.6116207951070336,9150.43455900429,58475.45,False,False,False,False,False,False,False,TUR,False,False
1996,0.713436385255648,10644.6339797202,62256.76,False,False,False,False,False,False,False,TUR,False,False
2000,0.5405405405405406,11904.0081810757,65948.8,False,False,False,False,False,False,False,TUR,False,False
2004,1.186623516720604,13423.7946262089,69365.84,False,False,False,False,False,False,False,TUR,False,False
2008,0.7314524555903866,16182.7328044146,72909.09,False,False,False,False,False,False,False,TUR,False,False
2012,0.5197505197505198,18539.2219737781,77140.88,False,False,False,False,False,False,False,TUR,False,False
2016,0.8221993833504625,21937.1612967414,81350.1,False,False,False,False,False,False,False,TUR,False,False
2020,1.2037037037037037,23721.8804978406,85564.44,False,False,False,False,False,False,False,TUR,False,False
2024,0.7662835249042145,29511.777536465474,85518.661,False,False,False,False,False,False,False,TUR,False,False
1984,0.0,32135.0,1284.385,False,False,False,False,False,False,False,UAE,False,False
1988,0.0,20215.0,1622.747,False,False,False,False,False,False,False,UAE,False,False
1996,0.0,34042.7412728547,2577.67,False,False,False,False,False,False,False,UAE,False,False
2000,0.0,48888.0321474603,3283.64,False,False,False,False,False,False,False,UAE,False,False
2004,0.10787486515641855,64925.6714203607,3882.1,False,False,False,False,False,False,False,UAE,False,False
2008,0.0,63862.0848407714,7276.5,False,False,False,False,False,False,False,UAE,False,False
2012,0.0,66006.9973938294,8747.48,False,False,False,False,False,False,False,UAE,False,False
2016,0.10277492291880781,74292.9520428913,9587.25,False,False,False,False,False,False,False,UAE,False,False
1956,0.0,1100.0,6493.361,False,False,False,False,False,False,False,UGA,False,False
1960,0.0,1137.0,7261.862,False,False,False,False,False,False,False,UGA,False,False
1964,0.0,1251.0,8147.346,False,False,False,False,False,False,False,UGA,False,False
1968,0.31695721077654515,1304.0,9170.101,False,False,False,False,False,False,False,UGA,False,False
1972,0.28368794326241137,1364.0,10224.459,False,False,False,False,False,False,False,UGA,False,False
1980,0.13404825737265416,912.0,12414.719,False,False,False,False,False,False,False,UGA,False,False
1984,0.0,897.0,13919.514,False,False,False,False,False,False,False,UGA,False,False
1988,0.0,902.0,16176.418,False,False,False,False,False,False,False,UGA,False,False
1992,0.0,934.826261105848,18702.53,False,False,False,False,False,False,False,UGA,False,False
1996,0.11890606420927466,1091.52752640033,21269.68,False,False,False,False,False,False,False,UGA,False,False
2000,0.0,1191.95387984613,24194.8,False,False,False,False,False,False,False,UGA,False,False
2004,0.0,1364.68519311037,27413.94,False,False,False,False,False,False,False,UGA,False,False
2008,0.0,1679.39947788346,30647.21,False,False,False,False,False,False,False,UGA,False,False
2012,0.10395010395010396,1878.8959287812,34234.08,False,False,False,False,False,False,False,UGA,False,False
2016,0.0,1953.09652166495,39157.03,False,False,False,False,False,False,False,UGA,False,False
2020,0.3703703703703704,2032.26188240507,45119.75,False,False,False,False,False,False,False,UGA,False,False
2024,0.19157088122605362,2242.550807548747,50015.092,False,False,False,False,False,False,False,UGA,False,False
1996,2.7348394768133173,4636.62630920416,50813.39,False,False,False,False,False,False,True,UKR,False,False
2000,2.4864864864864864,5165.80815372985,49013.83,False,False,False,False,False,False,True,UKR,False,False
2004,2.373247033441208,8049.39537703245,47342.45,False,False,False,False,False,False,True,UKR,False,False
2008,2.8213166144200628,10824.07646107,46155.64,False,False,False,False,False,False,True,UKR,False,False
2012,2.079002079002079,10381.6381853513,45491.54,False,False,False,False,False,False,True,UKR,False,False
2016,1.1305241521068858,9221.60818646614,44207.71,False,False,False,False,False,False,True,UKR,False,False
2020,1.7592592592592593,9769.82794569084,43903.66,False,False,False,False,False,False,True,UKR,False,False
2024,1.1494252873563218,9172.626150266937,37860.221,False,False,False,False,False,False,True,UKR,False,False
1924,0.22522522522522523,4258.0,1498.0,False,False,False,False,False,False,False,URU,False,False
1928,0.2518891687657431,5176.0,1646.0,False,False,False,False,False,False,False,URU,False,False
1932,0.24271844660194172,4450.0,1770.0,False,False,False,False,False,False,False,URU,False,False
1936,0.0,4790.0,1889.0,False,False,False,False,False,False,False,URU,False,False
1948,0.39603960396039606,5853.0,2160.0,False,False,False,False,False,False,False,URU,False,False
1952,0.38167938931297707,7353.0,2252.965,False,False,False,False,False,False,False,URU,False,False
1956,0.18587360594795538,8225.0,2389.29,False,False,False,False,False,False,False,URU,False,False
1960,0.0,7643.0,2530.969,False,False,False,False,False,False,False,URU,False,False
1964,0.16556291390728478,7498.0,2663.61,False,False,False,False,False,False,False,URU,False,False
1968,0.0,7353.0,2776.607,False,False,False,False,False,False,False,URU,False,False
1972,0.0,7643.0,2829.526,False,False,False,False,False,False,False,URU,False,False
1976,0.0,8853.0,2861.0,False,False,False,False,False,False,False,URU,False,False
1984,0.0,8805.0,3008.0,False,False,False,False,False,False,False,URU,False,False
1988,0.0,10256.0,3068.0,False,False,False,False,False,False,False,URU,False,False
1992,0.0,11349.542004281,3136.53,False,False,False,False,False,False,False,URU,False,False
1996,0.0,12660.1626555037,3189.66,False,False,False,False,False,False,False,URU,False,False
2000,0.10810810810810811,13050.0639035873,3245.77,False,False,False,False,False,False,False,URU,False,False
2004,0.0,11955.3094385533,3284.75,False,False,False,False,False,False,False,URU,False,False
2008,0.0,14869.9266663094,3313.13,False,False,False,False,False,False,False,URU,False,False
2012,0.0,17776.0274914004,3344.93,False,False,False,False,False,False,False,URU,False,False
2016,0.0,19393.9819007856,3380.45,False,False,False,False,False,False,False,URU,False,False
1896,15.833333333333332,6885.6736,71161.0,False,False,False,False,False,False,False,USA,False,False
1900,18.556701030927837,8037.5712,76391.0,False,False,False,False,False,False,False,USA,True,False
1904,82.43727598566308,8663.6584,82485.0,True,False,False,False,False,False,False,USA,False,False
1906,10.267857142857142,9980.1128,85770.0,False,False,False,False,False,False,False,USA,False,True
1908,14.374999999999998,8975.97607347158,89055.0,False,False,False,False,False,False,False,USA,False,False
1912,19.936708860759495,9976.56705254048,95703.0,False,False,False,False,False,False,False,USA,False,False
1920,21.300448430493272,10152.927108763,106881.0,False,False,False,False,False,False,False,USA,False,False
1924,22.2972972972973,11126.7129834632,114558.0,False,False,False,False,False,False,False,USA,False,False
1928,14.105793450881613,11451.0689602393,120971.0,False,False,False,False,False,False,False,USA,True,False
1932,26.699029126213592,8380.50437668054,125436.0,True,False,False,False,False,False,False,USA,False,False
1936,12.050739957716702,10568.012351748,128681.0,False,False,False,False,False,False,False,USA,False,True
1948,16.633663366336634,14734.232124,147203.0,False,False,False,False,False,False,False,USA,False,False
1952,14.50381679389313,16444.0,157553.0,False,False,False,False,False,False,False,USA,False,False
1956,13.754646840148698,17397.0,168903.0,False,False,False,False,False,False,False,USA,False,False
1960,13.099630996309964,18057.0,180671.0,False,False,False,False,False,False,False,USA,False,False
1964,14.90066225165563,20360.0,191889.0,False,False,False,False,False,False,False,USA,False,False
1968,16.957210776545168,23691.0,200706.0,False,False,False,False,False,False,False,USA,False,False
1972,13.333333333333334,25414.0,209896.0,False,False,False,False,False,False,False,USA,False,False
1976,12.98342541436464,27058.0,218035.0,False,False,False,False,False,False,False,USA,True,False
1984,21.571072319201996,32076.0,236348.292,True,False,False,False,False,False,False,USA,False,False
1988,10.730593607305936,35863.0,245021.414,False,False,False,False,False,False,False,USA,False,True
1992,11.009174311926607,37240.2990340352,256514.0,False,False,False,False,False,False,False,USA,True,False
1996,12.009512485136742,40412.7510313364,269394.0,True,False,False,False,False,False,False,USA,False,False
2000,9.837837837837837,45886.470498289,282162.0,False,False,False,False,False,False,False,USA,False,True
2004,10.895361380798274,48492.7171226118,292805.0,False,False,False,False,False,False,False,USA,False,False
2008,11.494252873563218,50275.7463371433,304094.0,False,False,False,False,False,False,False,USA,False,False
2012,10.706860706860708,50436.4354973145,313878.0,False,False,False,False,False,False,False,USA,False,False
2016,12.435765673175746,53301.0150669515,323072.0,False,False,False,False,False,False,False,USA,False,False
2020,10.462962962962962,54379.2065124558,331512.0,False,False,False,False,False,False,False,USA,False,False
2024,12.068965517241379,60748.77541208376,340110.988,False,False,False,False,False,False,False,USA,False,False
1996,0.23781212841854932,4452.88187365317,23523.69,False,False,False,False,False,False,True,UZB,False,False
2000,0.43243243243243246,4667.25991024069,25041.64,False,False,False,False,False,False,True,UZB,False,False
2004,0.5393743257820928,5068.20862801946,26268.07,False,False,False,False,False,False,True,UZB,False,False
2008,0.6269592476489028,6278.27324306742,27347.11,False,False,False,False,False,False,True,UZB,False,False
2012,0.31185031185031187,7847.07458092857,28397.85,False,False,False,False,False,False,True,UZB,False,False
2016,1.3360739979445015,9845.35219226057,29479.53,False,False,False,False,False,False,True,UZB,False,False
2020,0.4629629629629629,11341.9194017277,30575.54,False,False,False,False,False,False,True,UZB,False,False
2024,1.2452107279693485,13660.939903698578,36361.859,False,False,False,False,False,False,True,UZB,False,False
1932,0.0,2635.0,3368.0,False,False,False,False,False,False,False,VEN,False,False
1948,0.0,7712.0,4656.0,False,False,False,False,False,False,False,VEN,False,False
1952,0.19083969465648853,9309.0,5439.568,False,False,False,False,False,False,False,VEN,False,False
1956,0.0,11136.0,6431.274,False,False,False,False,False,False,False,VEN,False,False
1960,0.18450184501845018,12116.0,7556.483,False,False,False,False,False,False,False,VEN,False,False
1964,0.0,14019.0,8752.058,False,False,False,False,False,False,False,VEN,False,False
1968,0.15847860538827258,14520.0,10041.225,False,False,False,False,False,False,False,VEN,False,False
1972,0.0,15135.0,11515.649,False,False,False,False,False,False,False,VEN,False,False
1976,0.13812154696132595,17174.0,13082.017,False,False,False,False,False,False,False,VEN,False,False
1980,0.13404825737265416,16270.0,14767.89,False,False,False,False,False,False,False,VEN,False,False
1984,0.3740648379052369,13597.0,16544.524,False,False,False,False,False,False,False,VEN,False,False
1988,0.0,14308.0,18378.534,False,False,False,False,False,False,False,VEN,False,False
1992,0.0,14901.6163547276,20202.87,False,False,False,False,False,False,False,VEN,False,False
1996,0.0,14211.8094140366,21927.75,False,False,False,False,False,False,False,VEN,False,False
2000,0.0,13992.6088079489,23600.76,False,False,False,False,False,False,False,VEN,False,False
2004,0.2157497303128371,13713.0452363689,25254.6,False,False,False,False,False,False,False,VEN,False,False
2008,0.10449320794148381,18019.090180914,27098.32,False,False,False,False,False,False,False,VEN,False,False
2012,0.10395010395010396,18486.4582027052,28722.1,False,False,False,False,False,False,False,VEN,False,False
2016,0.3083247687564234,13428.7885764867,29960.68,False,False,False,False,False,False,False,VEN,False,False
2020,0.3703703703703704,4952.52959463196,27870.5,False,False,False,False,False,False,False,VEN,False,False
1980,0.0,1207.0,53715.202,False,False,False,False,False,False,False,VIE,False,False
1988,0.0,1556.0,64211.347,False,False,False,False,False,False,False,VIE,False,False
1992,0.0,1792.67077363815,70031.62,False,False,False,False,False,False,False,VIE,False,False
1996,0.0,2323.04638353782,75095.72,False,False,False,False,False,False,False,VIE,False,False
2000,0.10810810810810811,2773.10163510792,79471.69,False,False,False,False,False,False,False,VIE,False,False
2004,0.0,3437.6644223215,83821.16,False,False,False,False,False,False,False,VIE,False,False
2008,0.10449320794148381,4200.23523093943,88252.63,False,False,False,False,False,False,False,VIE,False,False
2012,0.0,4987.96428728723,92720.42,False,False,False,False,False,False,False,VIE,False,False
2016,0.20554984583761562,6089.62318030299,97379.86,False,False,False,False,False,False,False,VIE,False,False
1992,0.0,3759.7182763328,13368.0,False,False,False,False,False,False,False,YEM,False,False
1996,0.0,3855.5720280988,15283.82,False,False,False,False,False,False,False,YEM,False,False
2000,0.0,4212.10545572376,17235.92,False,False,False,False,False,False,False,YEM,False,False
2004,0.0,4371.39558377315,19409.69,False,False,False,False,False,False,False,YEM,False,False
2008,0.0,4549.00898704836,21877.51,False,False,False,False,False,False,False,YEM,False,False
2012,0.0,4064.34230642927,24594.25,False,False,False,False,False,False,False,YEM,False,False
2016,0.0,2495.4993729405,27347.41,False,False,False,False,False,False,False,YEM,False,False
1920,0.0,1513.0,12422.0,False,False,False,False,False,False,True,YUG,False,False
1924,0.45045045045045046,1699.0,13180.0,False,False,False,False,False,False,True,YUG,False,False
1928,1.2594458438287155,1929.0,13986.0,False,False,False,False,False,False,True,YUG,False,False
1932,0.0,1655.0,14819.0,False,False,False,False,False,False,True,YUG,False,False
1936,0.21141649048625794,1863.0,15651.0,False,False,False,False,False,False,True,YUG,False,False
1948,0.39603960396039606,2273.0,15817.0,False,False,False,False,False,False,True,YUG,False,False
1952,0.5725190839694656,2125.0,16708.0,False,False,False,False,False,False,True,YUG,False,False
1956,0.5576208178438662,2560.0,17508.0,False,False,False,False,False,False,True,YUG,False,False
1960,0.36900369003690037,3778.0,18133.0,False,False,False,False,False,False,True,YUG,False,False
1964,0.8278145695364238,4941.0,18852.0,False,False,False,False,False,False,True,YUG,False,False
1968,1.2678288431061806,5523.0,19552.0,False,False,False,False,False,False,True,YUG,False,False
1972,0.7092198581560284,6948.0,20197.0,False,False,False,False,False,False,True,YUG,False,False
1976,1.1049723756906076,8207.0,20930.0,False,False,False,False,False,False,True,YUG,False,False
1980,1.2064343163538873,10037.0,21615.0,False,False,False,False,False,False,True,YUG,False,False
1984,2.2443890274314215,10029.0,22087.0,False,False,False,False,False,False,True,YUG,False,False
1988,1.36986301369863,9884.0,22536.0,False,False,False,False,False,False,True,YUG,False,False
1964,0.0,1588.0,3599.0,False,False,False,False,False,False,False,ZAM,False,False
1968,0.0,1741.0,4009.0,False,False,False,False,False,False,False,ZAM,False,False
1972,0.0,1761.0,4506.497,False,False,False,False,False,False,False,ZAM,False,False
1980,0.0,1452.0,5699.777,False,False,False,False,False,False,False,ZAM,False,False
1984,0.12468827930174563,1269.0,6567.207,False,False,False,False,False,False,False,ZAM,False,False
1988,0.0,1239.0,7517.299,False,False,False,False,False,False,False,ZAM,False,False
1992,0.0,1308.85164945522,8451.92,False,False,False,False,False,False,False,ZAM,False,False
1996,0.11890606420927466,1260.72619206876,9457.43,False,False,False,False,False,False,False,ZAM,False,False
2000,0.0,1428.5023540793,10648.5,False,False,False,False,False,False,False,ZAM,False,False
2004,0.0,1828.30986246116,11907.31,False,False,False,False,False,False,False,ZAM,False,False
2008,0.0,2504.75698144433,13412.32,False,False,False,False,False,False,False,ZAM,False,False
2012,0.0,3344.86517430286,15165.31,False,False,False,False,False,False,False,ZAM,False,False
2016,0.0,3476.85135349099,17139.89,False,False,False,False,False,False,False,ZAM,False,False
2024,0.09578544061302681,3457.0435403170827,21314.956,False,False,False,False,False,False,False,ZAM,False,False
1960,0.0,1495.0,4010.933,False,False,False,False,False,False,False,ZIM,False,False
1964,0.0,1519.0,4537.263,False,False,False,False,False,False,False,ZIM,False,False
1980,0.13404825737265416,2064.0,7169.968,False,False,False,False,False,False,False,ZIM,False,False
1984,0.0,2067.0,8241.214,False,False,False,False,False,False,False,ZIM,False,False
1988,0.0,2114.0,9560.047,False,False,False,False,False,False,False,ZIM,False,False
1992,0.0,1971.44557700488,10719.94,False,False,False,False,False,False,False,ZIM,False,False
1996,0.0,2292.4874652967,11404.98,False,False,False,False,False,False,False,ZIM,False,False
2000,0.0,2211.19619342415,12104.31,False,False,False,False,False,False,False,ZIM,False,False
2004,0.3236245954692557,1604.50302473472,12335.81,False,False,False,False,False,False,False,ZIM,False,False
2008,0.41797283176593525,1197.52606766824,12567.78,False,False,False,False,False,False,False,ZIM,False,False
2012,0.0,1749.85661223482,13036.17,False,False,False,False,False,False,False,ZIM,False,False
2016,0.0,1782.83012490987,13664.82,False,False,False,False,False,False,False,ZIM,False,False
