GDP pc 2011 prices,Afghanistan,Angola,Albania,United Arab Emirates,Argentina,Armenia,Australia,Austria,Azerbaijan,Burundi,Belgium,Benin,Burkina Faso,Bangladesh,Bulgaria,Bahrain,Bosnia and Herzegovina,Belarus,Bolivia (Plurinational State of),Brazil,Barbados,Botswana,Central African Republic,Canada,Switzerland,Chile,China,Côte d'Ivoire,Cameroon,D.R. of the Congo,Congo,Colombia,Comoros,Cabo Verde,Costa Rica,Czechoslovakia,Cuba,Cyprus,Czech Republic,Germany,Djibouti,Dominica,Denmark,Dominican Republic,Algeria,Ecuador,Egypt,Spain,Estonia,Ethiopia,Finland,France,Gabon,United Kingdom,Georgia,Ghana,Guinea,Gambia,Guinea-Bissau,Equatorial Guinea,Greece,Guatemala,"China, Hong Kong SAR",Honduras,Croatia,Haiti,Hungary,Indonesia,India,Ireland,Iran (Islamic Republic of),Iraq,Iceland,Israel,Italy,Jamaica,Jordan,Japan,Kazakhstan,Kenya,Kyrgyzstan,Cambodia,Republic of Korea,Kuwait,Lao People's DR,Lebanon,Liberia,Libya,Saint Lucia,Sri Lanka,Lesotho,Lithuania,Luxembourg,Latvia,Morocco,Republic of Moldova,Madagascar,Mexico,TFYR of Macedonia,Mali,Malta,Myanmar,Montenegro,Mongolia,Mozambique,Mauritania,Mauritius,Malawi,Malaysia,Namibia,Niger,Nigeria,Nicaragua,Netherlands,Norway,Nepal,New Zealand,Oman,Pakistan,Panama,Peru,Philippines,Poland,Puerto Rico,D.P.R. of Korea,Portugal,Paraguay,State of Palestine,Qatar,Romania,Russian Federation,Rwanda,Saudi Arabia,Sudan (Former),Senegal,Singapore,Sierra Leone,El Salvador,Serbia,Sao Tome and Principe,Former USSR,Slovakia,Slovenia,Sweden,Swaziland,Seychelles,Syrian Arab Republic,Chad,Togo,Thailand,Tajikistan,Turkmenistan,Trinidad and Tobago,Tunisia,Turkey,"Taiwan, Province of China",U.R. of Tanzania: Mainland,Uganda,Ukraine,Uruguay,United States,Uzbekistan,Venezuela (Bolivarian Republic of),Viet Nam,Yemen,Former Yugoslavia,South Africa,Zambia,Zimbabwe
Region,South and South East Asia,Sub Saharan Africa,Eastern Europe,Middle East and North Africa,Latin America,Eastern Europe,Western Offshoots,Western Europe,Eastern Europe,Sub Saharan Africa,Western Europe,Sub Saharan Africa,Sub Saharan Africa,South and South East Asia,Eastern Europe,Middle East and North Africa,Eastern Europe,Eastern Europe,Latin America,Latin America,Latin America,Sub Saharan Africa,Sub Saharan Africa,Western Offshoots,Western Europe,Latin America,East Asia,Sub Saharan Africa,Sub Saharan Africa,Sub Saharan Africa,Sub Saharan Africa,Latin America,Sub Saharan Africa,Sub Saharan Africa,Latin America,Eastern Europe,Latin America,Eastern Europe,Eastern Europe,Western Europe,Sub Saharan Africa,Latin America,Western Europe,Latin America,Middle East and North Africa,Latin America,Middle East and North Africa,Western Europe,Eastern Europe,Sub Saharan Africa,Western Europe,Western Europe,Sub Saharan Africa,Western Europe,Eastern Europe,Sub Saharan Africa,Sub Saharan Africa,Sub Saharan Africa,Sub Saharan Africa,Sub Saharan Africa,Western Europe,Latin America,East Asia,Latin America,Eastern Europe,Latin America,Eastern Europe,South and South East Asia,South and South East Asia,Western Europe,Middle East and North Africa,Middle East and North Africa,Western Europe,Middle East and North Africa,Western Europe,Latin America,Middle East and North Africa,East Asia,Eastern Europe,Sub Saharan Africa,Eastern Europe,South and South East Asia,East Asia,Middle East and North Africa,South and South East Asia,Middle East and North Africa,Sub Saharan Africa,Middle East and North Africa,Latin America,South and South East Asia,Sub Saharan Africa,Eastern Europe,Western Europe,Eastern Europe,Middle East and North Africa,Eastern Europe,Sub Saharan Africa,Latin America,Eastern Europe,Sub Saharan Africa,Western Europe,South and South East Asia,Eastern Europe,South and South East Asia,Sub Saharan Africa,Sub Saharan Africa,Sub Saharan Africa,Sub Saharan Africa,South and South East Asia,Sub Saharan Africa,Sub Saharan Africa,Sub Saharan Africa,Latin America,Western Europe,Western Europe,South and South East Asia,Western Offshoots,Middle East and North Africa,South and South East Asia,Latin America,Latin America,South and South East Asia,Eastern Europe,Latin America,East Asia,Western Europe,Latin America,Middle East and North Africa,Middle East and North Africa,Eastern Europe,Eastern Europe,Sub Saharan Africa,Middle East and North Africa,Sub Saharan Africa,Sub Saharan Africa,South and South East Asia,Sub Saharan Africa,Latin America,Eastern Europe,Sub Saharan Africa,Eastern Europe,Eastern Europe,Eastern Europe,Western Europe,Sub Saharan Africa,Sub Saharan Africa,Middle East and North Africa,Sub Saharan Africa,Sub Saharan Africa,South and South East Asia,Eastern Europe,Eastern Europe,Latin America,Middle East and North Africa,Middle East and North Africa,East Asia,Sub Saharan Africa,Sub Saharan Africa,Eastern Europe,Latin America,Western Offshoots,Eastern Europe,Latin America,South and South East Asia,Middle East and North Africa,Eastern Europe,Sub Saharan Africa,Sub Saharan Africa,Sub Saharan Africa
year,AFG,AGO,ALB,ARE,ARG,ARM,AUS,AUT,AZE,BDI,BEL,BEN,BFA,BGD,BGR,BHR,BIH,BLR,BOL,BRA,BRB,BWA,CAF,CAN,CHE,CHL,CHN,CIV,CMR,COD,COG,COL,COM,CPV,CRI,CSK,CUB,CYP,CZE,DEU,DJI,DMA,DNK,DOM,DZA,ECU,EGY,ESP,EST,ETH,FIN,FRA,GAB,GBR,GEO,GHA,GIN,GMB,GNB,GNQ,GRC,GTM,HKG,HND,HRV,HTI,HUN,IDN,IND,IRL,IRN,IRQ,ISL,ISR,ITA,JAM,JOR,JPN,KAZ,KEN,KGZ,KHM,KOR,KWT,LAO,LBN,LBR,LBY,LCA,LKA,LSO,LTU,LUX,LVA,MAR,MDA,MDG,MEX,MKD,MLI,MLT,MMR,MNE,MNG,MOZ,MRT,MUS,MWI,MYS,NAM,NER,NGA,NIC,NLD,NOR,NPL,NZL,OMN,PAK,PAN,PER,PHL,POL,PRI,PRK,PRT,PRY,PSE,QAT,ROU,RUS,RWA,SAU,SDN,SEN,SGP,SLE,SLV,SRB,STP,SUN,SVK,SVN,SWE,SWZ,SYC,SYR,TCD,TGO,THA,TJK,TKM,TTO,TUN,TUR,TWN,TZA,UGA,UKR,URY,USA,UZB,VEN,VNM,YEM,YUG,ZAF,ZMB,ZWE
1,,,,,,,,,,,956,,,,,,,,,,,,,,956,,,,,,,,,,,,,,,,,,,,,,1116,886,,,,956,,,,,,,,,1275,,,,,,,,,,1116,1116,,1116,1407,,1116,,,,,,,,,,,,,,,,,,,,,,,,,,,,,,,,,,,,,,,,,,,,,,,,,956,,,,,,,,,,,,,,,,,,,,,,,,,,,,1116,897,,,,,,,,,,,,,,
730,,,,,,,,,,,,,,,,,,,,,,,,,,,,,,,,,,,,,,,,,,,,,,,1164,,,,,,,,,,,,,,,,,,,,,,,,,1466,,,,,,597.84,,,,,,,,,,,,,,,,,,,,,,,,,,,,,,,,,,,,,,,,,,,,,,,,,,,,,,,,,,,,,,,,,,,,,,,,,,,,,,,,,,,,,,,,,,,
1000,,,,,,,,,,,,,,,,,,,,,,,,,,,1225.107,,,,,,,,,,,,,,,,,,,,956,,,,,,,1151,,,,,,,,,,,,,,,,,,1307,,,,,,1009.65,,,,,,,,,,,,,,,,,,,,,,,,,,,,,,,,,,,,,,,,,,,,,,,,,,,,,,,,,,,,,,,,,,,,,,,,,,,,,768,,,,,,,,,,,,,,
1090,,,,,,,,,,,,,,,,,,,,,,,,,,,1221.711,,,,,,,,,,,,,,,,,,,,,,,,,,,,,,,,,,,,,,,,,,,,,,,,,,,,,,,,,,,,,,,,,,,,,,,,,,,,,,,,,,,,,,,,,,,,,,,,,,,,,,,,,,,,,,,,,,,,,,,,,,,,,,,,,,,,,,,,,,,,,,
1120,,,,,,,,,,,,,,,,,,,,,,,,,,,1180.959,,,,,,,,,,,,,,,,,,,,1052,,,,,,,,,,,,,,,,,,,,,,,,,1084,,,,,,926.97,,,,,,,,,,,,,,,,,,,,,,,,,,,,,,,,,,,,,,,,,,,,,,,,,,,,,,,,,,,,,,,,,,,,,,,,,,,,,743,,,,,,,,,,,,,,
,,,,,,,,,,,,,,,,,,,,,,,,,,,,,,,,,,,,,,,,,,,,,,,,,,,,,,,,,,,,,,,,,,,,,,,,,,,,,,,,,,,,,,,,,,,,,,,,,,,,,,,,,,,,,,,,,,,,,,,,,,,,,,,,,,,,,,,,,,,,,,,,,,,,,,,,,,,,,,,,,,,,,,,,,
1252,,,,,,,,,,,,,,,,,,,,,,,,,,,,,,,,,,,,,,,,,,,,,,,,,,,,,,1320,,,,,,,,,,,,,,,,,,,,,,,,,,,,,,,,,,,,,,,,,,,,,,,,,,,,,,,,,,,,,,,,,,,,,,,,,,,,,,,,,,,,,,,,,,,,,,,,,,,,,,,,,,,,,,,,,,,
1253,,,,,,,,,,,,,,,,,,,,,,,,,,,,,,,,,,,,,,,,,,,,,,,,,,,,,,1328,,,,,,,,,,,,,,,,,,,,,,,,,,,,,,,,,,,,,,,,,,,,,,,,,,,,,,,,,,,,,,,,,,,,,,,,,,,,,,,,,,,,,,,,,,,,,,,,,,,,,,,,,,,,,,,,,,,
1254,,,,,,,,,,,,,,,,,,,,,,,,,,,,,,,,,,,,,,,,,,,,,,,,,,,,,,1317,,,,,,,,,,,,,,,,,,,,,,,,,,,,,,,,,,,,,,,,,,,,,,,,,,,,,,,,,,,,,,,,,,,,,,,,,,,,,,,,,,,,,,,,,,,,,,,,,,,,,,,,,,,,,,,,,,,
1255,,,,,,,,,,,,,,,,,,,,,,,,,,,,,,,,,,,,,,,,,,,,,,,,,,,,,,1285,,,,,,,,,,,,,,,,,,,,,,,,,,,,,,,,,,,,,,,,,,,,,,,,,,,,,,,,,,,,,,,,,,,,,,,,,,,,,,,,,,,,,,,,,,,,,,,,,,,,,,,,,,,,,,,,,,,
1256,,,,,,,,,,,,,,,,,,,,,,,,,,,,,,,,,,,,,,,,,,,,,,,,,,,,,,1255,,,,,,,,,,,,,,,,,,,,,,,,,,,,,,,,,,,,,,,,,,,,,,,,,,,,,,,,,,,,,,,,,,,,,,,,,,,,,,,,,,,,,,,,,,,,,,,,,,,,,,,,,,,,,,,,,,,
1257,,,,,,,,,,,,,,,,,,,,,,,,,,,,,,,,,,,,,,,,,,,,,,,,,,,,,,1240,,,,,,,,,,,,,,,,,,,,,,,,,,,,,,,,,,,,,,,,,,,,,,,,,,,,,,,,,,,,,,,,,,,,,,,,,,,,,,,,,,,,,,,,,,,,,,,,,,,,,,,,,,,,,,,,,,,
1258,,,,,,,,,,,,,,,,,,,,,,,,,,,,,,,,,,,,,,,,,,,,,,,,,,,,,,1418,,,,,,,,,,,,,,,,,,,,,,,,,,,,,,,,,,,,,,,,,,,,,,,,,,,,,,,,,,,,,,,,,,,,,,,,,,,,,,,,,,,,,,,,,,,,,,,,,,,,,,,,,,,,,,,,,,,
1259,,,,,,,,,,,,,,,,,,,,,,,,,,,,,,,,,,,,,,,,,,,,,,,,,,,,,,1191,,,,,,,,,,,,,,,,,,,,,,,,,,,,,,,,,,,,,,,,,,,,,,,,,,,,,,,,,,,,,,,,,,,,,,,,,,,,,,,,,,,,,,,,,,,,,,,,,,,,,,,,,,,,,,,,,,,
1260,,,,,,,,,,,,,,,,,,,,,,,,,,,,,,,,,,,,,,,,,,,,,,,,,,,,,,1292,,,,,,,,,,,,,,,,,,,,,,,,,,,,,,,,,,,,,,,,,,,,,,,,,,,,,,,,,,,,,,,,,,,,,,,,,,,,,,,,,,,,,,,,,,,,,,,,,,,,,,,,,,,,,,,,,,,
1261,,,,,,,,,,,,,,,,,,,,,,,,,,,,,,,,,,,,,,,,,,,,,,,,,,,,,,1286,,,,,,,,,,,,,,,,,,,,,,,,,,,,,,,,,,,,,,,,,,,,,,,,,,,,,,,,,,,,,,,,,,,,,,,,,,,,,,,,,,,,,,,,,,,,,,,,,,,,,,,,,,,,,,,,,,,
1262,,,,,,,,,,,,,,,,,,,,,,,,,,,,,,,,,,,,,,,,,,,,,,,,,,,,,,1219,,,,,,,,,,,,,,,,,,,,,,,,,,,,,,,,,,,,,,,,,,,,,,,,,,,,,,,,,,,,,,,,,,,,,,,,,,,,,,,,,,,,,,,,,,,,,,,,,,,,,,,,,,,,,,,,,,,
1263,,,,,,,,,,,,,,,,,,,,,,,,,,,,,,,,,,,,,,,,,,,,,,,,,,,,,,1205,,,,,,,,,,,,,,,,,,,,,,,,,,,,,,,,,,,,,,,,,,,,,,,,,,,,,,,,,,,,,,,,,,,,,,,,,,,,,,,,,,,,,,,,,,,,,,,,,,,,,,,,,,,,,,,,,,,
1264,,,,,,,,,,,,,,,,,,,,,,,,,,,,,,,,,,,,,,,,,,,,,,,,,,,,,,1182,,,,,,,,,,,,,,,,,,,,,,,,,,,,,,,,,,,,,,,,,,,,,,,,,,,,,,,,,,,,,,,,,,,,,,,,,,,,,,,,,,,,,,,,,,,,,,,,,,,,,,,,,,,,,,,,,,,
1265,,,,,,,,,,,,,,,,,,,,,,,,,,,,,,,,,,,,,,,,,,,,,,,,,,,,,,1185,,,,,,,,,,,,,,,,,,,,,,,,,,,,,,,,,,,,,,,,,,,,,,,,,,,,,,,,,,,,,,,,,,,,,,,,,,,,,,,,,,,,,,,,,,,,,,,,,,,,,,,,,,,,,,,,,,,
1266,,,,,,,,,,,,,,,,,,,,,,,,,,,,,,,,,,,,,,,,,,,,,,,,,,,,,,1401,,,,,,,,,,,,,,,,,,,,,,,,,,,,,,,,,,,,,,,,,,,,,,,,,,,,,,,,,,,,,,,,,,,,,,,,,,,,,,,,,,,,,,,,,,,,,,,,,,,,,,,,,,,,,,,,,,,
1267,,,,,,,,,,,,,,,,,,,,,,,,,,,,,,,,,,,,,,,,,,,,,,,,,,,,,,1313,,,,,,,,,,,,,,,,,,,,,,,,,,,,,,,,,,,,,,,,,,,,,,,,,,,,,,,,,,,,,,,,,,,,,,,,,,,,,,,,,,,,,,,,,,,,,,,,,,,,,,,,,,,,,,,,,,,
1268,,,,,,,,,,,,,,,,,,,,,,,,,,,,,,,,,,,,,,,,,,,,,,,,,,,,,,1211,,,,,,,,,,,,,,,,,,,,,,,,,,,,,,,,,,,,,,,,,,,,,,,,,,,,,,,,,,,,,,,,,,,,,,,,,,,,,,,,,,,,,,,,,,,,,,,,,,,,,,,,,,,,,,,,,,,
1269,,,,,,,,,,,,,,,,,,,,,,,,,,,,,,,,,,,,,,,,,,,,,,,,,,,,,,1225,,,,,,,,,,,,,,,,,,,,,,,,,,,,,,,,,,,,,,,,,,,,,,,,,,,,,,,,,,,,,,,,,,,,,,,,,,,,,,,,,,,,,,,,,,,,,,,,,,,,,,,,,,,,,,,,,,,
1270,,,,,,,,,,,,,,,,,,,,,,,,,,,,,,,,,,,,,,,,,,,,,,,,,,,,,,1192,,,,,,,,,,,,,,,,,,,,,,,,,,,,,,,,,,,,,,,,,,,,,,,,,,,,,,,,,,,,,,,,,,,,,,,,,,,,,,,,,,,,,,,,,,,,,,,,,,,,,,,,,,,,,,,,,,,
1271,,,,,,,,,,,,,,,,,,,,,,,,,,,,,,,,,,,,,,,,,,,,,,,,,,,,,,1177,,,,,,,,,,,,,,,,,,,,,,,,,,,,,,,,,,,,,,,,,,,,,,,,,,,,,,,,,,,,,,,,,,,,,,,,,,,,,,,,,,,,,,,,,,,,,,,,,,,,,,,,,,,,,,,,,,,
1272,,,,,,,,,,,,,,,,,,,,,,,,,,,,,,,,,,,,,,,,,,,,,,,,,,,,,,1220,,,,,,,,,,,,,,,,,,,,,,,,,,,,,,,,,,,,,,,,,,,,,,,,,,,,,,,,,,,,,,,,,,,,,,,,,,,,,,,,,,,,,,,,,,,,,,,,,,,,,,,,,,,,,,,,,,,
1273,,,,,,,,,,,,,,,,,,,,,,,,,,,,,,,,,,,,,,,,,,,,,,,,,,,,,,1149,,,,,,,,,,,,,,,,,,,,,,,,,,,,,,,,,,,,,,,,,,,,,,,,,,,,,,,,,,,,,,,,,,,,,,,,,,,,,,,,,,,,,,,,,,,,,,,,,,,,,,,,,,,,,,,,,,,
1274,,,,,,,,,,,,,,,,,,,,,,,,,,,,,,,,,,,,,,,,,,,,,,,,,,,,,,1143,,,,,,,,,,,,,,,,,,,,,,,,,,,,,,,,,,,,,,,,,,,,,,,,,,,,,,,,,,,,,,,,,,,,,,,,,,,,,,,,,,,,,,,,,,,,,,,,,,,,,,,,,,,,,,,,,,,
1275,,,,,,,,,,,,,,,,,,,,,,,,,,,,,,,,,,,,,,,,,,,,,,,,,,,,,,1304,,,,,,,,,,,,,,,,,,,,,,,,,,,,,,,,,,,,,,,,,,,,,,,,,,,,,,,,,,,,,,,,,,,,,,,,,,,,,,,,,,,,,,,,,,,,,,,,,,,,,,,,,,,,,,,,,,,
1276,,,,,,,,,,,,,,,,,,,,,,,,,,,,,,,,,,,,,,,,,,,,,,,,,,,,1366.39295418504,,1146,,,,,,,,,,,,,,,,,,,,,,,,,,,,,,,,,,,,,,,,,,,,,,,,,,,,,,,,,,,,,,,,,,,,,,,,,,,,,,,,,,,,,,,,,,,,,,,,,,,,,,,,,,,,,,,,,,,
1277,,,,,,,,,,,,,,,,,,,,,,,,,,,,,,,,,,,,,,,,,,,,,,,,1329.86493492899,,,,1417.40483276789,,1222,,,,,,,,,,,,,,,,,,,,,,,,,,,,,,,,,,,,,,,,,,,,,,,,,,,,,,,,,,,,,,,,,,,,,,,,,,,,,,,,,,,,,,,,,,,,,,,,,,,,,,,,,,,,,,,,,,,
1278,,,,,,,,,,,,,,,,,,,,,,,,,,,,,,,,,,,,,,,,,,,,,,,,1346.63720268954,,,,1319.06837040113,,1265,,,,,,,,,,,,,,,,,,,,,,,,,,,,,,,,,,,,,,,,,,,,,,,,,,,,,,,,,,,,,,,,,,,,,,,,,,,,,,,,,,,,,,,,,,,,,,,,,,,,,,,,,,,,,,,,,,,
1279,,,,,,,,,,,,,,,,,,,,,,,,,,,,,,,,,,,,,,,,,,,,,,,,1363.56441939774,,,,1316.74619748994,,1048,,,,,,,,,,,,,,,,,,,,,,,,,,,,,,,,,,,,,,,,,,,,,,,,,,,,,,,,,,,,,,,,,,,,,,,,,,,,,,,,,,,,,,,,,,,,,,,,,,,,,,,,,,,,,,,,,,,
1280,,,,,,,,,,,,,,,,,,,,,,,,,,,,,,,,,,,,,,,,,,,,,,,1068,1380.64686438894,,,,1311.8418255088,,1058,,,,,,,,,,,,,,,,,,,,,,,,841.11,,,,,,,,,,,,,,,,,,,,,,,,,,,,,,,,,,,,,,,,,,,,,,,,,,,,,,,,,,,,,,,,,,,,,,,,,,,,,,,,,,,,,,,,,,,
1281,,,,,,,,,,,,,,,,,,,,,,,,,,,,,,,,,,,,,,,,,,,,,,,,1397.8847937173,,,,1285.56913598321,,1118,,,,,,,,,,,,,,,,,,,,,,,,,,,,,,,,,,,,,,,,,,,,,,,,,,,,,,,,,,,,,,,,,,,,,,,,,,,,,,,,,,,,,,,,,,,,,,,,,,,,,,,,,,,,,,,,,,,
1282,,,,,,,,,,,,,,,,,,,,,,,,,,,,,,,,,,,,,,,,,,,,,,,,1415.27843981128,,,,1382.74426445994,,1078,,,,,,,,,,,,,,,,,,,,,,,,,,,,,,,,,,,,,,,,,,,,,,,,,,,,,,,,,,,,,,,,,,,,,,,,,,,,,,,,,,,,,,,,,,,,,,,,,,,,,,,,,,,,,,,,,,,
1283,,,,,,,,,,,,,,,,,,,,,,,,,,,,,,,,,,,,,,,,,,,,,,,,1432.82801113497,,,,1376.48038558055,,1019,,,,,,,,,,,,,,,,,,,,,,,,,,,,,,,,,,,,,,,,,,,,,,,,,,,,,,,,,,,,,,,,,,,,,,,,,,,,,,,,,,,,,,,,,,,,,,,,,,,,,,,,,,,,,,,,,,,
1284,,,,,,,,,,,,,,,,,,,,,,,,,,,,,,,,,,,,,,,,,,,,,,,,1450.53369185556,,,,1367.22494970002,,1048,,,,,,,,,,,,,,,,,,,,,,,,,,,,,,,,,,,,,,,,,,,,,,,,,,,,,,,,,,,,,,,,,,,,,,,,,,,,,,,,,,,,,,,,,,,,,,,,,,,,,,,,,,,,,,,,,,,
1285,,,,,,,,,,,,,,,,,,,,,,,,,,,,,,,,,,,,,,,,,,,,,,,,1468.39564151721,,,,1122.34618560863,,1055,,,,,,,,,,,,,,,,,,,,,,,,,,,,,,,,,,,,,,,,,,,,,,,,,,,,,,,,,,,,,,,,,,,,,,,,,,,,,,,,,,,,,,,,,,,,,,,,,,,,,,,,,,,,,,,,,,,
1286,,,,,,,,,,,,,,,,,,,,,,,,,,,,,,,,,,,,,,,,,,,,,,,,1470.65721654341,,,,1237.48880035169,,1034,,,,,,,,,,,,,,,,,,,,,,,,,,,,,,,,,,,,,,,,,,,,,,,,,,,,,,,,,,,,,,,,,,,,,,,,,,,,,,,,,,,,,,,,,,,,,,,,,,,,,,,,,,,,,,,,,,,
1287,,,,,,,,,,,,,,,,,,,,,,,,,,,,,,,,,,,,,,,,,,,,,,,,1472.92549616928,,,,1395.50331271963,,1125,,,,,,,,,,,,,,,,,,,,,,,,,,,,,,,,,,,,,,,,,,,,,,,,,,,,,,,,,,,,,,,,,,,,,,,,,,,,,,,,,,,,,,,,,,,,,,,,,,,,,,,,,,,,,,,,,,,
1288,,,,,,,,,,,,,,,,,,,,,,,,,,,,,,,,,,,,,,,,,,,,,,,,1475.20050545731,,,,1302.73397625593,,1085,,,,,,,,,,,,,,,,,,,,,,,,,,,,,,,,,,,,,,,,,,,,,,,,,,,,,,,,,,,,,,,,,,,,,,,,,,,,,,,,,,,,,,,,,,,,,,,,,,,,,,,,,,,,,,,,,,,
1289,,,,,,,,,,,,,,,,,,,,,,,,,,,,,,,,,,,,,,,,,,,,,,,,1477.48226955457,,,,1364.17651351706,,995,,,,,,,,,,,,,,,,,,,,,,,,,,,,,,,,,,,,,,,,,,,,,,,,,,,,,,,,,,,,,,,,,,,,,,,,,,,,,,,,,,,,,,,,,,,,,,,,,,,,,,,,,,,,,,,,,,,
1290,,,,,,,,,,,,,,,,,,,,,,,,,,,,,,,,,,,,,,,,,,,,,,,,1486.35024746779,,,,1275.30160561316,,1004,,,,,,,,,,,,,,,,,,,,,,,,,,,,,,,,,,,,,,,,,,,,,,,,,,,,,,,,,,,,,,,,,,,,,,,,,,,,,,,,,,,,,,,,,,,,,,,,,,,,,,,,,,,,,,,,,,,
1291,,,,,,,,,,,,,,,,,,,,,,,,,,,,,,,,,,,,,,,,,,,,,,,,1495.2660218959,,,,1255.82306104139,,1006,,,,,,,,,,,,,,,,,,,,,,,,,,,,,,,,,,,,,,,,,,,,,,,,,,,,,,,,,,,,,,,,,,,,,,,,,,,,,,,,,,,,,,,,,,,,,,,,,,,,,,,,,,,,,,,,,,,
1292,,,,,,,,,,,,,,,,,,,,,,,,,,,,,,,,,,,,,,,,,,,,,,,,1504.2298067862,,,,1136.30778136554,,1060,,,,,,,,,,,,,,,,,,,,,,,,,,,,,,,,,,,,,,,,,,,,,,,,,,,,,,,,,,,,,,,,,,,,,,,,,,,,,,,,,,,,,,,,,,,,,,,,,,,,,,,,,,,,,,,,,,,
1293,,,,,,,,,,,,,,,,,,,,,,,,,,,,,,,,,,,,,,,,,,,,,,,,1596.81838841081,,,,1040.32231450907,,1086,,,,,,,,,,,,,,,,,,,,,,,,,,,,,,,,,,,,,,,,,,,,,,,,,,,,,,,,,,,,,,,,,,,,,,,,,,,,,,,,,,,,,,,,,,,,,,,,,,,,,,,,,,,,,,,,,,,
1294,,,,,,,,,,,,,,,,,,,,,,,,,,,,,,,,,,,,,,,,,,,,,,,,1537.58968001905,,,,1082.63335771779,,1078,,,,,,,,,,,,,,,,,,,,,,,,,,,,,,,,,,,,,,,,,,,,,,,,,,,,,,,,,,,,,,,,,,,,,,,,,,,,,,,,,,,,,,,,,,,,,,,,,,,,,,,,,,,,,,,,,,,
1295,,,,,,,,,,,,,,,,,,,,,,,,,,,,,,,,,,,,,,,,,,,,,,,,1479.42683087538,,,,1290.92180960301,,1155,,,,,,,,,,,,,,,,,,,,,,,,,,,,,,,,,,,,,,,,,,,,,,,,,,,,,,,,,,,,,,,,,,,,,,,,,,,,,,,,,,,,,,,,,,,,,,,,,,,,,,,,,,,,,,,,,,,
1296,,,,,,,,,,,,,,,,,,,,,,,,,,,,,,,,,,,,,,,,,,,,,,,,1422.39809350465,,,,1301.78754190415,,1202,,,,,,,,,,,,,,,,,,,,,,,,,,,,,,,,,,,,,,,,,,,,,,,,,,,,,,,,,,,,,,,,,,,,,,,,,,,,,,,,,,,,,,,,,,,,,,,,,,,,,,,,,,,,,,,,,,,
1297,,,,,,,,,,,,,,,,,,,,,,,,,,,,,,,,,,,,,,,,,,,,,,,,1366.56517064139,,,,1375.48551015219,,1151,,,,,,,,,,,,,,,,,,,,,,,,,,,,,,,,,,,,,,,,,,,,,,,,,,,,,,,,,,,,,,,,,,,,,,,,,,,,,,,,,,,,,,,,,,,,,,,,,,,,,,,,,,,,,,,,,,,
1298,,,,,,,,,,,,,,,,,,,,,,,,,,,,,,,,,,,,,,,,,,,,,,,,1368.42151139246,,,,1316.51121738195,,1211,,,,,,,,,,,,,,,,,,,,,,,,,,,,,,,,,,,,,,,,,,,,,,,,,,,,,,,,,,,,,,,,,,,,,,,,,,,,,,,,,,,,,,,,,,,,,,,,,,,,,,,,,,,,,,,,,,,
1299,,,,,,,,,,,,,,,,,,,,,,,,,,,,,,,,,,,,,,,,,,,,,,,,1370.28318250435,,,,1181.76940946128,,1167,,,,,,,,,,,,,,,,,,,,,,,,,,,,,,,,,,,,,,,,,,,,,,,,,,,,,,,,,,,,,,,,,,,,,,,,,,,,,,,,,,,,,,,,,,,,,,,,,,,,,,,,,,,,,,,,,,,
1300,,,,,,,,,,,,,,,,,,,,,,,,,,,,,,,,,,,,,,,,,,,,,,,972,1372.15020339462,,,,1268.32974991328,,1159,,,,,,,,,,,,,,,,,,,,,,,,,,,,,,,,,,,,,,,,,,,,,,,,,,,,,,,,,,,,,,,,,,,,,,,,,,,,,,,,,,,,,,,,,,1133,,,,,,,,,,,,,,,,,,,,,,,,,
1301,,,,,,,,,,,,,,,,,,,,,,,,,,,,,,,,,,,,,,,,,,,,,,,,1352.59600708254,,,,1256.84094411245,,1168,,,,,,,,,,,,,,,,,,,,,,,,,,,,,,,,,,,,,,,,,,,,,,,,,,,,,,,,,,,,,,,,,,,,,,,,,,,,,,,,,,,,,,,,,,1135,,,,,,,,,,,,,,,,,,,,,,,,,
1302,,,,,,,,,,,,,,,,,,,,,,,,,,,,,,,,,,,,,,,,,,,,,,,,1382.00594047056,,,,1608.39532906178,,1199,,,,,,,,,,,,,,,,,,,,,,,,,,,,,,,,,,,,,,,,,,,,,,,,,,,,,,,,,,,,,,,,,,,,,,,,,,,,,,,,,,,,,,,,,,1379,,,,,,,,,,,,,,,,,,,,,,,,,
1303,,,,,,,,,,,,,,,,,,,,,,,,,,,,,,,,,,,,,,,,,,,,,,,,1412.32930311393,,,,1506.40776039287,,1249,,,,,,,,,,,,,,,,,,,,,,,,,,,,,,,,,,,,,,,,,,,,,,,,,,,,,,,,,,,,,,,,,,,,,,,,,,,,,,,,,,,,,,,,,,1494,,,,,,,,,,,,,,,,,,,,,,,,,
1304,,,,,,,,,,,,,,,,,,,,,,,,,,,,,,,,,,,,,,,,,,,,,,,,1443.57097572019,,,,1190.45987366344,,1130,,,,,,,,,,,,,,,,,,,,,,,,,,,,,,,,,,,,,,,,,,,,,,,,,,,,,,,,,,,,,,,,,,,,,,,,,,,,,,,,,,,,,,,,,,1463,,,,,,,,,,,,,,,,,,,,,,,,,
1305,,,,,,,,,,,,,,,,,,,,,,,,,,,,,,,,,,,,,,,,,,,,,,,,1475.73364385973,,,,1404.78168523138,,1162,,,,,,,,,,,,,,,,,,,,,,,,,,,,,,,,,,,,,,,,,,,,,,,,,,,,,,,,,,,,,,,,,,,,,,,,,,,,,,,,,,,,,,,,,,1451,,,,,,,,,,,,,,,,,,,,,,,,,
1306,,,,,,,,,,,,,,,,,,,,,,,,,,,,,,,,,,,,,,,,,,,,,,,,1528.30696988542,,,,1167.38697469619,,1129,,,,,,,,,,,,,,,,,,,,,,,,,,,,,,,,,,,,,,,,,,,,,,,,,,,,,,,,,,,,,,,,,,,,,,,,,,,,,,,,,,,,,,,,,,1430,,,,,,,,,,,,,,,,,,,,,,,,,
1307,,,,,,,,,,,,,,,,,,,,,,,,,,,,,,,,,,,,,,,,,,,,,,,,1512.61290933932,,,,1354.64621897812,,1184,,,,,,,,,,,,,,,,,,,,,,,,,,,,,,,,,,,,,,,,,,,,,,,,,,,,,,,,,,,,,,,,,,,,,,,,,,,,,,,,,,,,,,,,,,1419,,,,,,,,,,,,,,,,,,,,,,,,,
1308,,,,,,,,,,,,,,,,,,,,,,,,,,,,,,,,,,,,,,,,,,,,,,,,1407.7150298297,,,,1580.19705324899,,1199,,,,,,,,,,,,,,,,,,,,,,,,,,,,,,,,,,,,,,,,,,,,,,,,,,,,,,,,,,,,,,,,,,,,,,,,,,,,,,,,,,,,,,,,,,1403,,,,,,,,,,,,,,,,,,,,,,,,,
1309,,,,,,,,,,,,,,,,,,,,,,,,,,,,,,,,,,,,,,,,,,,,,,,,1382.95013492996,,,,1522.13874805603,,1229,,,,,,,,,,,,,,,,,,,,,,,,,,,,,,,,,,,,,,,,,,,,,,,,,,,,,,,,,,,,,,,,,,,,,,,,,,,,,,,,,,,,,,,,,,1387,,,,,,,,,,,,,,,,,,,,,,,,,
1310,,,,,,,,,,,,,,,,,,,,,,,,,,,,,,,,,,,,,,,,,,,,,,,,1408.05349978958,,,,1548.04236338542,,1213,,,,,,,,,,,,,,,,,,,,,,,,,,,,,,,,,,,,,,,,,,,,,,,,,,,,,,,,,,,,,,,,,,,,,,,,,,,,,,,,,,,,,,,,,,1360,,,,,,,,,,,,,,,,,,,,,,,,,
1311,,,,,,,,,,,,,,,,,,,,,,,,,,,,,,,,,,,,,,,,,,,,,,,,1446.52487124529,,,,1299.51300379392,,1257,,,,,,,,,,,,,,,,,,,,,,,,,,,,,,,,,,,,,,,,,,,,,,,,,,,,,,,,,,,,,,,,,,,,,,,,,,,,,,,,,,,,,,,,,,1352,,,,,,,,,,,,,,,,,,,,,,,,,
1312,,,,,,,,,,,,,,,,,,,,,,,,,,,,,,,,,,,,,,,,,,,,,,,,1454.96549208131,,,,1360.43860756373,,1224,,,,,,,,,,,,,,,,,,,,,,,,,,,,,,,,,,,,,,,,,,,,,,,,,,,,,,,,,,,,,,,,,,,,,,,,,,,,,,,,,,,,,,,,,,1334,,,,,,,,,,,,,,,,,,,,,,,,,
1313,,,,,,,,,,,,,,,,,,,,,,,,,,,,,,,,,,,,,,,,,,,,,,,,1460.04094851638,,,,1385.6503510257,,1246,,,,,,,,,,,,,,,,,,,,,,,,,,,,,,,,,,,,,,,,,,,,,,,,,,,,,,,,,,,,,,,,,,,,,,,,,,,,,,,,,,,,,,,,,,1301,,,,,,,,,,,,,,,,,,,,,,,,,
1314,,,,,,,,,,,,,,,,,,,,,,,,,,,,,,,,,,,,,,,,,,,,,,,,1465.27154166179,,,,1360.35144011021,,1247,,,,,,,,,,,,,,,,,,,,,,,,,,,,,,,,,,,,,,,,,,,,,,,,,,,,,,,,,,,,,,,,,,,,,,,,,,,,,,,,,,,,,,,,,,1272,,,,,,,,,,,,,,,,,,,,,,,,,
1315,,,,,,,,,,,,,,,,,,,,,,,,,,,,,,,,,,,,,,,,,,,,,,,,1382.75215832724,,,,1228.45577241911,,1121,,,,,,,,,,,,,,,,,,,,,,,,,,,,,,,,,,,,,,,,,,,,,,,,,,,,,,,,,,,,,,,,,,,,,,,,,,,,,,,,,,,,,,,,,,1237,,,,,,,,,,,,,,,,,,,,,,,,,
1316,,,,,,,,,,,,,,,,,,,,,,,,,,,,,,,,,,,,,,,,,,,,,,,,1384.88823426392,,,,959.82480561458,,1072,,,,,,,,,,,,,,,,,,,,,,,,,,,,,,,,,,,,,,,,,,,,,,,,,,,,,,,,,,,,,,,,,,,,,,,,,,,,,,,,,,,,,,,,,,1339,,,,,,,,,,,,,,,,,,,,,,,,,
1317,,,,,,,,,,,,,,,,,,,,,,,,,,,,,,,,,,,,,,,,,,,,,,,,1387.0968505943,,,,1372.82568124803,,1136,,,,,,,,,,,,,,,,,,,,,,,,,,,,,,,,,,,,,,,,,,,,,,,,,,,,,,,,,,,,,,,,,,,,,,,,,,,,,,,,,,,,,,,,,,1478,,,,,,,,,,,,,,,,,,,,,,,,,
1318,,,,,,,,,,,,,,,,,,,,,,,,,,,,,,,,,,,,,,,,,,,,,,,,1389.37983257663,,,,1369.31460133655,,1270,,,,,,,,,,,,,,,,,,,,,,,,,,,,,,,,,,,,,,,,,,,,,,,,,,,,,,,,,,,,,,,,,,,,,,,,,,,,,,,,,,,,,,,,,,1626,,,,,,,,,,,,,,,,,,,,,,,,,
1319,,,,,,,,,,,,,,,,,,,,,,,,,,,,,,,,,,,,,,,,,,,,,,,,1391.73902419535,,,,1298.34570885003,,1292,,,,,,,,,,,,,,,,,,,,,,,,,,,,,,,,,,,,,,,,,,,,,,,,,,,,,,,,,,,,,,,,,,,,,,,,,,,,,,,,,,,,,,,,,,1451,,,,,,,,,,,,,,,,,,,,,,,,,
1320,,,,,,,,,,,,,,,,,,,,,,,,,,,,,,,,,,,,,,,,,,,,,,,,1394.17628690155,,,,1129.8586674812,,1266,,,,,,,,,,,,,,,,,,,,,,,,,,,,,,,,,,,,,,,,,,,,,,,,,,,,,,,,,,,,,,,,,,,,,,,,,,,,,,,,,,,,,,,,,,1305,,,,,,,,,,,,,,,,,,,,,,,,,
1321,,,,,,,,,,,,,,,,,,,,,,,,,,,,,,,,,,,,,,,,,,,,,,,,1386.9051580295,,,,1198.19915833506,,1085,,,,,,,,,,,,,,,,,,,,,,,,,,,,,,,,,,,,,,,,,,,,,,,,,,,,,,,,,,,,,,,,,,,,,,,,,,,,,,,,,,,,,,,,,,1294,,,,,,,,,,,,,,,,,,,,,,,,,
1322,,,,,,,,,,,,,,,,,,,,,,,,,,,,,,,,,,,,,,,,,,,,,,,,1364.87481253211,,,,1158.36022106392,,1156,,,,,,,,,,,,,,,,,,,,,,,,,,,,,,,,,,,,,,,,,,,,,,,,,,,,,,,,,,,,,,,,,,,,,,,,,,,,,,,,,,,,,,,,,,1288,,,,,,,,,,,,,,,,,,,,,,,,,
1323,,,,,,,,,,,,,,,,,,,,,,,,,,,,,,,,,,,,,,,,,,,,,,,,1343.20478728563,,,,1339.01600226739,,1215,,,,,,,,,,,,,,,,,,,,,,,,,,,,,,,,,,,,,,,,,,,,,,,,,,,,,,,,,,,,,,,,,,,,,,,,,,,,,,,,,,,,,,,,,,1301,,,,,,,,,,,,,,,,,,,,,,,,,
1324,,,,,,,,,,,,,,,,,,,,,,,,,,,,,,,,,,,,,,,,,,,,,,,,1321.89049539263,,,,1168.02799968552,,1122,,,,,,,,,,,,,,,,,,,,,,,,,,,,,,,,,,,,,,,,,,,,,,,,,,,,,,,,,,,,,,,,,,,,,,,,,,,,,,,,,,,,,,,,,,1315,,,,,,,,,,,,,,,,,,,,,,,,,
1325,,,,,,,,,,,,,,,,,,,,,,,,,,,,,,,,,,,,,,,,,,,,,,,,1321.30464264696,,,,1282.11240123382,,1230,,,,,,,,,,,,,,,,,,,,,,,,,,,,,,,,,,,,,,,,,,,,,,,,,,,,,,,,,,,,,,,,,,,,,,,,,,,,,,,,,,,,,,,,,,1433,,,,,,,,,,,,,,,,,,,,,,,,,
1326,,,,,,,,,,,,,,,,,,,,,,,,,,,,,,,,,,,,,,,,,,,,,,,,1320.77028344959,,,,1310.66546051977,,1245,,,,,,,,,,,,,,,,,,,,,,,,,,,,,,,,,,,,,,,,,,,,,,,,,,,,,,,,,,,,,,,,,,,,,,,,,,,,,,,,,,,,,,,,,,1561,,,,,,,,,,,,,,,,,,,,,,,,,
1327,,,,,,,,,,,,,,,,,,,,,,,,,,,,,,,,,,,,,,,,,,,,,,,,1313.52370699926,,,,1358.07825117523,,1222,,,,,,,,,,,,,,,,,,,,,,,,,,,,,,,,,,,,,,,,,,,,,,,,,,,,,,,,,,,,,,,,,,,,,,,,,,,,,,,,,,,,,,,,,,1729,,,,,,,,,,,,,,,,,,,,,,,,,
1328,,,,,,,,,,,,,,,,,,,,,,,,,,,,,,,,,,,,,,,,,,,,,,,,1404.00735294237,,,,1410.54161158929,,1135,,,,,,,,,,,,,,,,,,,,,,,,,,,,,,,,,,,,,,,,,,,,,,,,,,,,,,,,,,,,,,,,,,,,,,,,,,,,,,,,,,,,,,,,,,1918,,,,,,,,,,,,,,,,,,,,,,,,,
1329,,,,,,,,,,,,,,,,,,,,,,,,,,,,,,,,,,,,,,,,,,,,,,,,1359.42505872763,,,,1343.49596881431,,1193,,,,,,,,,,,,,,,,,,,,,,,,,,,,,,,,,,,,,,,,,,,,,,,,,,,,,,,,,,,,,,,,,,,,,,,,,,,,,,,,,,,,,,,,,,2040,,,,,,,,,,,,,,,,,,,,,,,,,
1330,,,,,,,,,,,,,,,,,,,,,,,,,,,,,,,,,,,,,,,,,,,,,,,,1377.10726298008,,,,1382.60492879672,,1161,,,,,,,,,,,,,,,,,,,,,,,,,,,,,,,,,,,,,,,,,,,,,,,,,,,,,,,,,,,,,,,,,,,,,,,,,,,,,,,,,,,,,,,,,,1683,,,,,,,,,,,,,,,,,,,,,,,,,
1331,,,,,,,,,,,,,,,,,,,,,,,,,,,,,,,,,,,,,,,,,,,,,,,,1459.35415910196,,,,1443.12367839726,,1106,,,,,,,,,,,,,,,,,,,,,,,,,,,,,,,,,,,,,,,,,,,,,,,,,,,,,,,,,,,,,,,,,,,,,,,,,,,,,,,,,,,,,,,,,,1486,,,,,,,,,,,,,,,,,,,,,,,,,
1332,,,,,,,,,,,,,,,,,,,,,,,,,,,,,,,,,,,,,,,,,,,,,,,,1536.29008551109,,,,1526.44737968003,,1163,,,,,,,,,,,,,,,,,,,,,,,,,,,,,,,,,,,,,,,,,,,,,,,,,,,,,,,,,,,,,,,,,,,,,,,,,,,,,,,,,,,,,,,,,,1439,,,,,,,,,,,,,,,,,,,,,,,,,
1333,,,,,,,,,,,,,,,,,,,,,,,,,,,,,,,,,,,,,,,,,,,,,,,,1626.28483180461,,,,1348.6603112872,,1197,,,,,,,,,,,,,,,,,,,,,,,,,,,,,,,,,,,,,,,,,,,,,,,,,,,,,,,,,,,,,,,,,,,,,,,,,,,,,,,,,,,,,,,,,,1342,,,,,,,,,,,,,,,,,,,,,,,,,
1334,,,,,,,,,,,,,,,,,,,,,,,,,,,,,,,,,,,,,,,,,,,,,,,,1568.64955349957,,,,1482.95825142689,,1156,,,,,,,,,,,,,,,,,,,,,,,,,,,,,,,,,,,,,,,,,,,,,,,,,,,,,,,,,,,,,,,,,,,,,,,,,,,,,,,,,,,,,,,,,,1371,,,,,,,,,,,,,,,,,,,,,,,,,
1335,,,,,,,,,,,,,,,,,,,,,,,,,,,,,,,,,,,,,,,,,,,,,,,,1509.44068015307,,,,1611.267408989,,1107,,,,,,,,,,,,,,,,,,,,,,,,,,,,,,,,,,,,,,,,,,,,,,,,,,,,,,,,,,,,,,,,,,,,,,,,,,,,,,,,,,,,,,,,,,1398,,,,,,,,,,,,,,,,,,,,,,,,,
1336,,,,,,,,,,,,,,,,,,,,,,,,,,,,,,,,,,,,,,,,,,,,,,,,1469.52970129177,,,,1502.94607297509,,1159,,,,,,,,,,,,,,,,,,,,,,,,,,,,,,,,,,,,,,,,,,,,,,,,,,,,,,,,,,,,,,,,,,,,,,,,,,,,,,,,,,,,,,,,,,1431,,,,,,,,,,,,,,,,,,,,,,,,,
1337,,,,,,,,,,,,,,,,,,,,,,,,,,,,,,,,,,,,,,,,,,,,,,,,1479.10695057089,,,,1446.28784251068,,1283,,,,,,,,,,,,,,,,,,,,,,,,,,,,,,,,,,,,,,,,,,,,,,,,,,,,,,,,,,,,,,,,,,,,,,,,,,,,,,,,,,,,,,,,,,1465,,,,,,,,,,,,,,,,,,,,,,,,,
1338,,,,,,,,,,,,,,,,,,,,,,,,,,,,,,,,,,,,,,,,,,,,,,,,1536.18835126779,,,,1467.68510919644,,1307,,,,,,,,,,,,,,,,,,,,,,,,,,,,,,,,,,,,,,,,,,,,,,,,,,,,,,,,,,,,,,,,,,,,,,,,,,,,,,,,,,,,,,,,,,1495,,,,,,,,,,,,,,,,,,,,,,,,,
1339,,,,,,,,,,,,,,,,,,,,,,,,,,,,,,,,,,,,,,,,,,,,,,,,1578.14823097523,,,,1373.29858866925,,1066,,,,,,,,,,,,,,,,,,,,,,,,,,,,,,,,,,,,,,,,,,,,,,,,,,,,,,,,,,,,,,,,,,,,,,,,,,,,,,,,,,,,,,,,,,1522,,,,,,,,,,,,,,,,,,,,,,,,,
1340,,,,,,,,,,,,,,,,,,,,,,,,,,,,,,,,,,,,,,,,,,,,,,,,1588.13459391489,,,,1521.10951859903,,1194,,,,,,,,,,,,,,,,,,,,,,,,,,,,,,,,,,,,,,,,,,,,,,,,,,,,,,,,,,,,,,,,,,,,,,,,,,,,,,,,,,,,,,,,,,1490,,,,,,,,,,,,,,,,,,,,,,,,,
1341,,,,,,,,,,,,,,,,,,,,,,,,,,,,,,,,,,,,,,,,,,,,,,,,1745.69189564722,,,,1749.10689000885,,1205,,,,,,,,,,,,,,,,,,,,,,,,,,,,,,,,,,,,,,,,,,,,,,,,,,,,,,,,,,,,,,,,,,,,,,,,,,,,,,,,,,,,,,,,,,1460,,,,,,,,,,,,,,,,,,,,,,,,,
1342,,,,,,,,,,,,,,,,,,,,,,,,,,,,,,,,,,,,,,,,,,,,,,,,1690.94369023669,,,,1391.40279090741,,1261,,,,,,,,,,,,,,,,,,,,,,,,,,,,,,,,,,,,,,,,,,,,,,,,,,,,,,,,,,,,,,,,,,,,,,,,,,,,,,,,,,,,,,,,,,1430,,,,,,,,,,,,,,,,,,,,,,,,,
1343,,,,,,,,,,,,,,,,,,,,,,,,,,,,,,,,,,,,,,,,,,,,,,,,1612.7878640833,,,,1485.61810158428,,1225,,,,,,,,,,,,,,,,,,,,,,,,,,,,,,,,,,,,,,,,,,,,,,,,,,,,,,,,,,,,,,,,,,,,,,,,,,,,,,,,,,,,,,,,,,1384,,,,,,,,,,,,,,,,,,,,,,,,,
1344,,,,,,,,,,,,,,,,,,,,,,,,,,,,,,,,,,,,,,,,,,,,,,,,1513.86253010459,,,,1566.62327240267,,1307,,,,,,,,,,,,,,,,,,,,,,,,,,,,,,,,,,,,,,,,,,,,,,,,,,,,,,,,,,,,,,,,,,,,,,,,,,,,,,,,,,,,,,,,,,1344,,,,,,,,,,,,,,,,,,,,,,,,,
1345,,,,,,,,,,,,,,,,,,,,,,,,,,,,,,,,,,,,,,,,,,,,,,,,1625.02756625282,,,,1572.89970693349,,1216,,,,,,,,,,,,,,,,,,,,,,,,,,,,,,,,,,,,,,,,,,,,,,,,,,,,,,,,,,,,,,,,,,,,,,,,,,,,,,,,,,,,,,,,,,1299,,,,,,,,,,,,,,,,,,,,,,,,,
1346,,,,,,,,,,,,,,,,,,,,,,,,,,,,,,,,,,,,,,,,,,,,,,,,1583.08613201658,,,,1439.84700272277,,1155,,,,,,,,,,,,,,,,,,,,,,,,,,,,,,,,,,,,,,,,,,,,,,,,,,,,,,,,,,,,,,,,,,,,,,,,,,,,,,,,,,,,,,,,,,1258,,,,,,,,,,,,,,,,,,,,,,,,,
1347,,,,,,,,,,,,,,,,,,,,,,,,,,,,,,,,,,,,,,,,,,,,,,,,1541.53563297689,,,,1525.56884493985,,1199,,,,,,,,,,,,,,,,,,,,,,,,,,,,,,,,,,,,,,,,,,,,,,,,,,,,,,,,,,,,,,,,,,,,,,,,,,,,,,,,,,,,,,,,,,1272,,,,,,,,,,,,,,,,,,,,,,,,,
1348,,,,,,,,,,,,,,,,,,,,,,,,,,,,,,,,,,,,,,,,,,,,,,,,1480.18104735705,,,,1414.87282454211,,1229,,,,,,,,,,,,,,,,,,,,,,,,,,,,,,,,,,,,,,,,,,,,,,,,,,,,,,,,,,,,1404.63458110517,,,,,,,,,,,,,,,,,,,,,,,,,,,,,,1290,,,,,,,,,,,743,,,,,,,,,,,,,,
1349,,,,,,,,,,,,,,,,,,,,,,,,,,,,,,,,,,,,,,,,,,,,,,,,1455.01808583034,,,,1394.18035160587,,1154,,,,,,,,,,,,,,,,,,,,,,,,,,,,,,,,,,,,,,,,,,,,,,,,,,,,,,,,,,,,1459.89304812834,,,,,,,,,,,,,,,,,,,,,,,,,,,,,,1305,,,,,,,,,,,,,,,,,,,,,,,,,
1350,,,,,,,,,,,,,,,,,,,,,,,,,,,,,,,,,,,,,,,,,,,,,,,,1430.76985943757,,,,1420.8379413064,,1314,,,,,,,,,,,,,,,,,,,,,,,,,,,,,,,,,,,,,,,,,,,,,,,,,,,,,,,,,,,,1631.01604278075,,,,,,,,,,,,,,,,,,,,,,,,,,,,,,1323,,,,,,,,,,,,,,,,,,,,,,,,,
1351,,,,,,,,,,,,,,,,,,,,,,,,,,,,,,,,,,,,,,,,,,,,,,,,1438.05316444106,,,,1112.51267839126,,1519,,,,,,,,,,,,,,,,,,,,,,,,,,,,,,,,,,,,,,,,,,,,,,,,,,,,,,,,,,,,1713.90374331551,,,,,,,,,,,,,,,,,,,,,,,,,,,,,,1275,,,,,,,,,,,,,,,,,,,,,,,,,
1352,,,,,,,,,,,,,,,,,,,,,,,,,,,,,,,,,,,,,,,,,,,,,,,,1346.31448113975,,,,1342.3986913231,,1574,,,,,,,,,,,,,,,,,,,,,,,,,,,,,,,,,,,,,,,,,,,,,,,,,,,,,,,,,,,,1646.16755793226,,,,,,,,,,,,,,,,,,,,,,,,,,,,,,1226,,,,,,,,,,,,,,,,,,,,,,,,,
1353,,,,,,,,,,,,,,,,,,,,,,,,,,,,,,,,,,,,,,,,,,,,,,,,1397.2542319255,,,,1414.7096470504,,1579,,,,,,,,,,,,,,,,,,,,,,,,,,,,,,,,,,,,,,,,,,,,,,,,,,,,,,,,,,,,1654.1889483066,,,,,,,,,,,,,,,,,,,,,,,,,,,,,,1181,,,,,,,,,,,,,,,,,,,,,,,,,
1354,,,,,,,,,,,,,,,,,,,,,,,,,,,,,,,,,,,,,,,,,,,,,,,,1405.48785786991,,,,1445.28212333733,,1512,,,,,,,,,,,,,,,,,,,,,,,,,,,,,,,,,,,,,,,,,,,,,,,,,,,,,,,,,,,,1655.08021390374,,,,,,,,,,,,,,,,,,,,,,,,,,,,,,1149,,,,,,,,,,,,,,,,,,,,,,,,,
1355,,,,,,,,,,,,,,,,,,,,,,,,,,,,,,,,,,,,,,,,,,,,,,,,1418.87783472467,,,,1366.89624166378,,1559,,,,,,,,,,,,,,,,,,,,,,,,,,,,,,,,,,,,,,,,,,,,,,,,,,,,,,,,,,,,1682.70944741533,,,,,,,,,,,,,,,,,,,,,,,,,,,,,,1100,,,,,,,,,,,,,,,,,,,,,,,,,
1356,,,,,,,,,,,,,,,,,,,,,,,,,,,,,,,,,,,,,,,,,,,,,,,,1430.97180842822,,,,1659.01693095692,,1537,,,,,,,,,,,,,,,,,,,,,,,,,,,,,,,,,,,,,,,,,,,,,,,,,,,,,,,,,,,,1742.42424242424,,,,,,,,,,,,,,,,,,,,,,,,,,,,,,1074,,,,,,,,,,,,,,,,,,,,,,,,,
1357,,,,,,,,,,,,,,,,,,,,,,,,,,,,,,,,,,,,,,,,,,,,,,,,1467.05557435496,,,,2087.45372373705,,1567,,,,,,,,,,,,,,,,,,,,,,,,,,,,,,,,,,,,,,,,,,,,,,,,,,,,,,,,,,,,1745.98930481283,,,,,,,,,,,,,,,,,,,,,,,,,,,,,,1124,,,,,,,,,,,,,,,,,,,,,,,,,
1358,,,,,,,,,,,,,,,,,,,,,,,,,,,,,,,,,,,,,,,,,,,,,,,,1424.89824162547,,,,1602.51961823267,,1575,,,,,,,,,,,,,,,,,,,,,,,,,,,,,,,,,,,,,,,,,,,,,,,,,,,,,,,,,,,,1744.20677361854,,,,,,,,,,,,,,,,,,,,,,,,,,,,,,1186,,,,,,,,,,,,,,,,,,,,,,,,,
1359,,,,,,,,,,,,,,,,,,,,,,,,,,,,,,,,,,,,,,,,,,,,,,,,1422.24473415161,,,,1453.37419524671,,1592,,,,,,,,,,,,,,,,,,,,,,,,,,,,,,,,,,,,,,,,,,,,,,,,,,,,,,,,,,,,1766.48841354724,,,,,,,,,,,,,,,,,,,,,,,,,,,,,,1246,,,,,,,,,,,,,,,,,,,,,,,,,
1360,,,,,,,,,,,,,,,,,,,,,,,,,,,,,,,,,,,,,,,,,,,,,,,,1450.07869078213,,,,1543.35206688329,,1581,,,,,,,,,,,,,,,,,,,,,,,,,,,,,,,,,,,,,,,,,,,,,,,,,,,,,,,,,,,,1739.7504456328,,,,,,,,,,,,,,,,,,,,,,,,,,,,,,1318,,,,,,,,,,,,,,,,,,,,,,,,,
1361,,,,,,,,,,,,,,,,,,,,,,,,,,,,,,,,,,,,,,,,,,,,,,,,1433.76583960852,,,,1544.29740150925,,1526,,,,,,,,,,,,,,,,,,,,,,,,,,,,,,,,,,,,,,,,,,,,,,,,,,,,,,,,,,,,1780.7486631016,,,,,,,,,,,,,,,,,,,,,,,,,,,,,,1393,,,,,,,,,,,,,,,,,,,,,,,,,
1362,,,,,,,,,,,,,,,,,,,,,,,,,,,,,,,,,,,,,,,,,,,,,,,,1372.67106763078,,,,2006.93652841765,,1486,,,,,,,,,,,,,,,,,,,,,,,,,,,,,,,,,,,,,,,,,,,,,,,,,,,,,,,,,,,,1778.07486631016,,,,,,,,,,,,,,,,,,,,,,,,,,,,,,1471,,,,,,,,,,,,,,,,,,,,,,,,,
1363,,,,,,,,,,,,,,,,,,,,,,,,,,,,,,,,,,,,,,,,,,,,,,,,1325.01317693447,,,,1751.12436775234,,1443,,,,,,,,,,,,,,,,,,,,,,,,,,,,,,,,,,,,,,,,,,,,,,,,,,,,,,,,,,,,1749.55436720143,,,,,,,,,,,,,,,,,,,,,,,,,,,,,,1510,,,,,,,,,,,,,,,,,,,,,,,,,
1364,,,,,,,,,,,,,,,,,,,,,,,,,,,,,,,,,,,,,,,,,,,,,,,,1308.16873145486,,,,1491.42267221397,,1603,,,,,,,,,,,,,,,,,,,,,,,,,,,,,,,,,,,,,,,,,,,,,,,,,,,,,,,,,,,,1726.38146167558,,,,,,,,,,,,,,,,,,,,,,,,,,,,,,1535,,,,,,,,,,,,,,,,,,,,,,,,,
1365,,,,,,,,,,,,,,,,,,,,,,,,,,,,,,,,,,,,,,,,,,,,,,,,1334.86489022165,,,,1946.40964805057,,1531,,,,,,,,,,,,,,,,,,,,,,,,,,,,,,,,,,,,,,,,,,,,,,,,,,,,,,,,,,,,1729.05525846702,,,,,,,,,,,,,,,,,,,,,,,,,,,,,,1564,,,,,,,,,,,,,,,,,,,,,,,,,
1366,,,,,,,,,,,,,,,,,,,,,,,,,,,,,,,,,,,,,,,,,,,,,,,,1310.23151060707,,,,1787.71650804784,,1578,,,,,,,,,,,,,,,,,,,,,,,,,,,,,,,,,,,,,,,,,,,,,,,,,,,,,,,,,,,,1765.59714795009,,,,,,,,,,,,,,,,,,,,,,,,,,,,,,1605,,,,,,,,,,,,,,,,,,,,,,,,,
1367,,,,,,,,,,,,,,,,,,,,,,,,,,,,,,,,,,,,,,,,,,,,,,,,1328.80429852157,,,,1767.55097024762,,1481,,,,,,,,,,,,,,,,,,,,,,,,,,,,,,,,,,,,,,,,,,,,,,,,,,,,,,,,,,,,1901.96078431373,,,,,,,,,,,,,,,,,,,,,,,,,,,,,,1651,,,,,,,,,,,,,,,,,,,,,,,,,
1368,,,,,,,,,,,,,,,,,,,,,,,,,,,,,,,,,,,,,,,,,,,,,,,,1313.29962820124,,,,1712.49608088393,,1471,,,,,,,,,,,,,,,,,,,,,,,,,,,,,,,,,,,,,,,,,,,,,,,,,,,,,,,,,,,,1892.1568627451,,,,,,,,,,,,,,,,,,,,,,,,,,,,,,1688,,,,,,,,,,,,,,,,,,,,,,,,,
1369,,,,,,,,,,,,,,,,,,,,,,,,,,,,,,,,,,,,,,,,,,,,,,,,1302.37010118793,,,,1496.11994755098,,1373,,,,,,,,,,,,,,,,,,,,,,,,,,,,,,,,,,,,,,,,,,,,,,,,,,,,,,,,,,,,2097.14795008913,,,,,,,,,,,,,,,,,,,,,,,,,,,,,,1720,,,,,,,,,,,,,,,,,,,,,,,,,
1370,,,,,,,,,,,,,,,,,,,,,,,,,,,,,,,,,,,,,,,,,,,,,,,,1271.31648510572,,,,1409.67559180749,,1539,,,,,,,,,,,,,,,,,,,,,,,,,,,,,,,,,,,,,,,,,,,,,,,,,,,,,,,,,,,,2132.79857397504,,,,,,,,,,,,,,,,,,,,,,,,,,,,,,1709,,,,,,,,,,,,,,,,,,,,,,,,,
1371,,,,,,,,,,,,,,,,,,,,,,,,,,,,,,,,,,,,,,,,,,,,,,,,1174.72112324564,,,,1590.5076086592,,1489,,,,,,,,,,,,,,,,,,,,,,,,,,,,,,,,,,,,,,,,,,,,,,,,,,,,,,,,,,,,1942.95900178253,,,,,,,,,,,,,,,,,,,,,,,,,,,,,,1656,,,,,,,,,,,,,,,,,,,,,,,,,
1372,,,,,,,,,,,,,,,,,,,,,,,,,,,,,,,,,,,,,,,,,,,,,,,,1214.85102713817,,,,2092.92453725389,,1347,,,,,,,,,,,,,,,,,,,,,,,,,,,,,,,,,,,,,,,,,,,,,,,,,,,,,,,,,,,,1896.61319073084,,,,,,,,,,,,,,,,,,,,,,,,,,,,,,1618,,,,,,,,,,,,,,,,,,,,,,,,,
1373,,,,,,,,,,,,,,,,,,,,,,,,,,,,,,,,,,,,,,,,,,,,,,,,1233.7702802169,,,,1804.65118321459,,1458,,,,,,,,,,,,,,,,,,,,,,,,,,,,,,,,,,,,,,,,,,,,,,,,,,,,,,,,,,,,1926.91622103387,,,,,,,,,,,,,,,,,,,,,,,,,,,,,,1596,,,,,,,,,,,,,,,,,,,,,,,,,
1374,,,,,,,,,,,,,,,,,,,,,,,,,,,,,,,,,,,,,,,,,,,,,,,,1159.58401441576,,,,1797.09116053866,,1341,,,,,,,,,,,,,,,,,,,,,,,,,,,,,,,,,,,,,,,,,,,,,,,,,,,,,,,,,,,,1765.59714795009,,,,,,,,,,,,,,,,,,,,,,,,,,,,,,1575,,,,,,,,,,,,,,,,,,,,,,,,,
1375,,,,,,,,,,,,,,,,,,,,,,,,,,,,,,,,,,,,,,,,,,,,,,,,1161.7010146954,,,,1703.70118844302,,1294,,,,,,,,,,,,,,,,,,,,,,,,,,,,,,,,,,,,,,,,,,,,,,,,,,,,,,,,,,,,1903.74331550802,,,,,,,,,,,,,,,,,,,,,,,,,,,,,,1557,,,,,,,,,,,,,,,,,,,,,,,,,
1376,,,,,,,,,,,,,,,,,,,,,,,,,,,,,,,,,,,,,,,,,,,,,,,,1179.40057088901,,,,1646.09181817377,,1495,,,,,,,,,,,,,,,,,,,,,,,,,,,,,,,,,,,,,,,,,,,,,,,,,,,,,,,,,,,,1954.54545454545,,,,,,,,,,,,,,,,,,,,,,,,,,,,,,1541,,,,,,,,,,,,,,,,,,,,,,,,,
1377,,,,,,,,,,,,,,,,,,,,,,,,,,,,,,,,,,,,,,,,,,,,,,,,1196.24893765345,,,,1698.68679785055,,1539,,,,,,,,,,,,,,,,,,,,,,,,,,,,,,,,,,,,,,,,,,,,,,,,,,,,,,,,,,,,1975.93582887701,,,,,,,,,,,,,,,,,,,,,,,,,,,,,,1530,,,,,,,,,,,,,,,,,,,,,,,,,
1378,,,,,,,,,,,,,,,,,,,,,,,,,,,,,,,,,,,,,,,,,,,,,,,,1193.35597412047,,,,1637.35601884112,,1523,,,,,,,,,,,,,,,,,,,,,,,,,,,,,,,,,,,,,,,,,,,,,,,,,,,,,,,,,,,,2030.30303030303,,,,,,,,,,,,,,,,,,,,,,,,,,,,,,1519,,,,,,,,,,,,,,,,,,,,,,,,,
1379,,,,,,,,,,,,,,,,,,,,,,,,,,,,,,,,,,,,,,,,,,,,,,,,1180.64292808316,,,,1617.41073501067,,1398,,,,,,,,,,,,,,,,,,,,,,,,,,,,,,,,,,,,,,,,,,,,,,,,,,,,,,,,,,,,1980.39215686275,,,,,,,,,,,,,,,,,,,,,,,,,,,,,,1508,,,,,,,,,,,,,,,,,,,,,,,,,
1380,,,,,,,,,,,,,,,,,,,,,,,,,,,,,,,,,,,,,,,,,,,,,,,,1209.40902552655,,,,1723.12169565385,,1462,,,,,,,,,,,,,,,,,,,,,,,,,,,,,,,,,,,,,,,,,,,,,,,,,,,,,,,,,,,,2055.25846702317,,,,,,,,,,,,,,,,,,,,,,,,,,,,,,1503,,,,,,,,,,,,,,,,,,,,,,,,,
1381,,,,,,,,,,,,,,,,,,,,,,,,,,,,,,,,,,,,,,,,,,,,,,,,1233.49599141117,,,,1444.67094179991,,1500,,,,,,,,,,,,,,,,,,,,,,,,,,,,,,,,,,,,,,,,,,,,,,,,,,,,,,,,,,,,1950.08912655971,,,,,,,,,,,,,,,,,,,,,,,,,,,,,,1492,,,,,,,,,,,,,,,,,,,,,,,,,
1382,,,,,,,,,,,,,,,,,,,,,,,,,,,,,,,,,,,,,,,,,,,,,,,,1255.59961046721,,,,1690.72419925989,,1553,,,,,,,,,,,,,,,,,,,,,,,,,,,,,,,,,,,,,,,,,,,,,,,,,,,,,,,,,,,,2010.69518716578,,,,,,,,,,,,,,,,,,,,,,,,,,,,,,1562,,,,,,,,,,,,,,,,,,,,,,,,,
1383,,,,,,,,,,,,,,,,,,,,,,,,,,,,,,,,,,,,,,,,,,,,,,,,1305.10149115982,,,,1799.08613693262,,1485,,,,,,,,,,,,,,,,,,,,,,,,,,,,,,,,,,,,,,,,,,,,,,,,,,,,,,,,,,,,2144.38502673797,,,,,,,,,,,,,,,,,,,,,,,,,,,,,,1559,,,,,,,,,,,,,,,,,,,,,,,,,
1384,,,,,,,,,,,,,,,,,,,,,,,,,,,,,,,,,,,,,,,,,,,,,,,,1233.8458543016,,,,1898.66154871166,,1680,,,,,,,,,,,,,,,,,,,,,,,,,,,,,,,,,,,,,,,,,,,,,,,,,,,,,,,,,,,,2297.68270944742,,,,,,,,,,,,,,,,,,,,,,,,,,,,,,1551,,,,,,,,,,,,,,,,,,,,,,,,,
1385,,,,,,,,,,,,,,,,,,,,,,,,,,,,,,,,,,,,,,,,,,,,,,,,1261.16658610695,,,,1854.07552324983,,1532,,,,,,,,,,,,,,,,,,,,,,,,,,,,,,,,,,,,,,,,,,,,,,,,,,,,,,,,,,,,2123.88591800356,,,,,,,,,,,,,,,,,,,,,,,,,,,,,,1546,,,,,,,,,,,,,,,,,,,,,,,,,
1386,,,,,,,,,,,,,,,,,,,,,,,,,,,,,,,,,,,,,,,,,,,,,,,,1234.3480351542,,,,1674.8041787618,,1714,,,,,,,,,,,,,,,,,,,,,,,,,,,,,,,,,,,,,,,,,,,,,,,,,,,,,,,,,,,,2248.66310160428,,,,,,,,,,,,,,,,,,,,,,,,,,,,,,1470,,,,,,,,,,,,,,,,,,,,,,,,,
1387,,,,,,,,,,,,,,,,,,,,,,,,,,,,,,,,,,,,,,,,,,,,,,,,1242.60020533079,,,,1692.52492098331,,1728,,,,,,,,,,,,,,,,,,,,,,,,,,,,,,,,,,,,,,,,,,,,,,,,,,,,,,,,,,,,2072.19251336898,,,,,,,,,,,,,,,,,,,,,,,,,,,,,,1462,,,,,,,,,,,,,,,,,,,,,,,,,
1388,,,,,,,,,,,,,,,,,,,,,,,,,,,,,,,,,,,,,,,,,,,,,,,,1229.68712037386,,,,1602.54107838047,,1599,,,,,,,,,,,,,,,,,,,,,,,,,,,,,,,,,,,,,,,,,,,,,,,,,,,,,,,,,,,,2108.73440285205,,,,,,,,,,,,,,,,,,,,,,,,,,,,,,1455,,,,,,,,,,,,,,,,,,,,,,,,,
1389,,,,,,,,,,,,,,,,,,,,,,,,,,,,,,,,,,,,,,,,,,,,,,,,1221.58049730573,,,,1595.39663211424,,1656,,,,,,,,,,,,,,,,,,,,,,,,,,,,,,,,,,,,,,,,,,,,,,,,,,,,,,,,,,,,2365.41889483066,,,,,,,,,,,,,,,,,,,,,,,,,,,,,,1466,,,,,,,,,,,,,,,,,,,,,,,,,
1390,,,,,,,,,,,,,,,,,,,,,,,,,,,,,,,,,,,,,,,,,,,,,,,,1291.83702201612,,,,1501.11361207736,,1554,,,,,,,,,,,,,,,,,,,,,,,,,,,,,,,,,,,,,,,,,,,,,,,,,,,,,,,,,,,,2265.59714795009,,,,,,,,,,,,,,,,,,,,,,,,,,,,,,1482,,,,,,,,,,,,,,,,,,,,,,,,,
1391,,,,,,,,,,,,,,,,,,,,,,,,,,,,,,,,,,,,,,,,,,,,,,,,1239.01767296759,,,,1431.9094878434,,1743,,,,,,,,,,,,,,,,,,,,,,,,,,,,,,,,,,,,,,,,,,,,,,,,,,,,,,,,,,,,2169.34046345811,,,,,,,,,,,,,,,,,,,,,,,,,,,,,,1494,,,,,,,,,,,,,,,,,,,,,,,,,
1392,,,,,,,,,,,,,,,,,,,,,,,,,,,,,,,,,,,,,,,,,,,,,,,,1281.08510892113,,,,1478.65406959696,,1967,,,,,,,,,,,,,,,,,,,,,,,,,,,,,,,,,,,,,,,,,,,,,,,,,,,,,,,,,,,,2228.16399286988,,,,,,,,,,,,,,,,,,,,,,,,,,,,,,1506,,,,,,,,,,,,,,,,,,,,,,,,,
1393,,,,,,,,,,,,,,,,,,,,,,,,,,,,,,,,,,,,,,,,,,,,,,,,1328.28545476156,,,,1716.17895887481,,1630,,,,,,,,,,,,,,,,,,,,,,,,,,,,,,,,,,,,,,,,,,,,,,,,,,,,,,,,,,,,2283.42245989305,,,,,,,,,,,,,,,,,,,,,,,,,,,,,,1519,,,,,,,,,,,,,,,,,,,,,,,,,
1394,,,,,,,,,,,,,,,,,,,,,,,,,,,,,,,,,,,,,,,,,,,,,,,,1335.97679876173,,,,1609.44255431303,,1795,,,,,,,,,,,,,,,,,,,,,,,,,,,,,,,,,,,,,,,,,,,,,,,,,,,,,,,,,,,,2203.20855614973,,,,,,,,,,,,,,,,,,,,,,,,,,,,,,1533,,,,,,,,,,,,,,,,,,,,,,,,,
1395,,,,,,,,,,,,,,,,,,,,,,,,,,,,,,,,,,,,,,,,,,,,,,,,1339.17608255194,,,,1698.7152864609,,1723,,,,,,,,,,,,,,,,,,,,,,,,,,,,,,,,,,,,,,,,,,,,,,,,,,,,,,,,,,,,2188.94830659537,,,,,,,,,,,,,,,,,,,,,,,,,,,,,,1545,,,,,,,,,,,,,,,,,,,,,,,,,
1396,,,,,,,,,,,,,,,,,,,,,,,,,,,,,,,,,,,,,,,,,,,,,,,,1311.81357068988,,,,1456.84733399797,,1738,,,,,,,,,,,,,,,,,,,,,,,,,,,,,,,,,,,,,,,,,,,,,,,,,,,,,,,,,,,,2066.8449197861,,,,,,,,,,,,,,,,,,,,,,,,,,,,,,1564,,,,,,,,,,,,,,,,,,,,,,,,,
1397,,,,,,,,,,,,,,,,,,,,,,,,,,,,,,,,,,,,,,,,,,,,,,,,1313.79656566445,,,,1631.71340738609,,1705,,,,,,,,,,,,,,,,,,,,,,,,,,,,,,,,,,,,,,,,,,,,,,,,,,,,,,,,,,,,1977.7183600713,,,,,,,,,,,,,,,,,,,,,,,,,,,,,,1524,,,,,,,,,,,,,,,,,,,,,,,,,
1398,,,,,,,,,,,,,,,,,,,,,,,,,,,,,,,,,,,,,,,,,,,,,,,,1325.52716247117,,,,1721.07373486369,,1830,,,,,,,,,,,,,,,,,,,,,,,,,,,,,,,,,,,,,,,,,,,,,,,,,,,,,,,,,,,,2138.14616755793,,,,,,,,,,,,,,,,,,,,,,,,,,,,,,1537,,,,,,,,,,,,,,,,,,,,,,,,,
1399,,,,,,,,,,,,,,,,,,,,,,,,,,,,,,,,,,,,,,,,,,,,,,,,1338.12196425109,,,,1628.71860176425,,1762,,,,,,,,,,,,,,,,,,,,,,,,,,,,,,,,,,,,,,,,,,,,,,,,,,,,,,,,,,,,2017.82531194296,,,,,,,,,,,,,,,,,,,,,,,,,,,,,,1548,,,,,,,,,,,,,,,,,,,,,,,,,
1400,,,,,,,,,,,,,,,,,,,,,,,,,,,1404.246,,,,,,,,,,,,,,,,,,,,1164,1339.76940522338,,,,1611.88523626158,,1717,,,,,,,,,,,,,,,,,,,,,,,,,,,,,,,,,,,,,,,,,,,,,,,,,,,,,,,,,,,,1917.11229946524,,,,,,,,,956,,,,,,,,,,,,,,,,,,,,,1543,,,,,,,,,,,,,,,,,,,,,,,,,
1401,,,,,,,,,,,,,,,,,,,,,,,,,,,,,,,,,,,,,,,,,,,,,,,,1322.23219016763,,,,1519.61326241584,,1696,,,,,,,,,,,,,,,,,,,,,,,,,,,,,,,,,,,,,,,,,,,,,,,,,,,,,,,,,,,,1943.85026737968,,,,,,,,,,,,,,,,,,,,,,,,,,,,,,1540,,,,,,,,,,,,,,,,,,,,,,,,,
1402,,,,,,,,,,,,,,,,,,,,,,,,,,,,,,,,,,,,,,,,,,,,,,,,1291.45414975278,,,,1546.24391658133,,1742,,,,,,,,,,,,,,,,,,,,,,,,,,,,,,,,,,,,,,,,,,,,,,,,,,,,,,,,,,,,1880.57040998217,,,,,,,,,,,,,,,,,,,,,,,,,,,,,,1537,,,,,,,,,,,,,,,,,,,,,,,,,
1403,,,,,,,,,,,,,,,,,,,,,,,,,,,,,,,,,,,,,,,,,,,,,,,,1214.11900030205,,,,1584.74711238982,,1770,,,,,,,,,,,,,,,,,,,,,,,,,,,,,,,,,,,,,,,,,,,,,,,,,,,,,,,,,,,,1957.2192513369,,,,,,,,,,,,,,,,,,,,,,,,,,,,,,1530,,,,,,,,,,,,,,,,,,,,,,,,,
1404,,,,,,,,,,,,,,,,,,,,,,,,,,,,,,,,,,,,,,,,,,,,,,,,1155.66300204201,,,,1691.25508152598,,1801,,,,,,,,,,,,,,,,,,,,,,,,,,,,,,,,,,,,,,,,,,,,,,,,,,,,,,,,,,,,2167.55793226381,,,,,,,,,,,,,,,,,,,,,,,,,,,,,,1524,,,,,,,,,,,,,,,,,,,,,,,,,
1405,,,,,,,,,,,,,,,,,,,,,,,,,,,,,,,,,,,,,,,,,,,,,,,,1175.3359634935,,,,1587.89782548705,,1805,,,,,,,,,,,,,,,,,,,,,,,,,,,,,,,,,,,,,,,,,,,,,,,,,,,,,,,,,,,,2043.67201426025,,,,,,,,,,,,,,,,,,,,,,,,,,,,,,1514,,,,,,,,,,,,,,,,,,,,,,,,,
1406,,,,,,,,,,,,,,,,,,,,,,,,,,,,,,,,,,,,,,,,,,,,,,,,1084.59193423711,,,,1610.88091154928,,1674,,,,,,,,,,,,,,,,,,,,,,,,,,,,,,,,,,,,,,,,,,,,,,,,,,,,,,,,,,,,2079.32263814617,,,,,,,,,,,,,,,,,,,,,,,,,,,,,,1510,,,,,,,,,,,,,,,,,,,,,,,,,
1407,,,,,,,,,,,,,,,,,,,,,,,,,,,,,,,,,,,,,,,,,,,,,,,,1167.92617984937,,,,1597.87318291491,,1677,,,,,,,,,,,,,,,,,,,,,,,,,,,,,,,,,,,,,,,,,,,,,,,,,,,,,,,,,,,,2021.39037433155,,,,,,,,,,,,,,,,,,,,,,,,,,,,,,1508,,,,,,,,,,,,,,,,,,,,,,,,,
1408,,,,,,,,,,,,,,,,,,,,,,,,,,,,,,,,,,,,,,,,,,,,,,,,1043.78127349706,,,,1571.95204928057,,1552,,,,,,,,,,,,,,,,,,,,,,,,,,,,,,,,,,,,,,,,,,,,,,,,,,,,,,,,,,,,2058.82352941176,,,,,,,,,,,,,,,,,,,,,,,,,,,,,,1503,,,,,,,,,,,,,,,,,,,,,,,,,
1409,,,,,,,,,,,,,,,,,,,,,,,,,,,,,,,,,,,,,,,,,,,,,,,,1220.24188323493,,,,1594.03825220202,,1607,,,,,,,,,,,,,,,,,,,,,,,,,,,,,,,,,,,,,,,,,,,,,,,,,,,,,,,,,,,,1897.50445632799,,,,,,,,,894,,,,,,,,,,,,,,,,,,,,,1498,,,,,,,,,,,,,,,,,,,,,,,,,
1410,,,,,,,,,,,,,,,,,,,,,,,,,,,1414,,,,,,,,,,,,,,,,,,,,,1221.62262057354,,,,1553.20017873282,,1708,,,,,,,,,,,,,,,,,,,,,,,,,,,,,,,,,,,,,,,,,,,,,,,,,,,,,,,,,,,,1966.13190730838,,,,,,,,,896,,,,,,,,,,,,,,,,,,,,,1498,,,,,,,,,,,,,,,,,,,,,,,,,
1411,,,,,,,,,,,,,,,,,,,,,,,,,,,,,,,,,,,,,,,,,,,,,,,,1223.94798236259,,,,1614.05646653681,,1673,,,,,,,,,,,,,,,,,,,,,,,,,,,,,,,,,,,,,,,,,,,,,,,,,,,,,,,,,,,,2063.2798573975,,,,,,,,,897,,,,,,,,,,,,,,,,,,,,,1500,,,,,,,,,,,,,,,,,,,,,,,,,
1412,,,,,,,,,,,,,,,,,,,,,,,,,,,,,,,,,,,,,,,,,,,,,,,,1227.34484160051,,,,1574.74422609273,,1635,,,,,,,,,,,,,,,,,,,,,,,,,,,,,,,,,,,,,,,,,,,,,,,,,,,,,,,,,,,,1950.98039215686,,,,,,,,,899,,,,,,,,,,,,,,,,,,,,,1503,,,,,,,,,,,,,,,,,,,,,,,,,
1413,,,,,,,,,,,,,,,,,,,,,,,,,,,,,,,,,,,,,,,,,,,,,,,,1231.99944268809,,,,1610.07190517037,,1483,,,,,,,,,,,,,,,,,,,,,,,,,,,,,,,,,,,,,,,,,,,,,,,,,,,,,,,,,,,,1861.85383244207,,,,,,,,,899,,,,,,,,,,,,,,,,,,,,,1511,,,,,,,,,,,,,,,,,,,,,,,,,
1414,,,,,,,,,,,,,,,,,,,,,,,,,,,,,,,,,,,,,,,,,,,,,,,,1237.98658206685,,,,1739.5381534101,,1686,,,,,,,,,,,,,,,,,,,,,,,,,,,,,,,,,,,,,,,,,,,,,,,,,,,,,,,,,,,,2098.93048128342,,,,,,,,,902,,,,,,,,,,,,,,,,,,,,,1519,,,,,,,,,,,,,,,,,,,,,,,,,
1415,,,,,,,,,,,,,,,,,,,,,,,,,,,,,,,,,,,,,,,,,,,,,,,,1245.30347957048,,,,1651.02673895585,,1726,,,,,,,,,,,,,,,,,,,,,,,,,,,,,,,,,,,,,,,,,,,,,,,,,,,,,,,,,,,,1932.26381461676,,,,,,,,,928,,,,,,,,,,,,,,,,,,,,,1517,,,,,,,,,,,,,,,,,,,,,,,,,
1416,,,,,,,,,,,,,,,,,,,,,,,,,,,,,,,,,,,,,,,,,,,,,,,,1236.66866090716,,,,1540.172870019,,1665,,,,,,,,,,,,,,,,,,,,,,,,,,,,,,,,,,,,,,,,,,,,,,,,,,,,,,,,,,,,1890.3743315508,,,,,,,,,939,,,,,,,,,,,,,,,,,,,,,1524,,,,,,,,,,,,,,,,,,,,,,,,,
1417,,,,,,,,,,,,,,,,,,,,,,,,,,,,,,,,,,,,,,,,,,,,,,,,1352.03753042159,,,,1624.45617665332,,1821,,,,,,,,,,,,,,,,,,,,,,,,,,,,,,,,,,,,,,,,,,,,,,,,,,,,,,,,,,,,1900.17825311943,,,,,,,,,948,,,,,,,,,,,,,,,,,,,,,1618,,,,,,,,,,,,,,,,,,,,,,,,,
1418,,,,,,,,,,,,,,,,,,,,,,,,,,,,,,,,,,,,,,,,,,,,,,,,1261.04886606895,,,,1606.32061615159,,1729,,,,,,,,,,,,,,,,,,,,,,,,,,,,,,,,,,,,,,,,,,,,,,,,,,,,,,,,,,,,1912.6559714795,,,,,,,,,960,,,,,,,,,,,,,,,,,,,,,1358,,,,,,,,,,,,,,,,,,,,,,,,,
1419,,,,,,,,,,,,,,,,,,,,,,,,,,,,,,,,,,,,,,,,,,,,,,,,1266.85107633133,,,,1521.97139266466,,1821,,,,,,,,,,,,,,,,,,,,,,,,,,,,,,,,,,,,,,,,,,,,,,,,,,,,,,,,,,,,1913.54723707665,,,,,,,,,969,,,,,,,,,,,,,,,,,,,,,1390,,,,,,,,,,,,,,,,,,,,,,,,,
1420,,,,,,,,,,,,,,,,,,,,,,,,,,,1412,,,,,,,,,,,,,,,,,,,,,1206.10815122545,,,,1599.62298862496,,1778,,,,,,,,,,,,,,,,,,,,,,,,,,,,,,,,,,,,,,,,,,,,,,,,,,,,,,,,,,,,1924.24242424242,,,,,,,,,980,,,,,,,,,,,,,,,,,,,,,1360,,,,,,,,,,,,,,,,,,,,,,,,,
1421,,,,,,,,,,,,,,,,,,,,,,,,,,,,,,,,,,,,,,,,,,,,,,,,1189.89496221029,,,,1631.26277605538,,1661,,,,,,,,,,,,,,,,,,,,,,,,,,,,,,,,,,,,,,,,,,,,,,,,,,,,,,,,,,,,1824.42067736185,,,,,,,,,988,,,,,,,,,,,,,,,,,,,,,1363,,,,,,,,,,,,,,,,,,,,,,,,,
1422,,,,,,,,,,,,,,,,,,,,,,,,,,,,,,,,,,,,,,,,,,,,,,,,1166.40349968347,,,,1605.15096775601,,1716,,,,,,,,,,,,,,,,,,,,,,,,,,,,,,,,,,,,,,,,,,,,,,,,,,,,,,,,,,,,1897.50445632799,,,,,,,,,998,,,,,,,,,,,,,,,,,,,,,1393,,,,,,,,,,,,,,,,,,,,,,,,,
1423,,,,,,,,,,,,,,,,,,,,,,,,,,,,,,,,,,,,,,,,,,,,,,,,941.595674126522,,,,1666.860180617,,1812,,,,,,,,,,,,,,,,,,,,,,,,,,,,,,,,,,,,,,,,,,,,,,,,,,,,,,,,,,,,1920.67736185383,,,,,,,,,1007,,,,,,,,,,,,,,,,,,,,,1452,,,,,,,,,,,,,,,,,,,,,,,,,
1424,,,,,,,,,,,,,,,,,,,,,,,,,,,,,,,,,,,,,,,,,,,,,,,,1097.79322641974,,,,1683.73095072813,,1827,,,,,,,,,,,,,,,,,,,,,,,,,,,,,,,,,,,,,,,,,,,,,,,,,,,,,,,,,,,,2072.19251336898,,,,,,,,,1020,,,,,,,,,,,,,,,,,,,,,1361,,,,,,,,,,,,,,,,,,,,,,,,,
1425,,,,,,,,,,,,,,,,,,,,,,,,,,,,,,,,,,,,,,,,,,,,,,,,1164.97918519546,,,,1509.51125220656,,1765,,,,,,,,,,,,,,,,,,,,,,,,,,,,,,,,,,,,,,,,,,,,,,,,,,,,,,,,,,,,1917.11229946524,,,,,,,,,1030,,,,,,,,,,,,,,,,,,,,,1525,,,,,,,,,,,,,,,,,,,,,,,,,
1426,,,,,,,,,,,,,,,,,,,,,,,,,,,,,,,,,,,,,,,,,,,,,,,,1162.68560398687,,,,1597.38328693343,,1712,,,,,,,,,,,,,,,,,,,,,,,,,,,,,,,,,,,,,,,,,,,,,,,,,,,,,,,,,,,,2093.58288770053,,,,,,,,,1019,,,,,,,,,,,,,,,,,,,,,1454,,,,,,,,,,,,,,,,,,,,,,,,,
1427,,,,,,,,,,,,,,,,,,,,,,,,,,,,,,,,,,,,,,,,,,,,,,,,1203.12168314007,,,,1645.73867722017,,1668,,,,,,,,,,,,,,,,,,,,,,,,,,,,,,,,,,,,,,,,,,,,,,,,,,,,,,,,,,,,2267.37967914438,,,,,,,,,1020,,,,,,,,,,,,,,,,,,,,,1443,,,,,,,,,,,,,,,,,,,,,,,,,
1428,,,,,,,,,,,,,,,,,,,,,,,,,,,,,,,,,,,,,,,,,,,,,,,,1290.70131482032,,,,1615.94778047518,,1567,,,,,,,,,,,,,,,,,,,,,,,,,,,,,,,,,,,,,,,,,,,,,,,,,,,,,,,,,,,,1880.57040998217,,,,,,,,,1022,,,,,,,,,,,,,,,,,,,,,1415,,,,,,,,,,,,,,,,,,,,,,,,,
1429,,,,,,,,,,,,,,,,,,,,,,,,,,,,,,,,,,,,,,,,,,,,,,,,1072.89753404484,,,,1384.59001676539,,1622,,,,,,,,,,,,,,,,,,,,,,,,,,,,,,,,,,,,,,,,,,,,,,,,,,,,,,,,,,,,1909.09090909091,,,,,,,,,1020,,,,,,,,,,,,,,,,,,,,,1441,,,,,,,,,,,,,,,,,,,,,,,,,
1430,,,,,,,,,,,,,,,,,,,,,,,,,,,1498,,,,,,,,,,,,,,,,,,,,,1350.41176051382,,,,1618.26335132449,,1669,,,,,,,,,,,,,,,,,,,,,,,,,,,,,,,,,,,,,,,,,,,,,,,,,,,,,,,,,,,,1914.4385026738,,,,,,,,,1019,,,,,,,,,,,,,,,,,,,,,1486,,,,,,,,,,,,,,,,,,,,,,,,,
1431,,,,,,,,,,,,,,,,,,,,,,,,,,,,,,,,,,,,,,,,,,,,,,,,1134.2972131595,,,,1552.97460272919,,1681,,,,,,,,,,,,,,,,,,,,,,,,,,,,,,,,,,,,,,,,,,,,,,,,,,,,,,,,,,,,1955.4367201426,,,,,,,,,1017,,,,,,,,,,,,,,,,,,,,,1376,,,,,,,,,,,,,,,,,,,,,,,,,
1432,,,,,,,,,,,,,,,,,,,,,,,,,,,,,,,,,,,,,,,,,,,,,,,,1204.20864945831,,,,1490.07194293929,,1664,,,,,,,,,,,,,,,,,,,,,,,,,,,,,,,,,,,,,,,,,,,,,,,,,,,,,,,,,,,,2229.05525846702,,,,,,,,,1014,,,,,,,,,,,,,,,,,,,,,1352,,,,,,,,,,,,,,,,,,,,,,,,,
1433,,,,,,,,,,,,,,,,,,,,,,,,,,,,,,,,,,,,,,,,,,,,,,,,1333.27631057592,,,,1480.42702399221,,1717,,,,,,,,,,,,,,,,,,,,,,,,,,,,,,,,,,,,,,,,,,,,,,,,,,,,,,,,,,,,2165.77540106952,,,,,,,,,1009,,,,,,,,,,,,,,,,,,,,,1328,,,,,,,,,,,,,,,,,,,,,,,,,
1434,,,,,,,,,,,,,,,,,,,,,,,,,,,,,,,,,,,,,,,,,,,,,,,,1205.85458933293,,,,1497.62479828363,,1823,,,,,,,,,,,,,,,,,,,,,,,,,,,,,,,,,,,,,,,,,,,,,,,,,,,,,,,,,,,,2239.7504456328,,,,,,,,,1006,,,,,,,,,,,,,,,,,,,,,1326,,,,,,,,,,,,,,,,,,,,,,,,,
1435,,,,,,,,,,,,,,,,,,,,,,,,,,,,,,,,,,,,,,,,,,,,,,,,1041.15732921695,,,,1491.17833933613,,1623,,,,,,,,,,,,,,,,,,,,,,,,,,,,,,,,,,,,,,,,,,,,,,,,,,,,,,,,,,,,2319.96434937611,,,,,,,,,996,,,,,,,,,,,,,,,,,,,,,1242,,,,,,,,,,,,,,,,,,,,,,,,,
1436,,,,,,,,,,,,,,,,,,,,,,,,,,,,,,,,,,,,,,,,,,,,,,,,1174.6326924651,,,,1501.21256842937,,1515,,,,,,,,,,,,,,,,,,,,,,,,,,,,,,,,,,,,,,,,,,,,,,,,,,,,,,,,,,,,2135.47237076649,,,,,,,,,990,,,,,,,,,,,,,,,,,,,,,1208,,,,,,,,,,,,,,,,,,,,,,,,,
1437,,,,,,,,,,,,,,,,,,,,,,,,,,,,,,,,,,,,,,,,,,,,,,,,1120.7726496101,,,,1343.78040761432,,1457,,,,,,,,,,,,,,,,,,,,,,,,,,,,,,,,,,,,,,,,,,,,,,,,,,,,,,,,,,,,2177.36185383244,,,,,,,,,980,,,,,,,,,,,,,,,,,,,,,1211,,,,,,,,,,,,,,,,,,,,,,,,,
1438,,,,,,,,,,,,,,,,,,,,,,,,,,,,,,,,,,,,,,,,,,,,,,,,1051.85437692361,,,,1181.66570514636,,1533,,,,,,,,,,,,,,,,,,,,,,,,,,,,,,,,,,,,,,,,,,,,,,,,,,,,,,,,,,,,2133.68983957219,,,,,,,,,969,,,,,,,,,,,,,,,,,,,,,1272,,,,,,,,,,,,,,,,,,,,,,,,,
1439,,,,,,,,,,,,,,,,,,,,,,,,,,,,,,,,,,,,,,,,,,,,,,,,1077.07765480136,,,,1289.68318817464,,1605,,,,,,,,,,,,,,,,,,,,,,,,,,,,,,,,,,,,,,,,,,,,,,,,,,,,,,,,,,,,1982.17468805704,,,,,,,,,958,,,,,,,,,,,,,,,,,,,,,1272,,,,,,,,,,,,,,,,,,,,,,,,,
1440,,,,,,,,,,,,,,,,,,,,,,,,,,,1458,,,,,,,,,,,,,,,,,,,,,1157.73225015637,,,,1416.78459007843,,1623,,,,,,,,,,,,,,,,,,,,,,,,,,,,,,,,,,,,,,,,,,,,,,,,,,,,,,,,,,,,2081.10516934046,,,,,,,,,948,,,,,,,,,,,,,,,,,,,,,1248,,,,,,,,,,,,,,,,,,,,,,,,,
1441,,,,,,,,,,,,,,,,,,,,,,,,,,,,,,,,,,,,,,,,,,,,,,,,1237.33713068139,,,,1539.01035452427,,1438,,,,,,,,,,,,,,,,,,,,,,,,,,,,,,,,,,,,,,,,,,,,,,,,,,,,,,,,,,,,2131.01604278075,,,,,,,,,940,,,,,,,,,,,,,,,,,,,,,1278,,,,,,,,,,,,,,,,,,,,,,,,,
1442,,,,,,,,,,,,,,,,,,,,,,,,,,,,,,,,,,,,,,,,,,,,,,,,1432.99485383012,,,,1419.07684897065,,1492,,,,,,,,,,,,,,,,,,,,,,,,,,,,,,,,,,,,,,,,,,,,,,,,,,,,,,,,,,,,1996.43493761141,,,,,,,,,931,,,,,,,,,,,,,,,,,,,,,1307,,,,,,,,,,,,,,,,,,,,,,,,,
1443,,,,,,,,,,,,,,,,,,,,,,,,,,,,,,,,,,,,,,,,,,,,,,,,1170.18455282311,,,,1519.78597060912,,1808,,,,,,,,,,,,,,,,,,,,,,,,,,,,,,,,,,,,,,,,,,,,,,,,,,,,,,,,,,,,2141.71122994652,,,,,,,,,925,,,,,,,,,,,,,,,,,,,,,1299,,,,,,,,,,,,,,,,,,,,,,,,,
1444,,,,,,,,,,,,,,,,,,,,,,,,,,,,,,,,,,,,,,,,,,,,,,,,1175.78349742286,,,,1706.4083793982,,1810,,,,,,,,,,,,,,,,,,,,,,,,,,,,,,,,,,,,,,,,,,,,,,,,,,,,,,,,,,,,2280.7486631016,,,,,,,,,920,,,,,,,,,,,,,,,,,,,,,1339,,,,,,,,,,,,,,,,,,,,,,,,,
1445,,,,,,,,,,,,,,,,,,,,,,,,,,,,,,,,,,,,,,,,,,,,,,,,1273.28376705077,,,,1641.94168481535,,1564,,,,,,,,,,,,,,,,,,,,,,,,,,,,,,,,,,,,,,,,,,,,,,,,,,,,,,,,,,,,2150.623885918,,,,,,,,,913,,,,,,,,,,,,,,,,,,,,,1337,,,,,,,,,,,,,,,,,,,,,,,,,
1446,,,,,,,,,,,,,,,,,,,,,,,,,,,,,,,,,,,,,,,,,,,,,,,,1383.21790455997,,,,1479.63841020355,,1667,,,,,,,,,,,,,,,,,,,,,,,,,,,,,,,,,,,,,,,,,,,,,,,,,,,,,,,,,,,,2158.64527629234,,,,,,,,,909,,,,,,,,,,,,,,,,,,,,,1317,,,,,,,,,,,,,,,,,,,,,,,,,
1447,,,,,,,,,,,,,,,,,,,,,,,,,,,,,,,,,,,,,,,,,,,,,,,,1415.1098465516,,,,1517.48109065816,,1711,,,,,,,,,,,,,,,,,,,,,,,,,,,,,,,,,,,,,,,,,,,,,,,,,,,,,,,,,,,,2114.08199643494,,,,,,,,,905,,,,,,,,,,,,,,,,,,,,,1213,,,,,,,,,,,,,,,,,,,,,,,,,
1448,,,,,,,,,,,,,,,,,,,,,,,,,,,,,,,,,,,,,,,,,,,,,,,,1403.55384364563,,,,1575.43484350406,,1772,,,,,,,,,,,,,,,,,,,,,,,,,,,,,,,,,,,,,,,,,,,,,,,,,,,,,,,,,,,,2159.53654188948,,,,,,,,,904,,,,,,,,,,,,,,,,,,,,,1173,,,,,,,,,,,,,,,,,,,,,,,,,
1449,,,,,,,,,,,,,,,,,,,,,,,,,,,,,,,,,,,,,,,,,,,,,,,,1434.9362231559,,,,1704.57556804576,,1629,,,,,,,,,,,,,,,,,,,,,,,,,,,,,,,,,,,,,,,,,,,,,,,,,,,,,,,,,,,,2179.14438502674,,,,,,,,,905,,,,,,,,,,,,,,,,,,,,,1631,,,,,,,,,,,,,,,,,,,,,,,,,
1450,,,,,,,,,,,,,,,,,,,,,,,,,,,1375.38,,,,,,,,,,,,,,,,,,,,,1419.70054089624,,,,1522.10651372166,,1683,,,,,,,,,,,,,,,,,,,,,,,,866.55,,,,,,,,,,,,,,,,,,,,,,,,,,,,,,,,,,,,2201.42602495544,,,,,,,,,905,,,,,,,,,,,,,,,,,,,,,1557,,,,,,,,,,,781,,,,,,,,,,,,,,
1451,,,,,,,,,,,,,,,,,,,,,,,,,,,,,,,,,,,,,,,,,,,,,,,,1371.98210770485,,,,1698.84829169338,,1685,,,,,,,,,,,,,,,,,,,,,2529.99166740266,,,,,,,,,,,,,,,,,,,,,,,,,,,,,,,,,,,,,,,2392.1568627451,,,,,,,,,907,,,,,,,,,,,,,,,,,,,,,1388,,,,,,,,,,,,,,,,,,,,,,,,,
1452,,,,,,,,,,,,,,,,,,,,,,,,,,,,,,,,,,,,,,,,,,,,,,,,1385.20104195136,,,,1674.14622117249,,1663,,,,,,,,,,,,,,,,,,,,,,,,,,,,,,,,,,,,,,,,,,,,,,,,,,,,,,,,,,,,2276.29233511586,,,,,,,,,907,,,,,,,,,,,,,,,,,,,,,1425,,,,,,,,,,,,,,,,,,,,,,,,,
1453,,,,,,,,,,,,,,,,,,,,,,,,,,,,,,,,,,,,,,,,,,,,,,,,1334.35749556705,,,,1844.6185182007,,1676,,,,,,,,,,,,,,,,,,,,,,,,,,,,,,,,,,,,,,,,,,,,,,,,,,,,,,,,,,,,2367.20142602496,,,,,,,,,909,,,,,,,,,,,,,,,,,,,,,1356,,,,,,,,,,,,,,,,,,,,,,,,,
1454,,,,,,,,,,,,,,,,,,,,,,,,,,,,,,,,,,,,,,,,,,,,,,,,1276.27744911696,,,,1772.40212213772,,1677,,,,,,,,,,,,,,,,,,,,,,,,,,,,,,,,,,,,,,,,,,,,,,,,,,,,,,,,,,,,2420.67736185383,,,,,,,,,910,,,,,,,,,,,,,,,,,,,,,1207,,,,,,,,,,,,,,,,,,,,,,,,,
1455,,,,,,,,,,,,,,,,,,,,,,,,,,,,,,,,,,,,,,,,,,,,,,,,1363.44672072497,,,,1451.96946969576,,1663,,,,,,,,,,,,,,,,,,,,,,,,,,,,,,,,,,,,,,,,,,,,,,,,,,,,,,,,,,,,2295.00891265597,,,,,,,,,910,,,,,,,,,,,,,,,,,,,,,1436,,,,,,,,,,,,,,,,,,,,,,,,,
1456,,,,,,,,,,,,,,,,,,,,,,,,,,,,,,,,,,,,,,,,,,,,,,,,1364.62796104638,,,,1358.34115538585,,1680,,,,,,,,,,,,,,,,,,,,,,,,,,,,,,,,,,,,,,,,,,,,,,,,,,,,,,,,,,,,2249.55436720143,,,,,,,,,901,,,,,,,,,,,,,,,,,,,,,2184,,,,,,,,,,,,,,,,,,,,,,,,,
1457,,,,,,,,,,,,,,,,,,,,,,,,,,,,,,,,,,,,,,,,,,,,,,,,1304.7061692662,,,,1357.87587516781,,1536,,,,,,,,,,,,,,,,,,,,,,,,,,,,,,,,,,,,,,,,,,,,,,,,,,,,,,,,,,,,2209.44741532977,,,,,,,,,889,,,,,,,,,,,,,,,,,,,,,2158,,,,,,,,,,,,,,,,,,,,,,,,,
1458,,,,,,,,,,,,,,,,,,,,,,,,,,,,,,,,,,,,,,,,,,,,,,,,1190.15370249018,,,,1420.57738178016,,1625,,,,,,,,,,,,,,,,,,,,,,,,,,,,,,,,,,,,,,,,,,,,,,,,,,,,,,,,,,,,2248.66310160428,,,,,,,,,878,,,,,,,,,,,,,,,,,,,,,1765,,,,,,,,,,,,,,,,,,,,,,,,,
1459,,,,,,,,,,,,,,,,,,,,,,,,,,,,,,,,,,,,,,,,,,,,,,,,1444.26631676576,,,,1393.5493912936,,1599,,,,,,,,,,,,,,,,,,,,,,,,,,,,,,,,,,,,,,,,,,,,,,,,,,,,,,,,,,,,2304.8128342246,,,,,,,,,869,,,,,,,,,,,,,,,,,,,,,1787,,,,,,,,,,,,,,,,,,,,,,,,,
1460,,,,,,,,,,,,,,,,,,,,,,,,,,,1324,,,,,,,,,,,,,,,,,,,,,1290.76526165415,,,,1272.92968729775,,1598,,,,,,,,,,,,,,,,,,,,,,,,,,,,,,,,,,,,,,,,,,,,,,,,,,,,,,,,,,,,2321.74688057041,,,,,,,,,858,,,,,,,,,,,,,,,,,,,,,1690,,,,,,,,,,,,,,,,,,,,,,,,,
1461,,,,,,,,,,,,,,,,,,,,,,,,,,,,,,,,,,,,,,,,,,,,,,,,1316.72859835702,,,,1451.20907440868,,1603,,,,,,,,,,,,,,,,,,,,,,,,,,,,,,,,,,,,,,,,,,,,,,,,,,,,,,,,,,,,2262.0320855615,,,,,,,,,846,,,,,,,,,,,,,,,,,,,,,1707,,,,,,,,,,,,,,,,,,,,,,,,,
1462,,,,,,,,,,,,,,,,,,,,,,,,,,,,,,,,,,,,,,,,,,,,,,,,1272.26827709733,,,,1619.39827913502,,1752,,,,,,,,,,,,,,,,,,,,,,,,,,,,,,,,,,,,,,,,,,,,,,,,,,,,,,,,,,,,2368.98395721925,,,,,,,,,835,,,,,,,,,,,,,,,,,,,,,1760,,,,,,,,,,,,,,,,,,,,,,,,,
1463,,,,,,,,,,,,,,,,,,,,,,,,,,,,,,,,,,,,,,,,,,,,,,,,1134.29514943368,,,,1674.1931517525,,1772,,,,,,,,,,,,,,,,,,,,,,,,,,,,,,,,,,,,,,,,,,,,,,,,,,,,,,,,,,,,2362.74509803922,,,,,,,,,822,,,,,,,,,,,,,,,,,,,,,1940,,,,,,,,,,,,,,,,,,,,,,,,,
1464,,,,,,,,,,,,,,,,,,,,,,,,,,,,,,,,,,,,,,,,,,,,,,,,1098.55821698604,,,,1625.61640606018,,1615,,,,,,,,,,,,,,,,,,,,,,,,,,,,,,,,,,,,,,,,,,,,,,,,,,,,,,,,,,,,2357.39750445633,,,,,,,,,811,,,,,,,,,,,,,,,,,,,,,1870,,,,,,,,,,,,,,,,,,,,,,,,,
1465,,,,,,,,,,,,,,,,,,,,,,,,,,,,,,,,,,,,,,,,,,,,,,,,1100.4498669195,,,,1618.58497663455,,1567,,,,,,,,,,,,,,,,,,,,,,,,,,,,,,,,,,,,,,,,,,,,,,,,,,,,,,,,,,,,2438.50267379679,,,,,,,,,800,,,,,,,,,,,,,,,,,,,,,1804,,,,,,,,,,,,,,,,,,,,,,,,,
1466,,,,,,,,,,,,,,,,,,,,,,,,,,,,,,,,,,,,,,,,,,,,,,,,1166.3050439662,,,,1624.77678273843,,1554,,,,,,,,,,,,,,,,,,,,,,,,,,,,,,,,,,,,,,,,,,,,,,,,,,,,,,,,,,,,2338.68092691622,,,,,,,,,789,,,,,,,,,,,,,,,,,,,,,1873,,,,,,,,,,,,,,,,,,,,,,,,,
1467,,,,,,,,,,,,,,,,,,,,,,,,,,,,,,,,,,,,,,,,,,,,,,,,1076.40108783385,,,,1732.55187041075,,1600,,,,,,,,,,,,,,,,,,,,,,,,,,,,,,,,,,,,,,,,,,,,,,,,,,,,,,,,,,,,2292.33511586453,,,,,,,,,789,,,,,,,,,,,,,,,,,,,,,1970,,,,,,,,,,,,,,,,,,,,,,,,,
1468,,,,,,,,,,,,,,,,,,,,,,,,,,,,,,,,,,,,,,,,,,,,,,,,1003.66690850759,,,,1730.6943508405,,1669,,,,,,,,,,,,,,,,,,,,,,,,,,,,,,,,,,,,,,,,,,,,,,,,,,,,,,,,,,,,2248.66310160428,,,,,,,,,791,,,,,,,,,,,,,,,,,,,,,2263,,,,,,,,,,,,,,,,,,,,,,,,,
1469,,,,,,,,,,,,,,,,,,,,,,,,,,,,,,,,,,,,,,,,,,,,,,,,1020.38415503965,,,,1777.74461596151,,1645,,,,,,,,,,,,,,,,,,,,,,,,,,,,,,,,,,,,,,,,,,,,,,,,,,,,,,,,,,,,2278.07486631016,,,,,,,,,791,,,,,,,,,,,,,,,,,,,,,1436,,,,,,,,,,,,,,,,,,,,,,,,,
1470,,,,,,,,,,,,,,,,,,,,,,,,,,,1341,,,,,,,,,,,,,,,,,,,,,928.233331189661,,,,1724.30571667067,,1597,,,,,,,,,,,,,,,,,,,,,,,,,,,,,,,,,,,,,,,,,,,,,,,,,,,,,,,,,,,,2279.85739750446,,,,,,,,,791,,,,,,,,,,,,,,,,,,,,,1529,,,,,,,,,,,,,,,,,,,,,,,,,
1471,,,,,,,,,,,,,,,,,,,,,,,,,,,,,,,,,,,,,,,,,,,,,,,,1063.08229267045,,,,1577.6974596924,,1525,,,,,,,,,,,,,,,,,,,,,,,,,,,,,,,,,,,,,,,,,,,,,,,,,,,,,,,,,,,,2237.9679144385,,,,,,,,,789,,,,,,,,,,,,,,,,,,,,,1812,,,,,,,,,,,,,,,,,,,,,,,,,
1472,,,,,,,,,,,,,,,,,,,,,,,,,,,,,,,,,,,,,,,,,,,,,,,,1072.22542232232,,,,1707.52354590728,,1575,,,,,,,,,,,,,,,,,,,,,,,,,,,,,,,,,,,,,,,,,,,,,,,,,,,,,,,,,,,,2335.11586452763,,,,,,,,,792,,,,,,,,,,,,,,,,,,,,,1704,,,,,,,,,,,,,,,,,,,,,,,,,
1473,,,,,,,,,,,,,,,,,,,,,,,,,,,,,,,,,,,,,,,,,,,,,,,,974.693228063545,,,,1563.03403077373,,1560,,,,,,,,,,,,,,,,,,,,,,,,,,,,,,,,,,,,,,,,,,,,,,,,,,,,,,,,,,,,2358.28877005348,,,,,,,,,802,,,,,,,,,,,,,,,,,,,,,1546,,,,,,,,,,,,,,,,,,,,,,,,,
1474,,,,,,,,,,,,,,,,,,,,,,,,,,,,,,,,,,,,,,,,,,,,,,,,1264.92488319855,,,,1630.73725191424,,1642,,,,,,,,,,,,,,,,,,,,,,,,,,,,,,,,,,,,,,,,,,,,,,,,,,,,,,,,,,,,2352.94117647059,,,,,,,,,810,,,,,,,,,,,,,,,,,,,,,1325,,,,,,,,,,,,,,,,,,,,,,,,,
1475,,,,,,,,,,,,,,,,,,,,,,,,,,,,,,,,,,,,,,,,,,,,,,,,1135.26348042667,,,,1571.18366337269,,1592,,,,,,,,,,,,,,,,,,,,,,,,,,,,,,,,,,,,,,,,,,,,,,,,,,,,,,,,,,,,2279.85739750446,,,,,,,,,818,,,,,,,,,,,,,,,,,,,,,1366,,,,,,,,,,,,,,,,,,,,,,,,,
1476,,,,,,,,,,,,,,,,,,,,,,,,,,,,,,,,,,,,,,,,,,,,,,,,1146.86033641354,,,,1549.75962837653,,1475,,,,,,,,,,,,,,,,,,,,,,,,,,,,,,,,,,,,,,,,,,,,,,,,,,,,,,,,,,,,2301.24777183601,,,,,,,,,826,,,,,,,,,,,,,,,,,,,,,1301,,,,,,,,,,,,,,,,,,,,,,,,,
1477,,,,,,,,,,,,,,,,,,,,,,,,,,,,,,,,,,,,,,,,,,,,,,,,1127.84856300455,,,,1505.45142259611,,1541,,,,,,,,,,,,,,,,,,,,,,,,,,,,,,,,,,,,,,,,,,,,,,,,,,,,,,,,,,,,2352.04991087344,,,,,,,,,837,,,,,,,,,,,,,,,,,,,,,1427,,,,,,,,,,,,,,,,,,,,,,,,,
1478,,,,,,,,,,,,,,,,,,,,,,,,,,,,,,,,,,,,,,,,,,,,,,,,1219.63618961646,,,,1441.77985040626,,1583,,,,,,,,,,,,,,,,,,,,,,,,,,,,,,,,,,,,,,,,,,,,,,,,,,,,,,,,,,,,2330.65953654189,,,,,,,,,845,,,,,,,,,,,,,,,,,,,,,1406,,,,,,,,,,,,,,,,,,,,,,,,,
1479,,,,,,,,,,,,,,,,,,,,,,,,,,,,,,,,,,,,,,,,,,,,,,,,1365.75809409291,,,,1467.80858591205,,1672,,,,,,,,,,,,,,,,,,,,,,,,,,,,,,,,,,,,,,,,,,,,,,,,,,,,,,,,,,,,2272.72727272727,,,,,,,,,850,,,,,,,,,,,,,,,,,,,,,1352,,,,,,,,,,,,,,,,,,,,,,,,,
1480,,,,,,,,,,,,,,,,,,,,,,,,,,,1242,,,,,,,,,,,,,,,,,,,,,1126.07711423317,,,,1574.14652962063,,1718,,,,,,,,,,,,,,,,,,,,,,,,,,,,,,,,,,,,,,,,,,,,,,,,,,,,,,,,,,,,2302.13903743316,,,,,,,,,856,,,,,,,,,,,,,,,,,,,,,1366,,,,,,,,,,,,,,,,,,,,,,,,,
1481,,,,,,,,,,,,,,,,,,,,,,,,,,,,,,,,,,,,,,,,,,,,,,,,1335.06336225503,,,,1408.6856799724,,1640,,,,,,,,,,,,,,,,,,,,,,,,,,,,,,,,,,,,,,,,,,,,,,,,,,,,,,,,,,,,2272.72727272727,,,,,,,,,866,,,,,,,,,,,,,,,,,,,,,1588,,,,,,,,,,,,,,,,,,,,,,,,,
1482,,,,,,,,,,,,,,,,,,,,,,,,,,,,,,,,,,,,,,,,,,,,,,,,1181.97704790053,,,,1287.96307266799,,1566,,,,,,,,,,,,,,,,,,,,,,,,,,,,,,,,,,,,,,,,,,,,,,,,,,,,,,,,,,,,2200.53475935829,,,,,,,,,885,,,,,,,,,,,,,,,,,,,,,1674,,,,,,,,,,,,,,,,,,,,,,,,,
1483,,,,,,,,,,,,,,,,,,,,,,,,,,,,,,,,,,,,,,,,,,,,,,,,1238.21766880556,,,,1280.23747059643,,1641,,,,,,,,,,,,,,,,,,,,,,,,,,,,,,,,,,,,,,,,,,,,,,,,,,,,,,,,,,,,2197.86096256684,,,,,,,,,878,,,,,,,,,,,,,,,,,,,,,1661,,,,,,,,,,,,,,,,,,,,,,,,,
1484,,,,,,,,,,,,,,,,,,,,,,,,,,,,,,,,,,,,,,,,,,,,,,,,1344.1126139337,,,,1552.68944864105,,1623,,,,,,,,,,,,,,,,,,,,,,,,,,,,,,,,,,,,,,,,,,,,,,,,,,,,,,,,,,,,2252.22816399287,,,,,,,,,869,,,,,,,,,,,,,,,,,,,,,1661,,,,,,,,,,,,,,,,,,,,,,,,,
1485,,,,,,,,,,,,,,,,,,,,,,,,,,,,,,,,,,,,,,,,,,,,,,,,1176.42243102507,,,,1515.30337229911,,1532,,,,,,,,,,,,,,,,,,,,,,,,,,,,,,,,,,,,,,,,,,,,,,,,,,,,,,,,,,,,2222.81639928699,,,,,,,,,861,,,,,,,,,,,,,,,,,,,,,1663,,,,,,,,,,,,,,,,,,,,,,,,,
1486,,,,,,,,,,,,,,,,,,,,,,,,,,,,,,,,,,,,,,,,,,,,,,,,1107.16399739362,,,,1439.26508426185,,1696,,,,,,,,,,,,,,,,,,,,,,,,,,,,,,,,,,,,,,,,,,,,,,,,,,,,,,,,,,,,2235.29411764706,,,,,,,,,850,,,,,,,,,,,,,,,,,,,,,1564,,,,,,,,,,,,,,,,,,,,,,,,,
1487,,,,,,,,,,,,,,,,,,,,,,,,,,,,,,,,,,,,,,,,,,,,,,,,1263.30761885571,,,,1528.50114469874,,1548,,,,,,,,,,,,,,,,,,,,,,,,,,,,,,,,,,,,,,,,,,,,,,,,,,,,,,,,,,,,2239.7504456328,,,,,,,,,845,,,,,,,,,,,,,,,,,,,,,1583,,,,,,,,,,,,,,,,,,,,,,,,,
1488,,,,,,,,,,,,,,,,,,,,,,,,,,,,,,,,,,,,,,,,,,,,,,,,1125.52063529447,,,,1442.15270357126,,1579,,,,,,,,,,,,,,,,,,,,,,,,,,,,,,,,,,,,,,,,,,,,,,,,,,,,,,,,,,,,2248.66310160428,,,,,,,,,845,,,,,,,,,,,,,,,,,,,,,1583,,,,,,,,,,,,,,,,,,,,,,,,,
1489,,,,,,,,,,,,,,,,,,,,,,,,,,,,,,,,,,,,,,,,,,,,,,,,1152.07201873232,,,,1417.57917062317,,1612,,,,,,,,,,,,,,,,,,,,,,,,,,,,,,,,,,,,,,,,,,,,,,,,,,,,,,,,,,,,2214.79500891266,,,,,,,,,842,,,,,,,,,,,,,,,,,,,,,1604,,,,,,,,,,,,,,,,,,,,,,,,,
1490,,,,,,,,,,,,,,,,,,,,,,,,,,,1189,,,,,,,,,,,,,,,,,,,,,1109.97205519999,,,,1484.6576774928,,1620,,,,,,,,,,,,,,,,,,,,,,,,,,,,,,,,,,,,,,,,,,,,,,,,,,,,,,,,,,,,2272.72727272727,,,,,,,,,845,,,,,,,,,,,,,,,,,,,,,1503,,,,,,,,,,,,,,,,,,,,,,,,,
1491,,,,,,,,,,,,,,,,,,,,,,,,,,,,,,,,,,,,,,,,,,,,,,,,1275.6680317485,,,,1492.39970732589,,1632,,,,,,,,,,,,,,,,,,,,,,,,,,,,,,,,,,,,,,,,,,,,,,,,,,,,,,,,,,,,2240.64171122995,,,,,,,,,846,,,,,,,,,,,,,,,,,,,,,1723,,,,,,,,,,,,,,,,,,,,,,,,,
1492,,,,,,,,,,,,,,,,,,,,,,,,,,,,,,,,,,,,,,,,,,,,,,,,1222.96188470366,,,,1469.62902668606,,1649,,,,,,,,,,,,,,,,,,,,,,,,,,,,,,,,,,,,,,,,,,,,,,,,,,,,,,,,,,,,2251.33689839572,,,,,,,,,850,,,,,,,,,,,,,,,,,,,,,1777,,,,,,,,,,,,,,,,,,,,,,,,,
1493,,,,,,,,,,,,,,,,,,,,,,,,,,,,,,,,,,,,,,,,,,,,,,,,1310.37194660625,,,,1407.85476640358,,1620,,,,,,,,,,,,,,,,,,,,,,,,,,,,,,,,,,,,,,,,,,,,,,,,,,,,,,,,,,,,2241.53297682709,,,,,,,,,846,,,,,,,,,,,,,,,,,,,,,1804,,,,,,,,,,,,,,,,,,,,,,,,,
1494,,,,,,,,,,,,,,,,,,,,,,,,,,,,,,,,,,,,,,,,,,,,,,,,1210.85244530282,,,,1547.54661937071,,1695,,,,,,,,,,,,,,,,,,,,,,,,,,,,,,,,,,,,,,,,,,,,,,,,,,,,,,,,,,,,2324.42067736185,,,,,,,,,866,,,,,,,,,,,,,,,,,,,,,1502,,,,,,,,,,,,,,,,,,,,,,,,,
1495,,,,,,,,,,,,,,,,,,,,,,,,,,,,,,,,,,,,,,,,,,,,,,,,1229.7735025796,,,,1687.25408325722,,1659,,,,,,,,,,,,,,,,,,,,,,,,,,,,,,,,,,,,,,,,,,,,,,,,,,,,,,,,,,,,2307.48663101604,,,,,,,,,885,,,,,,,,,,,,,,,,,,,,,1460,,,,,,,,,,,,,,,,,,,,,,,,,
1496,,,,,,,,,,,,,,,,,,,,,,,,,,,,,,,,,,,,,,,,,,,,,,,,1211.18539691372,,,,1692.68166252936,,1605,,,,,,,,,,,,,,,,,,,,,,,,,,,,,,,,,,,,,,,,,,,,,,,,,,,,,,,,,,,,2278.07486631016,,,,,,,,,897,,,,,,,,,,,,,,,,,,,,,1430,,,,,,,,,,,,,,,,,,,,,,,,,
1497,,,,,,,,,,,,,,,,,,,,,,,,,,,,,,,,,,,,,,,,,,,,,,,,1344.15541164906,,,,1620.60359460964,,1710,,,,,,,,,,,,,,,,,,,,,,,,,,,,,,,,,,,,,,,,,,,,,,,,,,,,,,,,,,,,2309.26916221034,,,,,,,,,918,,,,,,,,,,,,,,,,,,,,,1393,,,,,,,,,,,,,,,,,,,,,,,,,
1498,,,,,,,,,,,,,,,,,,,,,,,,,,,,,,,,,,,,,,,,,,,,,,,,1404.5295103653,,,,1533.22580711325,,1724,,,,,,,,,,,,,,,,,,,,,,,,,,,,,,,,,,,,,,,,,,,,,,,,,,,,,,,,,,,,2327.0944741533,,,,,,,,,931,,,,,,,,,,,,,,,,,,,,,1374,,,,,,,,,,,,,,,,,,,,,,,,,
1499,,,,,,,,,,,,,,,,,,,,,,,,,,,,,,,,,,,,,,,,,,,,,,,,1230.42679506265,,,,1566.75804028428,,1728,,,,,,,,,,,,,,,,,,,,,,,,,,,,,,,,,,,,,,,,,,,,,,,,,,,,,,,,,,,,2360.07130124777,,,,,,,,,932,,,,,,,,,,,,,,,,,,,,,1417,,,,,,,,,,,,,,,,,,,,,,,,,
1500,,,,,,,,,,,2338,,,,,,,,,,,,,,,,1207.278,,,,,,,,,,,,,1755.97371059808,,,,,,,1084,1117.99538370814,,,,1669.83682529436,,1697,,,,,,,,,,,,,,,,,,,,,,,,,,,,,,,,,,,,,,,,,,,,,,,,,,,,,,,,,,,,2332.44206773619,,,,,,,,,944,,,,,,,,,,,,,,,,,,,,,1760,,,,,,,,,,,768,,,,,,,,,,,,,,
1501,,,,,,,,,,,,,,,,,,,,,,,,,,,,,,,,,,,,,,,,1724.77961175975,,,,,,,,1167.65038166502,,,,1501.12511207864,,1633,,,,,,,,,,,,,,,,,,,,,2549.06994558165,,,,,,,,,,,,,,,,,,,,,,,,,,,,,,,,,,,,,,,2418.89483065954,,,,,,,,,952,,,,,,,,,,,,,,,,,,,,,1828,,,,,,,,,,,,,,,,,,,,,,,,,
1502,,,,,,,,,,,,,,,,,,,,,,,,,,,,,,,,,,,,,,,,1720.48080106721,,,,,,,,1249.92158228657,,,,1398.87199881743,,1689,,,,,,,,,,,,,,,,,,,,,,,,,,,,,,,,,,,,,,,,,,,,,,,,,,,,,,,,,,,,2329.76827094474,,,,,,,,,960,,,,,,,,,,,,,,,,,,,,,1643,,,,,,,,,,,,,,,,,,,,,,,,,
1503,,,,,,,,,,,,,,,,,,,,,,,,,,,,,,,,,,,,,,,,1685.62261944563,,,,,,,,1179.11938351763,,,,1479.00936602025,,1757,,,,,,,,,,,,,,,,,,,,,,,,,,,,,,,,,,,,,,,,,,,,,,,,,,,,,,,,,,,,2332.44206773619,,,,,,,,,948,,,,,,,,,,,,,,,,,,,,,1478,,,,,,,,,,,,,,,,,,,,,,,,,
1504,,,,,,,,,,,,,,,,,,,,,,,,,,,,,,,,,,,,,,,,1736.36901026584,,,,,,,,1235.49388821048,,,,1397.73416567423,,1758,,,,,,,,,,,,,,,,,,,,,,,,,,,,,,,,,,,,,,,,,,,,,,,,,,,,,,,,,,,,2480.39215686274,,,,,,,,,929,,,,,,,,,,,,,,,,,,,,,2144,,,,,,,,,,,,,,,,,,,,,,,,,
1505,,,,,,,,,,,,,,,,,,,,,,,,,,,,,,,,,,,,,,,,1789.32817529457,,,,,,,,1194.09814749235,,,,1355.20610979044,,1773,,,,,,,,,,,,,,,,,,,,,,,,,,,,,,,,,,,,,,,,,,,,,,,,,,,,,,,,,,,,2311.05169340463,,,,,,,,,931,,,,,,,,,,,,,,,,,,,,,1819,,,,,,,,,,,,,,,,,,,,,,,,,
1506,,,,,,,,,,,,,,,,,,,,,,,,,,,,,,,,,,,,,,,,1808.34543582924,,,,,,,,1231.9457738803,,,,1513.03536738179,,1776,,,,,,,,,,,,,,,,,,,,,,,,,,,,,,,,,,,,,,,,,,,,,,,,,,,,,,,,,,,,2307.48663101604,,,,,,,,,932,,,,,,,,,,,,,,,,,,,,,1980,,,,,,,,,,,,,,,,,,,,,,,,,
1507,,,,,,,,,,,,,,,,,,,,,,,,,,,,,,,,,,,,,,,,1826.36968192421,,,,,,,,1315.26178379857,,,,1502.7952221953,,1740,,,,,,,,,,,,,,,,,,,,,,,,,,,,,,,,,,,,,,,,,,,,,,,,,,,,,,,,,,,,2314.61675579323,,,,,,,,,936,,,,,,,,,,,,,,,,,,,,,1785,,,,,,,,,,,,,,,,,,,,,,,,,
1508,,,,,,,,,,,,,,,,,,,,,,,,,,,,,,,,,,,,,,,,1804.65107973675,,,,,,,,1487.33410402979,,,,1448.63977549448,,1760,,,,,,,,,,,,,,,,,,,,,,,,,,,,,,,,,,,,,,,,,,,,,,,,,,,,,,,,,,,,2461.67557932264,,,,,,,,,937,,,,,,,,,,,,,,,,,,,,,2267,,,,,,,,,,,,,,,,,,,,,,,,,
1509,,,,,,,,,,,,,,,,,,,,,,,,,,,,,,,,,,,,,,,,1816.94532454586,,,,,,,,1469.67040314327,,,,1584.42261437735,,1837,,,,,,,,,,,,,,,,,,,,,,,,,,,,,,,,,,,,,,,,,,,,,,,,,,,,,,,,,,,,2505.34759358289,,,,,,,,,942,,,,,,,,,,,,,,,,,,,,,2570,,,,,,,,,,,,,,,,,,,,,,,,,
1510,,,,,,,,,,,,,,,,,,,,,,,,,,,1274,,,,,,,,,,,,,1805.63707381777,,,,,,,,1368.18480392827,,,,1589.59650809099,,1768,,,,,,,,,,,,,,,,,,,,,,,,,,,,,,,,,,,,,,,,,,,,,,,,,,,,,,,,,,,,2439.39393939394,,,,,,,,,948,,,,,,,,,,,,,,,,,,,,,2255,,,,,,,,,,,,,,,,,,,,,,,,,
1511,,,,,,,,,,,,,,,,,,,,,,,,,,,,,,,,,,,,,,,,1757.33574426727,,,,,,,,1399.07756238819,,,,1588.78088645606,,1799,,,,,,,,,,,,,,,,,,,,,,,,,,,,,,,,,,,,,,,,,,,,,,,,,,,,,,,,,,,,2508.02139037433,,,,,,,,,952,,,,,,,,,,,,,,,,,,,,,2225,,,,,,,,,,,,,,,,,,,,,,,,,
1512,,,,,,,,,,,,,,,,,,,,,,,,,,,,,,,,,,,,,,,,1735.67045317402,,,,,,,,1409.32802840685,,,,1411.005961212,,1715,,,,,,,,,,,,,,,,,,,,,,,,,,,,,,,,,,,,,,,,,,,,,,,,,,,,,,,,,,,,2585.5614973262,,,,,,,,,952,,,,,,,,,,,,,,,,,,,,,1986,,,,,,,,,,,,,,,,,,,,,,,,,
1513,,,,,,,,,,,,,,,,,,,,,,,,,,,,,,,,,,,,,,,,1785.16259267279,,,,,,,,1460.25640058175,,,,1424.74459300648,,1785,,,,,,,,,,,,,,,,,,,,,,,,,,,,,,,,,,,,,,,,,,,,,,,,,,,,,,,,,,,,2667.55793226381,,,,,,,,,953,,,,,,,,,,,,,,,,,,,,,2037,,,,,,,,,,,,,,,,,,,,,,,,,
1514,,,,,,,,,,,,,,,,,,,,,,,,,,,,,,,,,,,,,,,,1739.02793218604,,,,,,,,1437.55224081163,,,,1524.38627841001,,1777,,,,,,,,,,,,,,,,,,,,,,,,,,,,,,,,,,,,,,,,,,,,,,,,,,,,,,,,,,,,2795.90017825312,,,,,,,,,971,,,,,,,,,,,,,,,,,,,,,1728,,,,,,,,,,,,,,,,,,,,,,,,,
1515,,,,,,,,,,,,,,,,,,,,,,,,,,,,,,,,,,,,,,,,1755.03847103901,,,,,,,,1463.03333338205,,,,1458.88700320357,,1820,,,,,,,,,,,,,,,,,,,,,,,,,,,,,,,,,,,,,,,,,,,,,,,,,,,,,,,,,,,,2931.37254901961,,,,,,,,,972,,,,,,,,,,,,,,,,,,,,,1779,,,,,,,,,,,,,,,,,,,,,,,,,
1516,,,,,,,,,,,,,,,,,,,,,,,,,,,,,,,,,,,,,,,,1737.65122799747,,,,,,,,1424.94287019862,,,,1331.31012662782,,1800,,,,,,,,,,,,,,,,,,,,,,,,,,,,,,,,,,,,,,,,,,,,,,,,,,,,,,,,,,,,2635.47237076649,,,,,,,,,974,,,,,,,,,,,,,,,,,,,,,1710,,,,,,,,,,,,,,,,,,,,,,,,,
1517,,,,,,,,,,,,,,,,,,,,,,,,,,,,,,,,,,,,,,,,1676.75508687159,,,,,,,,1462.05505518474,,,,1360.32341596043,,1800,,,,,,,,,,,,,,,,,,,,,,,,,,,,,,,,,,,,,,,,,,,,,,,,,,,,,,,,,,,,2721.92513368984,,,,,,,,,976,,,,,,,,,,,,,,,,,,,,,1946,,,,,,,,,,,,,,,,,,,,,,,,,
1518,,,,,,,,,,,,,,,,,,,,,,,,,,,,,,,,,,,,,,,,1709.99907754227,,,,,,,,1412.43888731769,,,,1430.68590782313,,1805,,,,,,,,,,,,,,,,,,,,,,,,,,,,,,,,,,,,,,,,,,,,,,,,,,,,,,,,,,,,2736.18538324421,,,,,,,,,976,,,,,,,,,,,,,,,,,,,,,1819,,,,,,,,,,,,,,,,,,,,,,,,,
1519,,,,,,,,,,,,,,,,,,,,,,,,,,,,,,,,,,,,,,,,1737.50559322998,,,,,,,,1446.26206424221,,,,1410.46380379192,,1784,,,,,,,,,,,,,,,,,,,,,,,,,,,,,,,,,,,,,,,,,,,,,,,,,,,,,,,,,,,,2802.13903743316,,,,,,,,,976,,,,,,,,,,,,,,,,,,,,,2267,,,,,,,,,,,,,,,,,,,,,,,,,
1520,,,,,,,,,,,,,,,,,,,,,,,,,,,1166,,,,,,,,,,,,,1724.63794336698,,,,,,,,1381.09510339763,,,,1338.2413537856,,1755,,,,,,,,,,,,,,,,,,,,,,,,,,,,,,,,,,,,,,,,,,,,,,,,,,,,,,,,,,,,3010.69518716578,,,,,,,,,983,,,,,,,,,,,,,,,,,,,,,2418,,,,,,,,,,,,,,,,,,,,,,,,,
1521,,,,,,,,,,,,,,,,,,,,,,,,,,,,,,,,,,,,,,,,1730.28976254204,,,,,,,,1357.65867277689,,,,1340.41311626476,,1791,,,,,,,,,,,,,,,,,,,,,,,,,,,,,,,,,,,,,,,,,,,,,,,,,,,,,,,,,,,,3180.92691622103,,,,,,,,,982,,,,,,,,,,,,,,,,,,,,,2192,,,,,,,,,,,,,,,,,,,,,,,,,
1522,,,,,,,,,,,,,,,,,,,,,,,,,,,,,,,,,,,,,,,,1712.24563652189,,,,,,,,1353.1373177179,,,,1375.18121710596,,1818,,,,,,,,,,,,,,,,,,,,,,,,,,,,,,,,,,,,,,,,,,,,,,,,,,,,,,,,,,,,2936.7201426025,,,,,,,,,982,,,,,,,,,,,,,,,,,,,,,2251,,,,,,,,,,,,,,,,,,,,,,,,,
1523,,,,,,,,,,,,,,,,,,,,,,,,,,,,,,,,,,,,,,,,1715.79377398199,,,,,,,,1369.12007941016,,,,1441.68552245079,,1847,,,,,,,,,,,,,,,,,,,,,,,,,,,,,,,,,,,,,,,,,,,,,,,,,,,,,,,,,,,,2894.83065953654,,,,,,,,,980,,,,,,,,,,,,,,,,,,,,,2181,,,,,,,,,,,,,,,,,,,,,,,,,
1524,,,,,,,,,,,,,,,,,,,,,,,,,,,,,,,,,,,,,,,,1724.96726454963,,,,,,,,1351.8194403692,,,,1366.94868039614,,1866,,,,,,,,,,,,,,,,,,,,,,,,,,,,,,,,,,,,,,,,,,,,,,,,,,,,,,,,,,,,2937.61140819964,,,,,,,,,979,,,,,,,,,,,,,,,,,,,,,1315,,,,,,,,,,,,,,,,,,,,,,,,,
1525,,,,,,,,,,,,,,,,,,,,,,,,,,,,,,,,,,,,,,,,1734.87219274738,,,,,,,,1288.76503255664,,,,1414.63180299947,,1848,,,,,,,,,,,,,,,,,,,,,,,,,,,,,,,,,,,,,,,,,,,,,,,,,,,,,,,,,,,,2789.66131907308,,,,,,,,,976,,,,,,,,,,,,,,,,,,,,,1532,,,,,,,,,,,,,,,,,,,,,,,,,
1526,,,,,,,,,,,,,,,,,,,,,,,,,,,,,,,,,,,,,,,,1750.92963113515,,,,,,,,1293.86346727246,,,,1525.97028441908,,1852,,,,,,,,,,,,,,,,,,,,,,,,,,,,,,,,,,,,,,,,,,,,,,,,,,,,,,,,,,,,2740.64171122995,,,,,,,,,969,,,,,,,,,,,,,,,,,,,,,1519,,,,,,,,,,,,,,,,,,,,,,,,,
1527,,,,,,,,,,,,,,,,,,,,,,,,,,,,,,,,,,,,,,,,1702.30583306082,,,,,,,,1262.12713548982,,,,1417.12786890148,,1713,,,,,,,,,,,,,,,,,,,,,,,,,,,,,,,,,,,,,,,,,,,,,,,,,,,,,,,,,,,,2854.72370766488,,,,,,,,,968,,,,,,,,,,,,,,,,,,,,,1812,,,,,,,,,,,,,,,,,,,,,,,,,
1528,,,,,,,,,,,,,,,,,,,,,,,,,,,,,,,,,,,,,,,,1668.74162537695,,,,,,,,1244.59119431495,,,,1303.41880829098,,1722,,,,,,,,,,,,,,,,,,,,,,,,,,,,,,,,,,,,,,,,,,,,,,,,,,,,,,,,,,,,2539.21568627451,,,,,,,,,969,,,,,,,,,,,,,,,,,,,,,1938,,,,,,,,,,,,,,,,,,,,,,,,,
1529,,,,,,,,,,,,,,,,,,,,,,,,,,,,,,,,,,,,,,,,1644.58310563156,,,,,,,,1249.2561531185,,,,1343.06233300171,,1741,,,,,,,,,,,,,,,,,,,,,,,,,,,,,,,,,,,,,,,,,,,,,,,,,,,,,,,,,,,,3213.90374331551,,,,,,,,,969,,,,,,,,,,,,,,,,,,,,,1765,,,,,,,,,,,,,,,,,,,,,,,,,
1530,,,,,,,,,,,,,,,,,,,,,,,,,,,1187,,,,,,,,,,,,,1625.5774903918,,,,,,,,1211.32690121096,,,,1329.19149726584,,1755,,,,,,,,,,,,,,,,,,,,,,,,,,,,,,,,,,,,,,,,,,,,,,,,,,,,,,,,,,,,3388.59180035651,,,,,,,,,961,,,1281.11625967325,,,,,,,,,,,,,,,,,,1561,,,,,,,,,,,,,,,,,,,,,,,,,
1531,,,,,,,,,,,,,,,,,,,,,,,,,,,,,,,,,,,,,,,,1600.89140583091,,,,,,,,1404.1864945886,,,,1238.69210436603,,1689,,,,,,,,,,,,,,,,,,,,,,,,,,,,,,,,,,,,,,,,,,,,,,,,,,,,,,,,,,,,3441.17647058824,,,,,,,,,956,,,1382.3548736725,,,,,,,,,,,,,,,,,,1686,,,,,,,,,,,,,,,,,,,,,,,,,
1532,,,,,,,,,,,,,,,,,,,,,,,,,,,,,,,,,,,,,,,,1662.39242585509,,,,,,,,1399.75564596514,,,,1342.54529639357,,1741,,,,,,,,,,,,,,,,,,,,,,,,,,,,,,,,,,,,,,,,,,,,,,,,,,,,,,,,,,,,3222.81639928699,,,,,,,,,948,,,1416.7594341355,,,,,,,,,,,,,,,,,,1798,,,,,,,,,,,,,,,,,,,,,,,,,
1533,,,,,,,,,,,,,,,,,,,,,,,,,,,,,,,,,,,,,,,,1603.00500982696,,,,,,,,1336.01662014441,,,,1497.36525006265,,1725,,,,,,,,,,,,,,,,,,,,,,,,,,,,,,,,,,,,,,,,,,,,,,,,,,,,,,,,,,,,2835.11586452763,,,,,,,,,945,,,1461.5328105105,,,,,,,,,,,,,,,,,,1479,,,,,,,,,,,,,,,,,,,,,,,,,
1534,,,,,,,,,,,,,,,,,,,,,,,,,,,,,,,,,,,,,,,,1615.14989636576,,,,,,,,1498.79836529743,,,,1408.15268722485,,1795,,,,,,,,,,,,,,,,,,,,,,,,,,,,,,,,,,,,,,,,,,,,,,,,,,,,,,,,,,,,2998.2174688057,,,,,,,,,942,,,1360.886881536,,,,,,,,,,,,,,,,,,1490,,,,,,,,,,,,,,,,,,,,,,,,,
1535,,,,,,,,,,,,,,,,,,,,,,,,,,,,,,,,,,,,,,,,1652.13689946755,,,,,,,,1437.64568775948,,,,1537.95645691304,,1665,,,,,,,,,,,,,,,,,,,,,,,,,,,,,,,,,,,,,,,,,,,,,,,,,,,,,,,,,,,,3110.51693404635,,,,,,,,,939,,,1289.7027936975,,,,,,,,,,,,,,,,,,1403,,,,,,,,,,,,,,,,,,,,,,,,,
1536,,,,,,,,,,,,,,,,,,,,,,,,,,,,,,,,,,,,,,,,1720.80073207506,,,,,,,,1383.08604082189,,,,1557.18139715815,,1639,,,,,,,,,,,,,,,,,,,,,,,,,,,,,,,,,,,,,,,,,,,,,,,,,,,,,,,,,,,,3453.65418894831,,,,,,,,,950,,,1355.856221811,,,,,,,,,,,,,,,,,,1511,,,,,,,,,,,,,,,,,,,,,,,,,
1537,,,,,,,,,,,,,,,,,,,,,,,,,,,,,,,,,,,,,,,,1670.29977307153,,,,,,,,1560.92735789866,,,,1647.07053431447,,1758,,,,,,,,,,,,,,,,,,,,,,,,,,,,,,,,,,,,,,,,,,,,,,,,,,,,,,,,,,,,2778.96613190731,,,,,,,,,963,,,1274.85938259225,,,,,,,,,,,,,,,,,,1551,,,,,,,,,,,,,,,,,,,,,,,,,
1538,,,,,,,,,,,,,,,,,,,,,,,,,,,,,,,,,,,,,,,,1677.61068144414,,,,,,,,1443.47850995594,,,,1506.04853224682,,1657,,,,,,,,,,,,,,,,,,,,,,,,,,,,,,,,,,,,,,,,,,,,,,,,,,,,,,,,,,,,2916.22103386809,,,,,,,,,969,,,1209.875177056,,,,,,,,,,,,,,,,,,1583,,,,,,,,,,,,,,,,,,,,,,,,,
1539,,,,,,,,,,,,,,,,,,,,,,,,,,,,,,,,,,,,,,,,1608.68663782056,,,,,,,,1290.59375797626,,,,1486.35037051105,,1780,,,,,,,,,,,,,,,,,,,,,,,,,,,,,,,,,,,,,,,,,,,,,,,,,,,,,,,,,,,,2645.27629233512,,,,,,,,,971,,,1247.61238472325,,,,,,,,,,,,,,,,,,1302,,,,,,,,,,,,,,,,,,,,,,,,,
1540,,,,,,,,,,,,,,,,,,,,,,,,,,,1193,,,,,,,,,,,,,1541.56551599593,,,,,,,,1457.629111781,,,,1501.61310548254,,1713,,,,,,,,,,,,,,,,,,,,,,,,,,,,,,,,,,,,,,,,,,,,,,,,,,,,,,,,,,,,2403.74331550802,,,,,,,,,982,,,1217.85082585075,,,,,,,,,,,,,,,,,,1412,,,,,,,,,,,,,,,,,,,,,,,,,
1541,,,,,,,,,,,,,,,,,,,,,,,,,,,,,,,,,,,,,,,,1576.25992432161,,,,,,,,1505.35060540687,,,,1579.68403029954,,1659,,,,,,,,,,,,,,,,,,,,,,,,,,,,,,,,,,,,,,,,,,,,,,,,,,,,,,,,,,,,2213.90374331551,,,,,,,,,995,,,1260.73667153525,,,,,,,,,,,,,,,,,,1269,,,,,,,,,,,,,,,,,,,,,,,,,
1542,,,,,,,,,,,,,,,,,,,,,,,,,,,,,,,,,,,,,,,,1593.76796068276,,,,,,,,1253.43145520888,,,,1616.8888104962,,1711,,,,,,,,,,,,,,,,,,,,,,,,,,,,,,,,,,,,,,,,,,,,,,,,,,,,,,,,,,,,2390.3743315508,,,,,,,,,1007,,,1282.0459702505,,,,,,,,,,,,,,,,,,1390,,,,,,,,,,,,,,,,,,,,,,,,,
1543,,,,,,,,,,,,,,,,,,,,,,,,,,,,,,,,,,,,,,,,1541.20905859955,,,,,,,,1363.21598980631,,,,1520.59875195437,,1649,,,,,,,,,,,,,,,,,,,,,,,,,,,,,,,,,,,,,,,,,,,,,,,,,,,,,,,,,,,,2299.46524064171,,,,,,,,,1027,,,1301.0338407885,,,,,,,,,,,,,,,,,,1519,,,,,,,,,,,,,,,,,,,,,,,,,
1544,,,,,,,,,,,,,,,,,,,,,,,,,,,,,,,,,,,,,,,,1570.15499343346,,,,,,,,1493.8289880234,,,,1426.33504055857,,1734,,,,,,,,,,,,,,,,,,,,,,,,,,,,,,,,,,,,,,,,,,,,,,,,,,,,,,,,,,,,2426.02495543672,,,,,,,,,1041,,,1274.0546485485,,,,,,,,,,,,,,,,,,1530,,,,,,,,,,,,,,,,,,,,,,,,,
1545,,,,,,,,,,,,,,,,,,,,,,,,,,,,,,,,,,,,,,,,1531.28125109072,,,,,,,,1267.01212780562,,,,1205.80860800988,,1680,,,,,,,,,,,,,,,,,,,,,,,,,,,,,,,,,,,,,,,,,,,,,,,,,,,,,,,,,,,,2595.36541889483,,,,,,,,,1054,,,1267.15212944775,,,,,,,,,,,,,,,,,,1572,,,,,,,,,,,,,,,,,,,,,,,,,
1546,,,,,,,,,,,,,,,,,,,,,,,,,,,,,,,,,,,,,,,,1479.85375474174,,,,,,,,1391.47836380344,,,,1346.47539139424,,1705,,,,,,,,,,,,,,,,,,,,,,,,,,,,,,,,,,,,,,,,,,,,,,,,,,,,,,,,,,,,2190.73083778966,,,,,,,,,1063,,,1351.9357508475,,,,,,,,,,,,,,,,,,1592,,,,,,,,,,,,,,,,,,,,,,,,,
1547,,,,,,,,,,,,,,,,,,,,,,,,,,,,,,,,,,,,,,,,1588.88753456068,,,,,,,,1623.08133569646,,,,1614.99842043676,,1841,,,,,,,,,,,,,,,,,,,,,,,,,,,,,,,,,,,,,,,,,,,,,,,,,,,,,,,,,,,,2721.03386809269,,,,,,,,,1057,,,1384.662561282,,,,,,,,,,,,,,,,,,1412,,,,,,,,,,,,,,,,,,,,,,,,,
1548,,,,,,,,,,,,,,,,,,,,,,,,,,,,,,,,,,,,,,,,1577.62043346471,,,,,,,,1308.00368633496,,,,1556.49964577453,,1755,,,,,,,,,,,,,,,,,,,,,,,,,,,,,,,,,,,,,,,,,,,,,,,,,,,,,,,,,,,,2614.97326203209,,,,,,,,,1049,,,1396.718671075,,,,,,,,,,,,,,,,,,1561,,,,,,,,,,,,,,,,,,,,,,,,,
1549,,,,,,,,,,,,,,,,,,,,,,,,,,,,,,,,,,,,,,,,1551.54535527628,,,,,,,,1348.93427000442,,,,1375.82060582091,,1678,,,,,,,,,,,,,,,,,,,,,,,,,,,,,,,,,,,,,,,,,,,,,,,,,,,,,,,,,,,,2666.66666666667,,,,,,,,,1049,,,1361.904961053,,,,,,,,,,,,,,,,,,1634,,,,,,,,,,,,,,,,,,,,,,,,,
1550,,,,,,,,,,,2410,,,,,,,,,,,,,,,,1195,,,,,,,,,,,,,1500.45040101106,,,,,,,,1624.59909239148,,,,1431.73439886739,,1654,,,,,,,,,,,,,,,,,,,,,,,,,,,,,,,,,,,,,,,,,,,,574,,,,,,,,,,,,,,,,2884.13547237077,,,,,,,,,1041,,,1330.7799374415,,,,,,,,,,,,,,,,,,1655,,,,,,,,,,,,,,,,,,,,,,,,,
1551,,,,,,,,,,,,,,,,,,,,,,,,,,,,,,,,,,,,,,,,1441.51230298305,,,,,,,,1446.24320102278,,,,1335.99767899424,,1604,,,,,,,,,,,,,,,,,,,,,2340.26878995604,,,,,,,,,,,,,,,,,,,,,,,,,,,,,,,,,,,,,,,2632.79857397504,,,,,,,,,1038,,,1310.0495088135,,,,,,,,,,,,,,,,,,1723,,,,,,,,,,,,,,,,,,,,,,,,,
1552,,,,,,,,,,,,,,,,,,,,,,,,,,,,,,,,,,,,,,,,1439.15992771541,,,,,,,,1522.21613069471,,,,1330.09442089729,,1528,,,,,,,,,,,,,,,,,,,,,,,,,,,,,,,,,,,,,,,,,,,,,,,,,,,,,,,,,,,,3045.45454545455,,,,,,,,,1042,,,1413.9132244965,,,,,,,,,,,,,,,,,,1683,,,,,,,,,,,,,,,,,,,,,,,,,
1553,,,,,,,,,,,,,,,,,,,,,,,,,,,,,,,,,,,,,,,,1505.26709731777,,,,,,,,1567.1840348282,,,,1376.50533280343,,1781,,,,,,,,,,,,,,,,,,,,,,,,,,,,,,,,,,,,,,,,,,,,,,,,,,,,,,,,,,,,2557.93226381462,,,,,,,,,1044,,,1630.68135958,,,,,,,,,,,,,,,,,,1561,,,,,,,,,,,,,,,,,,,,,,,,,
1554,,,,,,,,,,,,,,,,,,,,,,,,,,,,,,,,,,,,,,,,1558.65642083598,,,,,,,,1505.18869757384,,,,1375.93038223925,,1616,,,,,,,,,,,,,,,,,,,,,,,,,,,,,,,,,,,,,,,,,,,,,,,,,,,,,,,,,,,,2741.53297682709,,,,,,,,,1047,,,1518.42590638375,,,,,,,,,,,,,,,,,,1559,,,,,,,,,,,,,,,,,,,,,,,,,
1555,,,,,,,,,,,,,,,,,,,,,,,,,,,,,,,,,,,,,,,,1561.27321440051,,,,,,,,1413.97715378026,,,,1388.47544141382,,1599,,,,,,,,,,,,,,,,,,,,,,,,,,,,,,,,,,,,,,,,,,,,,,,,,,,,,,,,,,,,3078.43137254902,,,,,,,,,1052,,,1347.503148446,,,,,,,,,,,,,,,,,,1530,,,,,,,,,,,,,,,,,,,,,,,,,
1556,,,,,,,,,,,,,,,,,,,,,,,,,,,,,,,,,,,,,,,,1569.89712696158,,,,,,,,1365.04617782779,,,,1263.31577958713,,1295,,,,,,,,,,,,,,,,,,,,,,,,,,,,,,,,,,,,,,,,,,,,,,,,,,,,,,,,,,,,3499.10873440285,,,,,,,,,1060,,,1221.429814332,,,,,,,,,,,,,,,,,,1580,,,,,,,,,,,,,,,,,,,,,,,,,
1557,,,,,,,,,,,,,,,,,,,,,,,,,,,,,,,,,,,,,,,,1553.56458639549,,,,,,,,1408.96862548944,,,,1289.74154846955,,1419,,,,,,,,,,,,,,,,,,,,,,,,,,,,,,,,,,,,,,,,,,,,,,,,,,,,,,,,,,,,3218.36007130125,,,,,,,,,1078,,,1235.05557859775,,,,,,,,,,,,,,,,,,1608,,,,,,,,,,,,,,,,,,,,,,,,,
1558,,,,,,,,,,,,,,,,,,,,,,,,,,,,,,,,,,,,,,,,1582.34558959457,,,,,,,,1428.90533624861,,,,1362.33609470673,,1843,,,,,,,,,,,,,,,,,,,,,,,,,,,,,,,,,,,,,,,,,,,,,,,,,,,,,,,,,,,,3295.90017825312,,,,,,,,,1103,,,1320.75713754075,,,,,,,,,,,,,,,,,,1600,,,,,,,,,,,,,,,,,,,,,,,,,
1559,,,,,,,,,,,,,,,,,,,,,,,,,,,,,,,,,,,,,,,,1544.29686173927,,,,,,,,1423.40265606978,,,,1353.24319316621,,1744,,,,,,,,,,,,,,,,,,,,,,,,,,,,,,,,,,,,,,,,,,,,,,,,,,,,,,,,,,,,2940.28520499109,,,,,,,,,1125,,,1353.80684009025,,,,,,,,,,,,,,,,,,1677,,,,,,,,,,,,,,,,,,,,,,,,,
1560,,,,,,,,,,,,,,,,,,,,,,,,,,,1200,,,,,,,,,,,,,1537.67544700603,,,,,,,,1607.11094310932,,,,1290.48229543345,,1753,,,,,,,,,,,,,,,,,,,,,,,,,,,,,,,,,,,,,,,,,,,,,,,,,,,,,,,,,,,,3083.77896613191,,,,,,,,,1146,,,1564.727745945,,,,,,,,,,,,,,,,,,1610,,,,,,,,,,,,,,,,,,,,,,,,,
1561,,,,,,,,,,,,,,,,,,,,,,,,,,,,,,,,,,,,,,,,1519.91935184361,,,,,,,,1432.67381437544,,,,1278.84899497054,,1778,,,,,,,,,,,,,,,,,,,,,,,,,,,,,,,,,,,,,,,,,,,,,,,,,,,,,,,,,,,,3457.2192513369,,,,,,,,,1162,,,1390.47078031225,,,,,,,,,,,,,,,,,,1487,,,,,,,,,,,,,,,,,,,,,,,,,
1562,,,,,,,,,,,,,,,,,,,,,,,,,,,,,,,,,,,,,,,,1501.39596666192,,,,,,,,1534.59645563642,,,,1269.52378697532,,1762,,,,,,,,,,,,,,,,,,,,,,,,,,,,,,,,,,,,,,,,,,,,,,,,,,,,,,,,,,,,3827.0944741533,,,,,,,,,1170,,,1385.8917027865,,,,,,,,,,,,,,,,,,1492,,,,,,,,,,,,,,,,,,,,,,,,,
1563,,,,,,,,,,,,,,,,,,,,,,,,,,,,,,,,,,,,,,,,1515.96873928021,,,,,,,,1648.77231764316,,,,1316.45140011815,,1913,,,,,,,,,,,,,,,,,,,,,,,,,,,,,,,,,,,,,,,,,,,,,,,,,,,,,,,,,,,,3490.19607843137,,,,,,,,,1172,,,1389.14256301275,,,,,,,,,,,,,,,,,,1565,,,,,,,,,,,,,,,,,,,,,,,,,
1564,,,,,,,,,,,,,,,,,,,,,,,,,,,,,,,,,,,,,,,,1535.39002904457,,,,,,,,1606.55179138244,,,,1328.60999869157,,1843,,,,,,,,,,,,,,,,,,,,,,,,,,,,,,,,,,,,,,,,,,,,,,,,,,,,,,,,,,,,3520.4991087344,,,,,,,,,1175,,,1454.108114641,,,,,,,,,,,,,,,,,,1688,,,,,,,,,,,,,,,,,,,,,,,,,
1565,,,,,,,,,,,,,,,,,,,,,,,,,,,,,,,,,,,,,,,,1539.47772572619,,,,,,,,1604.72328287874,,,,1308.92024551522,,1839,,,,,,,,,,,,,,,,,,,,,,,,,,,,,,,,,,,,,,,,,,,,,,,,,,,,,,,,,,,,3655.97147950089,,,,,,,,,1176,,,1474.5425972095,,,,,,,,,,,,,,,,,,1632,,,,,,,,,,,,,,,,,,,,,,,,,
1566,,,,,,,,,,,,,,,,,,,,,,,,,,,,,,,,,,,,,,,,1513.53753422099,,,,,,,,1515.4008238405,,,,1177.72737639052,,2056,,,,,,,,,,,,,,,,,,,,,,,,,,,,,,,,,,,,,,,,,,,,,,,,,,,,,,,,,,,,3084.67023172906,,,,,,,,,1170,,,1422.13932289975,,,,,,,,,,,,,,,,,,1854,,,,,,,,,,,,,,,,,,,,,,,,,
1567,,,,,,,,,,,,,,,,,,,,,,,,,,,,,,,,,,,,,,,,1510.39497638311,,,,,,,,1513.07004054773,,,,1316.26073797418,,1920,,,,,,,,,,,,,,,,,,,,,,,,,,,,,,,,,,,,,,,,,,,,,,,,,,,,,,,,,,,,3965.24064171123,,,,,,,,,1168,,,1456.6747351065,,,,,,,,,,,,,,,,,,1886,,,,,,,,,,,,,,,,,,,,,,,,,
1568,,,,,,,,,,,,,,,,,,,,,,,,,,,,,,,,,,,,,,,,1507.67247628239,,,,,,,,1579.60951071033,,,,1422.42101228774,,1911,,,,,,,,,,,,,,,,,,,,,,,,,,,,,,,,,,,,,,,,,,,,,,,,,,,,,,,,,,,,4090.90909090909,,,,,,,,,1170,,,1424.50538327825,,,,,,,,,,,,,,,,,,1830,,,,,,,,,,,,,,,,,,,,,,,,,
1569,,,,,,,,,,,,,,,,,,,,,,,,,,,,,,,,,,,,,,,,1508.31889893332,,,,,,,,1504.67413082256,,,,1528.08110296355,,1895,,,,,,,,,,,,,,,,,,,,,,,,,,,,,,,,,,,,,,,,,,,,,,,,,,,,,,,,,,,,2434.04634581105,,,,,,,,,1175,,,1376.2887513375,,,,,,,,,,,,,,,,,,1865,,,,,,,,,,,,,,,,,,,,,,,,,
1570,,,,,,,,,,,,,,,,,,,,,,,,,,,1237.842,,,,,,,,,,,,,1475.46960991945,,,,,,,,1483.51096877057,,,,1386.31342103955,,1737,,,,,,,,,,,,,,,,,,,,,,,,,,,,,,,,,,,,,,,,,,,,606,,,,,,,,,,,,,,,,2297.68270944742,,,,,,,,,1181,,,1433.40991486875,,,,,,,,,,,,,,,,,,1755,,,,,,,,,,,,,,,,,,,,,,,,,
1571,,,,,,,,,,,,,,,,,,,,,,,,,,,,,,,,,,,,,,,,1439.63580594562,,,,,,,,1585.39029968546,,,,1240.77450422706,,1737,,,,,,,,,,,,,,,,,,,,,,,,,,,,,,,,,,,,,,,,,,,,,,,,,,,,,,,,,,,,2456.32798573975,,,,,,,,,1180,,,1549.31768352725,,,,,,,,,,,,,,,,,,1497,,,,,,,,,,,,,,,,,,,,,,,,,
1572,,,,,,,,,,,,,,,,,,,,,,,,,,,,,,,,,,,,,,,,1464.34197277833,,,,,,,,1650.37238630577,,,,1233.69354188736,,1675,,,,,,,,,,,,,,,,,,,,,,,,,,,,,,,,,,,,,,,,,,,,,,,,,,,,,,,,,,,,2056.14973262032,,,,,,,,,1191,,,1573.93904192525,,,,,,,,,,,,,,,,,,1129,,,,,,,,,,,,,,,,,,,,,,,,,
1573,,,,,,,,,,,,,,,,,,,,,,,,,,,,,,,,,,,,,,,,1444.11775237222,,,,,,,,1472.76865907006,,,,1167.30698476674,,1914,,,,,,,,,,,,,,,,,,,,,,,,,,,,,,,,,,,,,,,,,,,,,,,,,,,,,,,,,,,,2258.46702317291,,,,,,,,,1205,,,1703.2443402975,,,,,,,,,,,,,,,,,,1323,,,,,,,,,,,,,,,,,,,,,,,,,
1574,,,,,,,,,,,,,,,,,,,,,,,,,,,,,,,,,,,,,,,,1463.85617870561,,,,,,,,1424.31310984396,,,,1191.07945544389,,1689,,,,,,,,,,,,,,,,,,,,,,,,,,,,,,,,,,,,,,,,,,,,,,,,,,,,,,,,,,,,2659.53654188948,,,,,,,,,1215,,,1632.66148682,,,,,,,,,,,,,,,,,,1409,,,,,,,,,,,,,,,,,,,,,,,,,
1575,,,,,,,,,,,,,,,,,,,,,,,,,,,,,,,,,,,,,,,,1509.86654309765,,,,,,,,1558.5777671957,,,,1304.08924367076,,1876,,,,,,,,,,,,,,,,,,,,,,,,,,,,,,,,,,,,,,,,,,,,,,,,,,,,,,,,,,,,2924.24242424242,,,,,,,,,1234,,,1344.58243066875,,,,,,,,,,,,,,,,,,1532,,,,,,,,,,,,,,,,,,,,,,,,,
1576,,,,,,,,,,,,,,,,,,,,,,,,,,,,,,,,,,,,,,,,1613.34220314938,,,,,,,,1474.67796829164,,,,1382.12844234731,,1929,,,,,,,,,,,,,,,,,,,,,,,,,,,,,,,,,,,,,,,,,,,,,,,,,,,,,,,,,,,,2860.07130124777,,,,,,,,,1253,,,1236.92277274475,,,,,,,,,,,,,,,,,,1567,,,,,,,,,,,,,,,,,,,,,,,,,
1577,,,,,,,,,,,,,,,,,,,,,,,,,,,,,,,,,,,,,,,,1594.68255081935,,,,,,,,1482.80266536919,,,,1383.78598318018,,1630,,,,,,,,,,,,,,,,,,,,,,,,,,,,,,,,,,,,,,,,,,,,,,,,,,,,,,,,,,,,3838.68092691622,,,,,,,,,1274,,,1222.86740819425,,,,,,,,,,,,,,,,,,1508,,,,,,,,,,,,,,,,,,,,,,,,,
1578,,,,,,,,,,,,,,,,,,,,,,,,,,,,,,,,,,,,,,,,1603.73031279935,,,,,,,,1343.66468038305,,,,1463.16278701508,,1854,,,,,,,,,,,,,,,,,,,,,,,,,,,,,,,,,,,,,,,,,,,,,,,,,,,,,,,,,,,,4064.17112299465,,,,,,,,,1291,,,1325.80113126825,,,,,,,,,,,,,,,,,,1500,,,,,,,,,,,,,,,,,,,,,,,,,
1579,,,,,,,,,,,,,,,,,,,,,,,,,,,,,,,,,,,,,,,,1540.38064602618,,,,,,,,1450.00692868996,,,,1345.31202762073,,1820,,,,,,,,,,,,,,,,,,,,,,,,,,,,,,,,,,,,,,,,,,,,,,,,,,,,,,,,,,,,3180.92691622103,,,,,,,,,1290,,,1334.9071241415,,,,,,,,,,,,,,,,,,1511,,,,,,,,,,,,,,,,,,,,,,,,,
1580,,,,,,,,,,,,,,,,,,,,,,,,,,,1217,,,,,,,,,,,,,1492.55965059693,,,,,,,,1446.40039175304,,,,1288.0773287574,,1716,,,,,,,,,,,,,,,,,,,,,,,,,,,,,,,,,,,,,,,,,,,,,,,,,,,,,,,,,,,,3292.33511586453,,,,,,,,,1286,,,1154.7009388915,,,,,,,,,,,,,,,,,,1478,,,,,,,,,,,,,,,,,,,,,,,,,
1581,,,,,,,,,,,,,,,,,,,,,,,,,,,,,,,,,,,,,,,,1509.61251300114,,,,,,,,1279.3943364659,,,,1445.06117975019,,1654,,,,,,,,,,,,,,,,,,,,,,,,,,,,,,,,,,,,,,,,,,,,,,,,,,,,,,,,,,,,3433.1550802139,,,,,,,,,1283,,,1204.58548175875,,,,,,,,,,,,,,,,,,1349,,,,,,,,,,,,,,,,,,,,,,,,,
1582,,,,,,,,,,,,,,,,,,,,,,,,,,,,,,,,,,,,,,,,1539.89309693851,,,,,,,,1328.57246875779,,,,1367.22923997417,,1476,,,,,,,,,,,,,,,,,,,,,,,,,,,,,,,,,,,,,,,,,,,,,,,,,,,,,,,,,,,,3567.73618538324,,,,,,,,,1280,,,1221.2695307995,,,,,,,,,,,,,,,,,,1578,,,,,,,,,,,,,,,,,,,,,,,,,
1583,,,,,,,,,,,,,,,,,,,,,,,,,,,,,,,,,,,,,,,,1542.22398359437,,,,,,,,1340.13003557039,,,,1345.87043646623,,1661,,,,,,,,,,,,,,,,,,,,,,,,,,,,,,,,,,,,,,,,,,,,,,,,,,,,,,,,,,,,3432.26381461676,,,,,,,,,1274,,,1256.797220679,,,,,,,,,,,,,,,,,,1568,,,,,,,,,,,,,,,,,,,,,,,,,
1584,,,,,,,,,,,,,,,,,,,,,,,,,,,,,,,,,,,,,,,,1517.73747723719,,,,,,,,1256.81770908717,,,,1357.57553838353,,1597,,,,,,,,,,,,,,,,,,,,,,,,,,,,,,,,,,,,,,,,,,,,,,,,,,,,,,,,,,,,3886.80926916221,,,,,,,,,1266,,,1308.18048185825,,,,,,,,,,,,,,,,,,1529,,,,,,,,,,,,,,,,,,,,,,,,,
1585,,,,,,,,,,,,,,,,,,,,,,,,,,,,,,,,,,,,,,,,1502.74803283557,,,,,,,,1510.15814797019,,,,1399.57399660564,,1396,,,,,,,,,,,,,,,,,,,,,,,,,,,,,,,,,,,,,,,,,,,,,,,,,,,,,,,,,,,,3380.57040998217,,,,,,,,,1261,,,1242.36453124875,,,,,,,,,,,,,,,,,,1554,,,,,,,,,,,,,,,,,,,,,,,,,
1586,,,,,,,,,,,,,,,,,,,,,,,,,,,,,,,,,,,,,,,,1467.76350511618,,,,,,,,1423.16604600234,,,,1116.33349261717,,1356,,,,,,,,,,,,,,,,,,,,,,,,,,,,,,,,,,,,,,,,,,,,,,,,,,,,,,,,,,,,3450.08912655971,,,,,,,,,1242,,,1385.9348741875,,,,,,,,,,,,,,,,,,1502,,,,,,,,,,,,,,,,,,,,,,,,,
1587,,,,,,,,,,,,,,,,,,,,,,,,,,,,,,,,,,,,,,,,1475.29647209535,,,,,,,,1387.80200615054,,,,1116.62116183348,,1502,,,,,,,,,,,,,,,,,,,,,,,,,,,,,,,,,,,,,,,,,,,,,,,,,,,,,,,,,,,,3987.52228163993,,,,,,,,,1224,,,1367.0257190135,,,,,,,,,,,,,,,,,,1419,,,,,,,,,,,,,,,,,,,,,,,,,
1588,,,,,,,,,,,,,,,,,,,,,,,,,,,,,,,,,,,,,,,,1473.92167969439,,,,,,,,1366.07450848063,,,,1325.52071546914,,1690,,,,,,,,,,,,,,,,,,,,,,,,,,,,,,,,,,,,,,,,,,,,,,,,,,,,,,,,,,,,3659.53654188948,,,,,,,,,1223,,,1286.611117064,,,,,,,,,,,,,,,,,,1411,,,,,,,,,,,,,,,,,,,,,,,,,
1589,,,,,,,,,,,,,,,,,,,,,,,,,,,,,,,,,,,,,,,,1462.93070172024,,,,,,,,1268.78907786746,,,,1372.02077839708,,1474,,,,,,,,,,,,,,,,,,,,,,,,,,,,,,,,,,,,,,,,,,,,,,,,,,,,,,,,,,,,3982.17468805704,,,,,,,,,1200,,,1208.49263719275,,,,,,,,,,,,,,,,,,1344,,,,,,,,,,,,,,,,,,,,,,,,,
1590,,,,,,,,,,,,,,,,,,,,,,,,,,,1217,,,,,,,,,,,,,1428.90500703148,,,,,,,,1396.87111572757,,,,1390.07588380805,,1558,,,,,,,,,,,,,,,,,,,,,,,,,,,,,,,,,,,,,,,,,,,,,,,,,,,,,,,,,,,,4050.80213903743,,,,,,,,,1186,,,1312.7738788255,,,,,,,,,,,,,,,,,,1510,,,,,,,,,,,,,,,,,,,,,,,,,
1591,,,,,,,,,,,,,,,,,,,,,,,,,,,,,,,,,,,,,,,,1445.21318432449,,,,,,,,1347.78117777914,,,,1258.52715205727,,1568,,,,,,,,,,,,,,,,,,,,,,,,,,,,,,,,,,,,,,,,,,,,,,,,,,,,,,,,,,,,3933.1550802139,,,,,,,,,1160,,,1163.4255609795,,,,,,,,,,,,,,,,,,1557,,,,,,,,,,,,,,,,,,,,,,,,,
1592,,,,,,,,,,,,,,,,,,,,,,,,,,,,,,,,,,,,,,,,1485.73744012815,,,,,,,,1380.7841636848,,,,1223.85262263278,,1692,,,,,,,,,,,,,,,,,,,,,,,,,,,,,,,,,,,,,,,,,,,,,,,,,,,,,,,,,,,,3838.68092691622,,,,,,,,,1143,,,1265.2220613305,,,,,,,,,,,,,,,,,,1305,,,,,,,,,,,,,,,,,,,,,,,,,
1593,,,,,,,,,,,,,,,,,,,,,,,,,,,,,,,,,,,,,,,,1471.94456057546,,,,,,,,1336.29017553154,,,,1255.26059106654,,1792,,,,,,,,,,,,,,,,,,,,,,,,,,,,,,,,,,,,,,,,,,,,,,,,,,,,,,,,,,,,3656.86274509804,,,,,,,,,1127,,,1321.0946187075,,,,,,,,,,,,,,,,,,1495,,,,,,,,,,,,,,,,,,,,,,,,,
1594,,,,,,,,,,,,,,,,,,,,,,,,,,,,,,,,,,,,,,,,1463.4267224631,,,,,,,,1396.55187342641,,,,1532.28825657106,,1454,,,,,,,,,,,,,,,,,,,,,,,,,,,,,,,,,,,,,,,,,,,,,,,,,,,,,,,,,,,,3887.70053475936,,,,,,,,,1113,,,1425.42294323975,,,,,,,,,,,,,,,,,,1423,,,,,,,,,,,,,,,,,,,,,,,,,
1595,,,,,,,,,,,,,,,,,,,,,,,,,,,,,,,,,,,,,,,,1458.4030961374,,,,,,,,1311.90130877352,,,,1529.32142681904,,1453,,,,,,,,,,,,,,,,,,,,,,,,,,,,,,,,,,,,,,,,,,,,746,,,,,,,,,,,,,,,,4207.66488413547,,,,,,,880,,1101,,,1420.22524650825,,,,,,,,,,,,,,,,,,1629,,,,,,,,,,,,,,,,,,,,,,,,,
1596,,,,,,,,,,,,,,,,,,,,,,,,,,,,,,,,,,,,,,,,1455.14420338016,,,,,,,,1359.12457690034,,,,1508.53719992188,,1379,,,,,,,,,,,,,,,,,,,,,,,,,,,,,,,,,,,,,,,,,,,,752,,,,,,,,,,,,,,,,4006.23885918004,,,,,,,905,,1078,,,1204.86913148875,,,,,,,,,,,,,,,,,,1462,,,,,,,,,,,,,,,,,,,,,,,,,
1597,,,,,,,,,,,,,,,,,,,,,,,,,,,,,,,,,,,,,,,,1462.46659320925,,,,,,,,1255.91643883222,,,,1221.68561310121,,1316,,,,,,,,,,,,,,,,,,,,,,,,,,,,,,,,,,,,,,,,,,,,740,,,,,,,,,,,,,,,,4490.19607843137,,,,,,,912,,1070,,,1081.11838409575,,,,,,,,,,,,,,,,,,1202,,,,,,,,,,,,,,,,,,,,,,,,,
1598,,,,,,,,,,,,,,,,,,,,,,,,,,,,,,,,,,,,,,,,1462.84824199333,,,,,,,,1225.60354327457,,,,1439.04495864713,,1569,,,,,,,,,,,,,,,,,,,,,,,,,,,,,,,,,,,,,,,,,,,,741,,,,,,,,,,,,,,,,3957.2192513369,,,,,,,977,,1058,,,1041.830550579,,,,,,,,,,,,,,,,,,1130,,,,,,,,,,,,,,,,,,,,,,,,,
1599,,,,,,,,,,,,,,,,,,,,,,,,,,,,,,,,,,,,,,,,1445.18311415303,,,,,,,,1234.72476282544,,,,1446.09060662092,,1788,,,,,,,,,,,,,,,,,,,,,,,,,,,,,,,,,,,,,,,,,,,,767,,,,,,,,,,,,,,,,4152.4064171123,,,,,,,936,,1038,,,1049.342905611,,,,,,,,,,,,,,,,,,1270,,,,,,,,,,,,,,,,,,,,,,,,,
1600,,,,,,,,,,,2533,,,,,,,,,,,,,,,,1217.466,,,,,,,,,,,,,1492.43550231455,,,,,,,,1295.08489026535,,,1191,1575.71187847341,,1691,,,,,,,,,,,,,,,1264,,,,,,,,,1061,,,,,,,,,,,,,,,,,,,,799,,,,,,,,,,,,,,,,4270.05347593583,,,,,,,921,,1038,,,1258.480964559,,,,,,,,,,,,,,,,,,1258,,,,,,,,,,,,,,,,,,,,,,,,,
1601,,,,,,,,,,,,,,,,,,,,,,,,,,,,,,,,,,,,,,,,1456.10467898582,,,,,,,,1287.94659807237,,,,1571.24764353965,,1671,,,,,,,,,,,,,,,,,,,,,2542.71051952199,,,,,,,,,,,,,,,,,,,,,,,811,,,,,,,,,,,,,,,,3790.55258467023,,,,,,,960,,1027,,,1393.82631858925,,,,,,,,,,,,,,,,,,1436,,,,,,,,,,,,,,,,,,,,,,,,,
1602,,,,,,,,,,,,,,,,,,,,,,,,,,,,,,,,,,,,,,,,1502.31534744421,,,,,,,,1246.02963140655,,,,1637.47591906571,,1751,,,,,,,,,,,,,,,,,,,,,,,,,,,,,,,,,,,,,,,,,,,,821,,,,,,,,,,,,,,,,3265.59714795009,,,,,,,964,,1020,,,1445.76886752025,,,,,,,,,,,,,,,,,,1242,,,,,,,,,,,,,,,,,,,,,,,,,
1603,,,,,,,,,,,,,,,,,,,,,,,,,,,,,,,,,,,,,,,,1501.04193695493,,,,,,,,1237.97372556593,,,,1561.27964302169,,1849,,,,,,,,,,,,,,,,,,,,,,,,,,,,,,,,,,,,,,,,,,,,835,,,,,,,,,,,,,,,,3849.376114082,,,,,,,918,,1012,,,1299.748903817,,,,,,,,,,,,,,,,,,1266,,,,,,,,,,,,,,,,,,,,,,,,,
1604,,,,,,,,,,,,,,,,,,,,,,,,,,,,,,,,,,,,,,,,1488.15349068805,,,,,,,,1190.65721815835,,,,1739.32072967657,,1967,,,,,,,,,,,,,,,,,,,,,,,,,,,,,,,,,,,,,,,,,,,,853,,,,,,,,,,,,,,,,3924.24242424242,,,,,,,910,,1007,,,1281.95933840975,,,,,,,,,,,,,,,,,,1376,,,,,,,,,,,,,,,,,,,,,,,,,
1605,,,,,,,,,,,,,,,,,,,,,,,,,,,,,,,,,,,,,,,,1571.61588865223,,,,,,,,1112.97458328447,,,,1583.62870321961,,1752,,,,,,,,,,,,,,,,,,,,,,,,,,,,,,,,,,,,,,,,,,,,867,,,,,,,,,,,,,,,,3278.07486631016,,,,,,,910,,1004,,,1365.54261022725,,,,,,,,,,,,,,,,,,1329,,,,,,,,,,,,,,,,,,,,,,,,,
1606,,,,,,,,,,,,,,,,,,,,,,,,,,,,,,,,,,,,,,,,1574.67826640894,,,,,,,,1145.43314689856,,,,1578.08792673815,,1831,,,,,,,,,,,,,,,,,,,,,,,,,,,,,,,,,,,,,,,,,,,,891,,,,,,,,,,,,,,,,3622.10338680927,,,,,,,913,,996,,,1385.23050554525,,,,,,,,,,,,,,,,,,1363,,,,,,,,,,,,,,,,,,,,,,,,,
1607,,,,,,,,,,,,,,,,,,,,,,,,,,,,,,,,,,,,,,,,1518.52517705014,,,,,,,,1151.56346345641,,,,1487.47518493593,,1660,,,,,,,,,,,,,,,,,,,,,,,,,,,,,,,,,,,,,,,,,,,,907,,,,,,,,,,,,,,,,3196.07843137255,,,,,,,931,,999,,,1350.31796975075,,,,,,,,,,,,,,,,,,1427,,,,,,,,,,,,,,,,,,,,,,,,,
1608,,,,,,,,,,,,,,,,,,,,,,,,,,,,,,,,,,,,,,,,1520.77359239956,,,,,,,,1193.19373771927,,,,1501.57487996839,,1571,,,,,,,,,,,,,,,,,,,,,,,,,,,,,,,,,,,,,,,,,,,,936,,,,,,,,,,,,,,,,4798.57397504456,,,,,,,936,,998,,,1281.2500941695,,,,,,,,,,,,,,,,,,1412,,,,,,,,,,,,,,,,,,,,,,,,,
1609,,,,,,,,,,,,,,,,,,,,,,,,,,,,,,,,,,,,,,,,1518.02738673298,,,,,,,,1185.89319277476,,,,1582.37516120371,,1812,,,,,,,,,,,,,,,,,,,,,,,,,,,,,,,,,,,,,,,,,,,,964,,,,,,,,,,,,,,,,4054.36720142602,,,,,,,1038,,996,,,1312.61775219575,,,,,,,,,,,,,,,,,,1519,,,,,,,,,,,,,,,,,,,,,,,,,
1610,,,,,,,,,,,,,,,,,,,,,,,,,,,1282,,,,,,,,,,,,,1461.39316299502,,,,,,,,1230.8217725149,,,,1666.45326285741,,1919,,,,,,,,,,,,,,,,,,,,,,,,,,,,,,,,,,,,,,,,,,,,976,,,,,,,,,,,,,,,,3365.41889483066,,,,,,,1076,,995,,,1471.38870144175,,,,,,,,,,,,,,,,,,1486,,,,,,,,,,,,,,,,,,,,,,,,,
1611,,,,,,,,,,,,,,,,,,,,,,,,,,,,,,,,,,,,,,,,1431.70412423908,,,,,,,,1098.96359784881,,,,1704.07495602928,,1757,,,,,,,,,,,,,,,,,,,,,,,,,,,,,,,,,,,,,,,,,,,,979,,,,,,,,,,,,,,,,3567.73618538324,,,,,,,1011,,990,,,1429.334629814,,,,,,,,,,,,,,,,,,1513,,,,,,,,,,,,,,,,,,,,,,,,,
1612,,,,,,,,,,,,,,,,,,,,,,,,,,,,,,,,,,,,,,,,1425.80411194784,,,,,,,,1109.23120440135,,,,1572.81697827461,,1675,,,,,,,,,,,,,,,,,,,,,,,,,,,,,,,,,,,,,,,,,,,,1003,,,,,,,,,,,,,,,,3383.24420677362,,,,,,,1057,,987,,,1349.08033576225,,,,,,,,,,,,,,,,,,1686,,,,,,,,,,,,,,,,,,,,,,,,,
1613,,,,,,,,,,,,,,,,,,,,,,,,,,,,,,,,,,,,,,,,1495.15461634212,,,,,,,,1147.04607725355,,,,1674.85190367963,,1612,,,,,,,,,,,,,,,,,,,,,,,,,,,,,,,,,,,,,,,,,,,,1009,,,,,,,,,,,,,,,,3217.4688057041,,,,,,,1033,,980,,,1306.547679983,,,,,,,,,,,,,,,,,,1564,,,,,,,,,,,,,,,,,,,,,,,,,
1614,,,,,,,,,,,,,,,,,,,,,,,,,,,,,,,,,,,,,,,,1494.86170010652,,,,,,,,1109.15970004074,,,,1541.0413032395,,1555,,,,,,,,,,,,,,,,,,,,,,,,,,,,,,,,,,,,,,,,,,,,1004,,,,,,,,,,,,,,,,3391.26559714795,,,,,,,1057,,976,,,1352.737617595,,,,,,,,,,,,,,,,,,1425,,,,,,,,,,,,,,,,,,,,,,,,,
1615,,,,,,,,,,,,,,,,,,,,,,,,,,,,,,,,,,,,,,,,1473.81253734398,,,,,,,,1134.69521126003,,,,1508.75255720096,,1681,,,,,,,,,,,,,,,,,,,,,,,,,,,,,,,,,,,,,,,,,,,,999,,,,,,,,,,,,,,,,3064.17112299465,,,,,,,1028,,960,,,1423.82991166325,,,,,,,,,,,,,,,,,,1494,,,,,,,,,,,,,,,,,,,,,,,,,
1616,,,,,,,,,,,,,,,,,,,,,,,,,,,,,,,,,,,,,,,,1502.13949066019,,,,,,,,1041.56566535331,,,,1494.15510035514,,1586,,,,,,,,,,,,,,,,,,,,,,,,,,,,,,,,,,,,,,,,,,,,993,,,,,,,,,,,,,,,,3269.16221033868,,,,,,,983,,940,,,1462.59210058325,,,,,,,,,,,,,,,,,,1462,,,,,,,,,,,,,,,,,,,,,,,,,
1617,,,,,,,,,,,,,,,,,,,,,,,,,,,,,,,,,,,,,,,,1506.40742546922,,,,,,,,1061.36736162486,,,,1699.65083393115,,1749,,,,,,,,,,,,,,,,,,,,,,,,,,,,,,,,,,,,,,,,,,,,996,,,,,,,,,,,,,,,,3360.96256684492,,,,,,,998,,923,,,1369.62234456775,,,,,,,,,,,,,,,,,,1447,,,,,,,,,,,,,,,,,,,,,,,,,
1618,,,,,,,,,,,,,,,,,,,,,,,,,,,,,,,,,,,,,,,,1507.29277252823,,,,,,,,1193.00879292885,,,,1582.05764891455,,1740,,,,,,,,,,,,,,,,,,,,,,,,,,,,,,,,,,,,,,,,,,,,1001,,,,,,,,,,,,,,,,5117.64705882353,,,,,,,996,,912,,,1283.2391387725,,,,,,,,,,,,,,,,,,1664,,,,,,,,,,,,,,,,,,,,,,,,,
1619,,,,,,,,,,,,,,,,,,,,,,,,,,,,,,,,,,,,,,,,1571.00031092794,,,,,,,,1114.93389946828,,,,1493.74878856048,,1586,,,,,,,,,,,,,,,,,,,,,,,,,,,,,,,,,,,,,,,,,,,,987,,,,,,,,,,,,,,,,4620.32085561497,,,,,,,999,,889,,,1283.51742416625,,,,,,,,,,,,,,,,,,1519,,,,,,,,,,,,,,,,,,,,,,,,,
1620,,,,,,,,,,,,,,,,,,,,,,,,,,,1262,,,,,,,,,,,,,1641.21548511781,,,,,,,,1115.99948769651,,,,1741.85155590501,,1842,,,,,,,,,,,,,,,,,,,,,,,,,,,,,,,,,,,,,,,,,,,,1003,,,,,,,,,,,,,,,,3492.86987522282,,,,,,,995,,872,,,1445.86505245,,,,,,,,,,,,,,,,,,1623,,,,,,,,,,,,,,,,,,,,,,,,,
1621,,,,,,,,,,,,,,,,,,,,,,,,,,,,,,,,,,,,,,,,1613.70684585845,,,,,,,,1102.77163529084,,,,1612.0006545082,,1832,,,,,,,,,,,,,,,,,,,,,,,,,,,,,,,,,,,,,,,,,,,,1014,,,,,,,,,,,,,,,,4185.38324420677,,,,,,,998,,853,,,1445.6977746575,,,,,,,,,,,,,,,,,,1865,,,,,,,,,,,,,,,,,,,,,,,,,
1622,,,,,,,,,,,,,,,,,,,,,,,,,,,,,,,,,,,,,,,,1584.52402074207,,,,,,,,1050.94043670813,,,,1777.35103711998,,1581,,,,,,,,,,,,,,,,,,,,,,,,,,,,,,,,,,,,,,,,,,,,1023,,,,,,,,,,,,,,,,4450.98039215686,,,,,,,976,,834,,,1406.85269436075,,,,,,,,,,,,,,,,,,1739,,,,,,,,,,,,,,,,,,,,,,,,,
1623,,,,,,,,,,,,,,,,,,,,,,,,,,,,,,,,,,,,,,,,1431.8313105015,,,,,,,,1147.13154066782,,,,1568.02932471374,,1568,,,,,,,,,,,,,,,,,,,,,,,,,,,,,,,,,,,,,,,,,,,,1022,,,,,,,,,,,,,,,,3940.28520499109,,,,,,,966,,827,,,1341.29745192625,,,,,,,,,,,,,,,,,,1454,,,,,,,,,,,,,,,,,,,,,,,,,
1624,,,,,,,,,,,,,,,,,,,,,,,,,,,,,,,,,,,,,,,,1415.22594766696,,,,,,,,1147.77444942563,,,,1768.22878335614,,1781,,,,,,,,,,,,,,,,,,,,,,,,,,,,,,,,,,,,,,,,,,,,1015,,,,,,,,,,,,,,,,3659.53654188948,,,,,,,999,,826,,,1411.847655491,,,,,,,,,,,,,,,,,,1455,,,,,,,,,,,,,,,,,,,,,,,,,
1625,,,,,,,,,,,,,,,,,,,,,,,,,,,,,,,,,,,,,,,,1403.69254354545,,,,,,,,1097.27866067377,,,,1724.68610425851,,1798,,,,,,,,,,,,,,,,,,,,,,,,,,,,,,,,,,,,,,,,,,,,1022,,,,,,,,,,,,,,,,3312.83422459893,,,,,,,998,,824,,,1529.9684596105,,,,,,,,,,,,,,,,,,1449,,,,,,,,,,,,,,,,,,,,,,,,,
1626,,,,,,,,,,,,,,,,,,,,,,,,,,,,,,,,,,,,,,,,1439.28265223529,,,,,,,,1067.49574547778,,,,1423.20046191238,,1730,,,,,,,,,,,,,,,,,,,,,,,,,,,,,,,,,,,,,,,,,,,,1050,,,,,,,,,,,,,,,,4233.51158645276,,,,,,,1041,,832,,,1428.73020487925,,,,,,,,,,,,,,,,,,1527,,,,,,,,,,,,,,,,,,,,,,,,,
1627,,,,,,,,,,,,,,,,,,,,,,,,,,,,,,,,,,,,,,,,1486.11283369102,,,,,,,,1056.89612583705,,,,1494.45492513049,,1733,,,,,,,,,,,,,,,,,,,,,,,,,,,,,,,,,,,,,,,,,,,,1079,,,,,,,,,,,,,,,,3380.57040998217,,,,,,,1057,,835,,,1328.123907656,,,,,,,,,,,,,,,,,,1505,,,,,,,,,,,,,,,,,,,,,,,,,
1628,,,,,,,,,,,,,,,,,,,,,,,,,,,,,,,,,,,,,,,,1521.41990623529,,,,,,,,1108.82605516515,,,,1415.29373010719,,1947,,,,,,,,,,,,,,,,,,,,,,,,,,,,,,,,,,,,,,,,,,,,1078,,,,,,,,,,,,,,,,3441.17647058824,,,,,,,1066,,848,,,1255.39811085325,,,,,,,,,,,,,,,,,,1420,,,,,,,,,,,,,,,,,,,,,,,,,
1629,,,,,,,,,,,,,,,,,,,,,,,,,,,,,,,,,,,,,,,,1474.08228785238,,,,,,,,1105.90974824014,,,,1471.47776467342,,1430,,,,,,,,,,,,,,,,,,,,,,,,,,,,,,,,,,,,,,,,,,,,1089,,,,,,,,,,,,,,,,3287.87878787879,,,,,,,1062,,859,,,1310.0498769995,,,,,,,,,,,,,,,,,,1385,,,,,,,,,,,,,,,,,,,,,,,,,
1630,,,,,,,,,,,,,,,,,,,,,,,,,,,,,,,,,,,,,,,,1469.43697563351,,,,,,,,1030.90784721005,,,,1457.03008997826,,1416,,,,,,,,,,,,,,,,,,,,,,,,,,,,,,,,,,,,,,,,,,,,1121,,,,,,,,,,,,,,,,3197.86096256684,,,,,,,1046,,872,,,1250.83894037375,,,,,,,,,,,,,,,,,,1423,,,,,,,,,,,,,,,,,,,,,,,,,
1631,,,,,,,,,,,,,,,,,,,,,,,,,,,,,,,,,,,,,,,,1488.72882086423,,,,,,,,1084.67721594504,,,,1406.87891068986,,1451,,,,,,,,,,,,,,,,,,,,,,,,,,,,,,,,,,,,,,,,,,,,1121,,,,,,,,,,,,,,,,4188.05704099822,,,,,,,1070,,883,,,1146.34217026875,,,,,,,,,,,,,,,,,,1597,,,,,,,,,,,,,,,,,,,,,,,,,
1632,,,,,,,,,,,,,,,,,,,,,,,,,,,,,,,,,,,,,,,,1500.91718410084,,,,,,,,1064.31482111828,,,,1472.05346299001,,1630,,,,,,,,,,,,,,,,,,,,,,,,,,,,,,,,,,,,,,,,,,,,1117,,,,,,,,,,,,,,,,3853.83244206774,,,,,,,1087,,893,,,1116.460743125,,,,,,,,,,,,,,,,,,1605,,,,,,,,,,,,,,,,,,,,,,,,,
1633,,,,,,,,,,,,,,,,,,,,,,,,,,,,,,,,,,,,,,,,1502.46043766027,,,,,,,,1087.85263405618,,,,1471.38500759966,,1501,,,,,,,,,,,,,,,,,,,,,,,,,,,,,,,,,,,,,,,,,,,,1119,,,,,,,,,,,,,,,,4184.49197860963,,,,,,,1109,,905,,,1230.1346769985,,,,,,,,,,,,,,,,,,1554,,,,,,,,,,,,,,,,,,,,,,,,,
1634,,,,,,,,,,,,,,,,,,,,,,,,,,,,,,,,,,,,,,,,1438.70133043204,,,,,,,,1086.99753035058,,,,1675.45836310532,,1519,,,,,,,,,,,,,,,,,,,,,,,,,,,,,,,,,,,,,,,,,,,,1117,,,,,,,,,,,,,,,,4006.23885918004,,,,,,,1098,,912,,,1405.24494298825,,,,,,,,,,,,,,,,,,1505,,,,,,,,,,,,,,,,,,,,,,,,,
1635,,,,,,,,,,,,,,,,,,,,,,,,,,,,,,,,,,,,,,,,1460.12214733186,,,,,,,,1000.17926479014,,,,1481.19011569282,,1571,,,,,,,,,,,,,,,,,,,,,,,,,,,,,,,,,,,,,,,,,,,,1137,,,,,,,,,,,,,,,,4372.54901960784,,,,,,,1202,,921,,,1307.78926862675,,,,,,,,,,,,,,,,,,1629,,,,,,,,,,,,,,,,,,,,,,,,,
1636,,,,,,,,,,,,,,,,,,,,,,,,,,,,,,,,,,,,,,,,1438.44516699689,,,,,,,,1047.68635446198,,,,1444.42149704377,,1526,,,,,,,,,,,,,,,,,,,,,,,,,,,,,,,,,,,,,,,,,,,,1152,,,,,,,,,,,,,,,,4093.58288770053,,,,,,,1202,,925,,,1128.94463170125,,,,,,,,,,,,,,,,,,1780,,,,,,,,,,,,,,,,,,,,,,,,,
1637,,,,,,,,,,,,,,,,,,,,,,,,,,,,,,,,,,,,,,,,1463.95307833685,,,,,,,,1019.47375371704,,,,1345.80631423556,,1476,,,,,,,,,,,,,,,,,,,,,,,,,,,,,,,,,,,,,,,,,,,,1129,,,,,,,,,,,,,,,,3502.67379679144,,,,,,,1168,,928,,,1184.14416800225,,,,,,,,,,,,,,,,,,1773,,,,,,,,,,,,,,,,,,,,,,,,,
1638,,,,,,,,,,,,,,,,,,,,,,,,,,,,,,,,,,,,,,,,1452.44688677992,,,,,,,,1105.28511307241,,,,1505.83523043038,,1624,,,,,,,,,,,,,,,,,,,,,,,,,,,,,,,,,,,,,,,,,,,,1098,,,,,,,,,,,,,,,,3916.22103386809,,,,,,,1143,,931,,,1333.588717279,,,,,,,,,,,,,,,,,,1701,,,,,,,,,,,,,,,,,,,,,,,,,
1639,,,,,,,,,,,,,,,,,,,,,,,,,,,,,,,,,,,,,,,,1455.52391294683,,,,,,,,1094.67419810298,,,,1503.9140860641,,1640,,,,,,,,,,,,,,,,,,,,,,,,,,,,,,,,,,,,,,,,,,,,1092,,,,,,,,,,,,,,,,3852.04991087344,,,,,,,1132,,934,,,1435.53640973925,,,,,,,,,,,,,,,,,,1677,,,,,,,,,,,,,,,,,,,,,,,,,
1640,,,,,,,,,,,,,,,,,,,,,,,,,,,,,,,,,,,,,,,,1551.00466717396,,,,,,,,1064.48112664519,,,,1561.90383562367,,1683,,,,,,,,,,,,,,,,,,,,,,,,,,,,,,,,,,,,,,,,,,,,1090,,,,,,,,,,,,,,,,3532.08556149733,,,,,,,1073,,929,,,1424.66069343325,,,,,,,,,,,,,,,,,,1701,,,,,,,,,,,,,,,,,,,,,,,,,
1641,,,,,,,,,,,,,,,,,,,,,,,,,,,,,,,,,,,,,,,,1556.53811965564,,,,,,,,1030.86402288303,,,,1489.96608446817,,1499,,,,,,,,,,,,,,,,,,,,,,,,,,,,,,,,,,,,,,,,,,,,1090,,,,,,,,,,,,,,,,3919.78609625668,,,,,,,1188,,921,,,1612.2250569425,,,,,,,,,,,,,,,,,,1602,,,,,,,,,,,,,,,,,,,,,,,,,
1642,,,,,,,,,,,,,,,,,,,,,,,,,,,,,,,,,,,,,,,,1526.47805445802,,,,,,,,1107.18289878322,,,,1650.13263274726,,1635,,,,,,,,,,,,,,,,,,,,,,,,,,,,,,,,,,,,,,,,,,,,1092,,,,,,,,,,,,,,,,4047.23707664884,,,,,,,1172,,921,,,1503.79633570075,,,,,,,,,,,,,,,,,,1615,,,,,,,,,,,,,,,,,,,,,,,,,
1643,,,,,,,,,,,,,,,,,,,,,,,,,,,,,,,,,,,,,,,,1540.4673620477,,,,,,,,1025.50426640756,,,,1452.40844457909,,1725,,,,,,,,,,,,,,,,,,,,,,,,,,,,,,,,,,,,,,,,,,,,1090,,,,,,,,,,,,,,,,3913.54723707665,,,,,,,1178,,917,,,1597.5589058975,,,,,,,,,,,,,,,,,,1670,,,,,,,,,,,,,,,,,,,,,,,,,
1644,,,,,,,,,,,,,,,,,,,,,,,,,,,,,,,,,,,,,,,,1594.68178941489,,,,,,,,1089.71883713368,,,,1397.70317656126,,1745,,,,,,,,,,,,,,,,,,,,,,,,,,,,,,,,,,,,,,,,,,,,1087,,,,,,,,,,,,,,,,4307.48663101604,,,,,,,1103,,913,,,1538.72004574925,,,,,,,,,,,,,,,,,,1760,,,,,,,,,,,,,,,,,,,,,,,,,
1645,,,,,,,,,,,,,,,,,,,,,,,,,,,,,,,,,,,,,,,,1583.54207604737,,,,,,,,1047.82114030895,,,,1562.29521012533,,1511,,,,,,,,,,,,,,,,,,,,,,,,,,,,,,,,,,,,,,,,,,,,1081,,,,,,,,,,,,,,,,3952.76292335116,,,,,,,1093,,901,,,1575.946036392,,,,,,,,,,,,,,,,,,1749,,,,,,,,,,,,,,,,,,,,,,,,,
1646,,,,,,,,,,,,,,,,,,,,,,,,,,,,,,,,,,,,,,,,1598.14478209759,,,,,,,,1006.03429306413,,,,1695.90056227723,,1524,,,,,,,,,,,,,,,,,,,,,,,,,,,,,,,,,,,,,,,,,,,,1078,,,,,,,,,,,,,,,,3878.78787878788,,,,,,,1098,,897,,,1511.38493358125,,,,,,,,,,,,,,,,,,1659,,,,,,,,,,,,,,,,,,,,,,,,,
1647,,,,,,,,,,,,,,,,,,,,,,,,,,,,,,,,,,,,,,,,1597.54253642485,,,,,,,,980.145027934195,,,,1714.08452704132,,1515,,,,,,,,,,,,,,,,,,,,,,,,,,,,,,,,,,,,,,,,,,,,1089,,,,,,,,,,,,,,,,3964.34937611408,,,,,,,1033,,897,,,1500.403109478,,,,,,,,,,,,,,,,,,1715,,,,,,,,,,,,,,,,,,,,,,,,,
1648,,,,,,,,,,,,,,,,,,,,,,,,,,,,,,,,,,,,,,,,1555.89190154573,,,,,,,,1054.18972224782,,,,1611.98285818871,,1535,,,,,,,,,,,,,,,,,,,,,,,,,,,,,,,,,,,,,,,,,,,,1117,,,,,,,,,,,,,,,,4202.31729055258,,,,,,,1116,,896,,,1478.94950828625,,,,,,,,,,,,,,,,,,1597,,,,,,,,,,,,,,,,,,,,,,,,,
1649,,,,,,,,,,,,,,,,,,,,,,,,,,,,,,,,,,,,,,,,1484.68123327865,,,,,,,,1032.63239032762,,,,1486.023179962,,1508,,,,,,,,,,,,,,,,,,,,,,,,,,,,,,,,,,,,,,,,,,,,1146,,,,,,,,,,,,,,,,4055.25846702317,,,,,,,1087,,901,,,1447.5732644555,,,,,,,,,,,,,,,,,,1479,,,,,,,,,,,,,,,,,,,,,,,,,
1650,,,,,,,,,,,2303,,,,,,,,,,,,,,,,,,,,,,,,,,,,,1531.38119075503,,,,,,,,1008.98798591003,,,1246,1559.08194376477,,1446,,,,,,,,,,,,,,,1189,,,,,,,,,,,,,,,,,,,,,,,,,,,,,1172,,,,,,,,,,,,,,,,4316.39928698752,,,,,,,1062,,901,,,1321.697347789,,,,,,,,,,,,,,,,,,1388,,,,,,,,,,,832,,,,,,897,,,,,,,,
1651,,,,,,,,,,,,,,,,,,,,,,,,,,,,,,,,,,,,,,,,1562.37825571216,,,,,,,,1052.81452412949,,,,1611.76101946528,,1527,,,,,,,,,,,,,,,,,,,,,2396.44372014973,,,,,,,,,,,,,,,,,,,,,,,1164,,,,,,,,,,,,,,,,3987.52228163993,,,,,,,1007,,909,,,1258.9450996395,,,,,,,,,,,,,,,,,,1398,,,,,,,,,,,,,,,,,,,,,,,,,
1652,,,,,,,,,,,,,,,,,,,,,,,,,,,,,,,,,,,,,,,,1581.88576536403,,,,,,,,1131.95551406657,,,,1548.97799887831,,1720,,,,,,,,,,,,,,,,,,,,,,,,,,,,,,,,,,,,,,,,,,,,1167,,,,,,,,,,,,,,,,3392.1568627451,,,,,,,1023,,917,,,1349.471835166,,,,,,,,,,,,,,,,,,1465,,,,,,,,,,,,,,,,,,,,,,,,,
1653,,,,,,,,,,,,,,,,,,,,,,,,,,,,,,,,,,,,,,,,1633.68258683801,,,,,,,,1054.8000686723,,,,1733.59898063553,,1920,,,,,,,,,,,,,,,,,,,,,,,,,,,,,,,,,,,,,,,,,,,,1165,,,,,,,,,,,,,,,,3630.1247771836,,,,,,,1039,,920,,,1389.381852222,,,,,,,,,,,,,,,,,,1878,,,,,,,,,,,,,,,,,,,,,,,,,
1654,,,,,,,,,,,,,,,,,,,,,,,,,,,,,,,,,,,,,,,,1696.5060371608,,,,,,,,1158.17802976675,,,,1609.46204529623,,1903,,,,,,,,,,,,,,,,,,,,,,,,,,,,,,,,,,,,,,,,,,,,1165,,,,,,,,,,,,,,,,3420.67736185383,,,,,,,1050,,928,,,1485.2719907935,,,,,,,,,,,,,,,,,,1977,,,,,,,,,,,,,,,,,,,,,,,,,
1655,,,,,,,,,,,,,,,,,,,,,,,,,,,,,,,,,,,,,,,,1714.21100312803,,,,,,,,1127.06664093066,,,,1739.31484548043,,1982,,,,,,,,,,,,,,,,,,,,,,,,,,,,,,,,,,,,,,,,,,,,1168,,,,,,,,,,,,,,,,3524.95543672014,,,,,,,1009,,934,,,1436.3356213115,,,,,,,,,,,,,,,,,,2080,,,,,,,,,,,,,,,,,,,,,,,,,
1656,,,,,,,,,,,,,,,,,,,,,,,,,,,,,,,,,,,,,,,,1698.80973943957,,,,,,,,1129.51260449778,,,,1886.99944773098,,1835,,,,,,,,,,,,,,,,,,,,,,,,,,,,,,,,,,,,,,,,,,,,1162,,,,,,,,,,,,,,,,3349.376114082,,,,,,,1022,,947,,,1436.227388323,,,,,,,,,,,,,,,,,,1863,,,,,,,,,,,,,,,,,,,,,,,,,
1657,,,,,,,,,,,,,,,,,,,,,,,,,,,,,,,,,,,,,,,,1689.87861448843,,,,,,,,1124.17124284874,,,,1903.55389719696,,1727,,,,,,,,,,,,,,,,,,,,,,,,,,,,,,,,,,,,,,,,,,,,1146,,,,,,,,,,,,,,,,3033.86809269162,,,,,,,1031,,947,,,1489.82450733025,,,,,,,,,,,,,,,,,,1715,,,,,,,,,,,,,,,,,,,,,,,,,
1658,,,,,,,,,,,,,,,,,,,,,,,,,,,,,,,,,,,,,,,,1674.77007643522,,,,,,,,1101.0439234446,,,,1730.92740755295,,1702,,,,,,,,,,,,,,,,,,,,,,,,,,,,,,,,,,,,,,,,,,,,1148,,,,,,,,,,,,,,,,3070.40998217469,,,,,,,1054,,942,,,1462.02403799725,,,,,,,,,,,,,,,,,,1819,,,,,,,,,,,,,,,,,,,,,,,,,
1659,,,,,,,,,,,,,,,,,,,,,,,,,,,,,,,,,,,,,,,,1657.13407616699,,,,,,,,1088.26860683582,,,,1798.21929171839,,1441,,,,,,,,,,,,,,,,,,,,,,,,,,,,,,,,,,,,,,,,,,,,1157,,,,,,,,,,,,,,,,3097.14795008913,,,,,,,952,,934,,,1431.771539562,,,,,,,,,,,,,,,,,,1753,,,,,,,,,,,,,,,,,,,,,,,,,
1660,,,,,,,,,,,,,,,,,,,,,,,,,,,,,,,,,,,,,,,,1615.88751563472,,,,,,,,1104.24763285823,,,,1878.45000722778,,1578,,,,,,,,,,,,,,,,,,,,,,,,,,,,,,,,,,,,,,,,,,,,1172,,,,,,,,,,,,,,,,3168.44919786096,,,,,,,899,,923,,,1459.60675230825,,,,,,,,,,,,,,,,,,1726,,,,,,,,,,,,,,,,,,,,,,,,,
1661,,,,,,,,,,,,,,,,,,,,,,,,,,,1330,,,,,,,,,,,,,1588.52547869889,,,,,,,,1153.75976636845,,,,1917.33224614902,,1610,,,,,,,,,,,,,,,,,,,,,,,,,,,,,,,,,,,,,,,,,,,,1181,,,,,,,,,,,,,,,,3172.9055258467,,,,,,,918,,912,,,1490.354397532,,,,,,,,,,,,,,,,,,1645,,,,,,,,,,,,,,,,,,,,,,,,,
1662,,,,,,,,,,,,,,,,,,,,,,,,,,,,,,,,,,,,,,,,1527.00743757041,,,,,,,,1117.33369953375,,,,1806.37565015571,,1664,,,,,,,,,,,,,,,,,,,,,,,,,,,,,,,,,,,,,,,,,,,,1180,,,,,,,,,,,,,,,,3561.49732620321,,,,,,,945,,901,,,1347.65254612625,,,,,,,,,,,,,,,,,,1712,,,,,,,,,,,,,,,,,,,,,,,,,
1663,,,,,,,,,,,,,,,,,,,,,,,,,,,,,,,,,,,,,,,,1573.40944037619,,,,,,,,1106.42126369575,,,,1807.56206065508,,1959,,,,,,,,,,,,,,,,,,,,,,,,,,,,,,,,,,,,,,,,,,,,1176,,,,,,,,,,,,,,,,3811.05169340463,,,,,,,991,,891,,,1522.28978658575,,,,,,,,,,,,,,,,,,1639,,,,,,,,,,,,,,,,,,,,,,,,,
1664,,,,,,,,,,,,,,,,,,,,,,,,,,,,,,,,,,,,,,,,1630.63305627328,,,,,,,,1000.75149715766,,,,1975.11154584128,,1828,,,,,,,,,,,,,,,,,,,,,,,,,,,,,,,,,,,,,,,,,,,,1216,,,,,,,,,,,,,,,,3411.76470588235,,,,,,,953,,880,,,1613.39341527,,,,,,,,,,,,,,,,,,1650,,,,,,,,,,,,,,,,,,,,,,,,,
1665,,,,,,,,,,,,,,,,,,,,,,,,,,,,,,,,,,,,,,,,1647.09591454372,,,,,,,,1046.44671905235,,,,1944.41332325452,,1907,,,,,,,,,,,,,,,,,,,,,,,,,,,,,,,,,,,,,,,,,,,,1278,,,,,,,,,,,,,,,,3265.59714795009,,,,,,,1014,,866,,,1522.8509834265,,,,,,,,,,,,,,,,,,1717,,,,,,,,,,,,,,,,,,,,,,,,,
1666,,,,,,,,,,,,,,,,,,,,,,,,,,,,,,,,,,,,,,,,1658.48079357164,,,,,,,,1094.87875864659,,,,2075.65293790807,,2135,,,,,,,,,,,,,,,,,,,,,,,,,,,,,,,,,,,,,,,,,,,,1336,,,,,,,,,,,,,,,,3176.47058823529,,,,,,,1189,,845,,,1483.38582694575,,,,,,,,,,,,,,,,,,1717,,,,,,,,,,,,,,,,,,,,,,,,,
1667,,,,,,,,,,,,,,,,,,,,,,,,,,,,,,,,,,,,,,,,1698.70374694628,,,,,,,,1051.8557441083,,,,2043.63544166262,,2196,,,,,,,,,,,,,,,,,,,,,,,,,,,,,,,,,,,,,,,,,,,,1379,,,,,,,,,,,,,,,,3401.96078431373,,,,,,,1294,,827,,,1404.998590723,,,,,,,,,,,,,,,,,,1734,,,,,,,,,,,,,,,,,,,,,,,,,
1668,,,,,,,,,,,,,,,,,,,,,,,,,,,,,,,,,,,,,,,,1708.9491217013,,,,,,,,1054.00537941448,,,,2166.98647008292,,1940,,,,,,,,,,,,,,,,,,,,,,,,,,,,,,,,,,,,,,,,,,,,1388,,,,,,,,,,,,,,,,3671.12299465241,,,,,,,1250,,811,,,1575.91714732725,,,,,,,,,,,,,,,,,,1761,,,,,,,,,,,,,,,,,,,,,,,,,
1669,,,,,,,,,,,,,,,,,,,,,,,,,,,,,,,,,,,,,,,,1712.46997810953,,,,,,,,1157.8283986339,,,,2157.95061522548,,1991,,,,,,,,,,,,,,,,,,,,,,,,,,,,,,,,,,,,,,,,,,,,1406,,,,,,,,,,,,,,,,3448.30659536542,,,,,,,928,,805,,,1747.1312260675,,,,,,,,,,,,,,,,,,1835,,,,,,,,,,,,,,,,,,,,,,,,,
1670,,,,,,,,,,,,,,,,,,,,,,,,,,,,,,,,,,,,,,,,1734.09766859606,,,,,,,,1132.54428826246,,,,2019.72472695279,,1934,,,,,,,,,,,,,,,,,,,,,,,,,,,,,,,,,,,,,,,,,,,,1428,,,,,,,,,,,,,,,,3475.93582887701,,,,,,,1087,,800,,,1717.81583792,,,,,,,,,,,,,,,,,,1838,,,,,,,,,,,,,,,,,,,,,,,,,
1671,,,,,,,,,,,,,,,,,,,,,,,,,,,,,,,,,,,,,,,,1714.49750852773,,,,,,,,1071.31447657359,,,,2181.30321267733,,1873,,,,,,,,,,,,,,,,,,,,,,,,,,,,,,,,,,,,,,,,,,,,1451,,,,,,,,,,,,,,,,3235.29411764706,,,,,,,1030,,792,,,1640.48878357,,,,,,,,,,,,,,,,,,1831,,,,,,,,,,,,,,,,,,,,,,,,,
1672,,,,,,,,,,,,,,,,,,,,,,,,,,,,,,,,,,,,,,,,1701.53226553123,,,,,,,,1124.34766223759,,,,1933.40524696549,,1860,,,,,,,,,,,,,,,,,,,,,,,,,,,,,,,,,,,,,,,,,,,,1457,,,,,,,,,,,,,,,,2923.35115864528,,,,,,,1052,,784,,,1692.772224325,,,,,,,,,,,,,,,,,,1664,,,,,,,,,,,,,,,,,,,,,,,,,
1673,,,,,,,,,,,,,,,,,,,,,,,,,,,,,,,,,,,,,,,,1700.96207223009,,,,,,,,1139.2412219936,,,,2144.27803882952,,1897,,,,,,,,,,,,,,,,,,,,,,,,,,,,,,,,,,,,,,,,,,,,1466,,,,,,,,,,,,,,,,3171.12299465241,,,,,,,1063,,800,,,1692.3783401525,,,,,,,,,,,,,,,,,,1637,,,,,,,,,,,,,,,,,,,,,,,,,
1674,,,,,,,,,,,,,,,,,,,,,,,,,,,,,,,,,,,,,,,,1642.20632541885,,,,,,,,1114.55988991203,,,,1937.48939571297,,1806,,,,,,,,,,,,,,,,,,,,,,,,,,,,,,,,,,,,,,,,,,,,1474,,,,,,,,,,,,,,,,3522.2816399287,,,,,,,1023,,810,,,1684.967197095,,,,,,,,,,,,,,,,,,1750,,,,,,,,,,,,,,,,,,,,,,,,,
1675,,,,,,,,,,,,,,,,,,,,,,,,,,,,,,,,,,,,,,,,1573.07743725754,,,,,,,,1133.39759315609,,,,1950.51017575176,,1853,,,,,,,,,,,,,,,,,,,,,,,,,,,,,,,,,,,,,,,,,,,,1449,,,,,,,,,,,,,,,,3472.37076648841,,,,,,,1020,,824,,,1692.98550148,,,,,,,,,,,,,,,,,,1753,,,,,,,,,,,,,,,,,,,,,,,,,
1676,,,,,,,,,,,,,,,,,,,,,,,,,,,,,,,,,,,,,,,,1558.50618605696,,,,,,,,1145.71274143856,,,,1934.41091169709,,2191,,,,,,,,,,,,,,,,,,,,,,,,,,,,,,,,,,,,,,,,,,,,1396,,,,,,,,,,,,,,,,3409.09090909091,,,,,,,1111,,848,,,1744.1333543725,,,,,,,,,,,,,,,,,,1820,,,,,,,,,,,,,,,,,,,,,,,,,
1677,,,,,,,,,,,,,,,,,,,,,,,,,,,,,,,,,,,,,,,,1608.20847103934,,,,,,,,1034.55599239787,,,,1763.46618177681,,2029,,,,,,,,,,,,,,,,,,,,,,,,,,,,,,,,,,,,,,,,,,,,1350,,,,,,,,,,,,,,,,3144.38502673797,,,,,,,1157,,880,,,1742.3318514875,,,,,,,,,,,,,,,,,,1760,,,,,,,,,,,,,,,,,,,,,,,,,
1678,,,,,,,,,,,,,,,,,,,,,,,,,,,,,,,,,,,,,,,,1632.5714875221,,,,,,,,1099.98421000263,,,,1798.41132561114,,2103,,,,,,,,,,,,,,,,,,,,,,,,,,,,,,,,,,,,,,,,,,,,1326,,,,,,,,,,,,,,,,3385.02673796791,,,,,,,1097,,910,,,1700.38412271,,,,,,,,,,,,,,,,,,1744,,,,,,,,,,,,,,,,,,,,,,,,,
1679,,,,,,,,,,,,,,,,,,,,,,,,,,,,,,,,,,,,,,,,1625.25207398013,,,,,,,,1084.62959951664,,,,1742.88311418485,,1963,,,,,,,,,,,,,,,,,,,,,,,,,,,,,,,,,,,,,,,,,,,,1318,,,,,,,,,,,,,,,,3208.55614973262,,,,,,,1250,,952,,,1561.5953025855,,,,,,,,,,,,,,,,,,1779,,,,,,,,,,,,,,,,,,,,,,,,,
1680,,,,,,,,,,,,,,,,,,,,,,,,,,,,,,,,,,,,,,,,1644.03733598628,,,,,,,,1085.4360038847,,,,1837.12295501877,,2209,,,,,,,,,,,,,,,,,,,,,,,,,,,,,,,,,,,,,,,,,,,,1301,,,,,,,,,,,,,,,,3549.01960784314,,,,,,,1079,,988,,,1609.2981024575,,,,,,,,,,,,,,,,,,1876,,,,,,,,,,,,,,,,,,,,,,,,,
1681,,,,,,,,,,,,,,,,,,,,,,,,,,,,,,,,,,,,,,,,1645.48243520254,,,,,,,,1075.37577779701,,,,1769.93136546663,,2004,,,,,,,,,,,,,,,,,,,,,,,,,,,,,,,,,,,,,,,,,,,,1256,,,,,,,,,,,,,,,,3376.11408199644,,,,,,,1122,,1011,,,1531.57036029725,,,,,,,,,,,,,,,,,,1852,,,,,,,,,,,,,,,,,,,,,,,,,
1682,,,,,,,,,,,,,,,,,,,,,,,,,,,,,,,,,,,,,,,,1669.58002720598,,,,,,,,1099.63742992716,,,,1917.14362819921,,2150,,,,,,,,,,,,,,,,,,,,,,,,,,,,,,,,,,,,,,,,,,,,1223,,,,,,,,,,,,,,,,3368.98395721925,,,,,,,1095,,1031,,,1682.463175575,,,,,,,,,,,,,,,,,,1867,,,,,,,,,,,,,,,,,,,,,,,,,
1683,,,,,,,,,,,,,,,,,,,,,,,,,,,,,,,,,,,,,,,,1670.63703351863,,,,,,,,1094.07819971019,,,,1953.92387133281,,2323,,,,,,,,,,,,,,,,,,,,,,,,,,,,,,,,,,,,,,,,,,,,1213,,,,,,,,,,,,,,,,3346.70231729055,,,,,,,1140,,1044,,,1673.6729784775,,,,,,,,,,,,,,,,,,1798,,,,,,,,,,,,,,,,,,,,,,,,,
1684,,,,,,,,,,,,,,,,,,,,,,,,,,,,,,,,,,,,,,,,1629.75119429852,,,,,,,,1096.5029538915,,,,1820.28320740973,,1946,,,,,,,,,,,,,,,,,,,,,,,,,,,,,,,,,,,,,,,,,,,,1218,,,,,,,,,,,,,,,,3290.55258467023,,,,,,,1152,,1041,,,1662.8430038675,,,,,,,,,,,,,,,,,,1602,,,,,,,,,,,,,,,,,,,,,,,,,
1685,,,,,,,,,,,,,,,,,,,,,,,,,,,1280,,,,,,,,,,,,,1644.45946647838,,,,,,,,1164.32155518171,,,,1705.95184107196,,2110,,,,,,,,,,,,,,,,,,,,,,,,,,,,,,,,,,,,,,,,,,,,1258,,,,,,,,,,,,,,,,3609.6256684492,,,,,,,1057,,1047,,,1468.7440709305,,,,,,,,,,,,,,,,,,1752,,,,,,,,,,,,,,,,,,,,,,,,,
1686,,,,,,,,,,,,,,,,,,,,,,,,,,,,,,,,,,,,,,,,1679.51298906699,,,,,,,,1200.5724136817,,,,1750.27324347882,,1949,,,,,,,,,,,,,,,,,,,,,,,,,,,,,,,,,,,,,,,,,,,,1274,,,,,,,,,,,,,,,,3684.49197860963,,,,,,,1034,,1055,,,1545.406123079,,,,,,,,,,,,,,,,,,1886,,,,,,,,,,,,,,,,,,,,,,,,,
1687,,,,,,,,,,,,,,,,,,,,,,,,,,,,,,,,,,,,,,,,1681.29486263782,,,,,,,,1190.32796265564,,,,1851.64737653564,,2169,,,,,,,,,,,,,,,,,,,,,,,,,,,,,,,,,,,,,,,,,,,,1269,,,,,,,,,,,,,,,,3630.1247771836,,,,,,,928,,1060,,,1672.3682559675,,,,,,,,,,,,,,,,,,1811,,,,,,,,,,,,,,,,,,,,,,,,,
1688,,,,,,,,,,,,,,,,,,,,,,,,,,,,,,,,,,,,,,,,1667.08833790821,,,,,,,,1175.00599070507,,,,1941.83491097908,,2333,,,,,,,,,,,,,,,,,,,,,,,,,,,,,,,,,,,,,,,,,,,,1270,,,,,,,,,,,,,,,,3817.29055258467,,,,,,,944,,1057,,,2071.1457987675,,,,,,,,,,,,,,,,,,1803,,,,,,,,,,,,,,,,,,,,,,,,,
1689,,,,,,,,,,,,,,,,,,,,,,,,,,,,,,,,,,,,,,,,1657.43681116346,,,,,,,,1150.98386054911,,,,1940.81890949404,,2233,,,,,,,,,,,,,,,,,,,,,,,,,,,,,,,,,,,,,,,,,,,,1286,,,,,,,,,,,,,,,,3741.53297682709,,,,,,,928,,1052,,,2114.459453015,,,,,,,,,,,,,,,,,,1870,,,,,,,,,,,,,,,,,,,,,,,,,
1690,,,,,,,,,,,,,,,,,,,,,,,,,,,1413,,,,,,,,,,295,,,1654.91152948166,,,,,,,,1206.7247665724,,,,1800.28683003051,,2386,,,,,,,,,,,,,,,,,,,,,,,,,,,,,,,,,,,,,,,,,,,,1278,,,,,,,,,,,,,,,,3915.32976827094,,,,,,,945,,1028,,,1954.225823095,,,,,,,,,,,,,,,,,,1881,,,,,,,,,,,,,,,,,,,,,,,,,
1691,,,,,,,,,,,,,,,,,,,,,,,,,,,,,,,,,,,,,,,,1637.8589042014,,,,,,,,1186.10945528143,,,,1723.58460989804,,2400,,,,,,,,,,,,,,,,,,,,,,,,,,,,,,,,,,,,,,,,,,,,1267,,,,,,,,,,,,,,,,3840.46345811052,,,,,,,991,,1007,,,1968.0953148675,,,,,,,,,,,,,,,,,,1980,,,,,,,,,,,,,,,,,,,,,,,,,
1692,,,,,,,,,,,,,,,,,,,,,,,,,,,,,,,,,,,,,,,,1581.07399649222,,,,,,,,1143.86219823502,,,,1565.68348871437,,2595,,,,,,,,,,,,,,,,,,,,,,,,,,,,,,,,,,,,,,,,,,,,1304,,,,,,,,,,,,,,,,3653.29768270945,,,,,,,995,,999,,,2009.27264629,,,,,,,,,,,,,,,,,,1938,,,,,,,,,,,,,,,,,,,,,,,,,
1693,,,,,,,,,,,,,,,,,,,,,,,,,,,,,,,,,,,,,,,,1529.76548821957,,,,,,,,1187.87422447888,,,,1517.65450734221,,2197,,,,,,,,,,,,,,,,,,,,,,,,,,,,,,,,,,,,,,,,,,,,1326,,,,,,,,,,,,,,,,4092.69162210339,,,,,,,939,,993,,,1871.8900743725,,,,,,,,,,,,,,,,,,1685,,,,,,,,,,,,,,,,,,,,,,,,,
1694,,,,,,,,,,,,,,,,,,,,,,,,,,,,,,,,,,,,,,,,1549.23143278288,,,,,,,,1072.46352468281,,,,1623.48866616557,,2616,,,,,,,,,,,,,,,,,,,,,,,,,,,,,,,,,,,,,,,,,,,,1376,,,,,,,,,,,,,,,,3673.79679144385,,,,,,,1111,,995,,,1866.7154239825,,,,,,,,,,,,,,,,,,1742,,,,,,,,,,,,,,,,,,,,,,,,,
1695,,,,,,,,,,,,,,,,,,,,,,,,,,,,,,,,,,,,,,,,1611.42586626257,,,,,,,,1021.51705904647,,,,1673.7210303724,,2502,,,,,,,,,,,,,,,,,,,,,,,,,,,,,,,,,,,,,,,,,,,,1382,,,,,,,,,,,,,,,,3786.09625668449,,,,,,,1135,,998,,,1574.41351137525,,,,,,,,,,,,,,,,,,1691,,,,,,,,,,,,,,,,,,,,,,,,,
1696,,,,,,,,,,,,,,,,,,,,,,,,,,,,,,,,,,,,,,,,1655.57016825625,,,,,,,,1090.25516368604,,,,1829.0471675934,,2392,,,,,,,,,,,,,,,,,,,,,,,,,,,,,,,,,,,,,,,,,,,,1380,,,,,,,,,,,,,,,,3429.59001782531,,,,,,,1089,,995,,,1559.6092684445,,,,,,,,,,,,,,,,,,1666,,,,,,,,,,,,,,,,,,,,,,,,,
1697,,,,,,,,,,,,,,,,,,,,,,,,,,,,,,,,,,,,,,,,1640.22377826197,,,,,,,,1088.09301956389,,,,1720.37160584339,,2361,,,,,,,,,,,,,,,,,,,,,,,,,,,,,,,,,,,,,,,,,,,,1393,,,,,,,,,,,,,,,,3653.29768270945,,,,,,,1036,,985,,,1742.6550414,,,,,,,,,,,,,,,,,,1533,,,,,,,,,,,,,,,,,,,,,,,,,
1698,,,,,,,,,,,,,,,,,,,,,,,,,,,,,,,,,,,,,,,,1571.58799381116,,,,,,,,1093.15248284579,,,,1636.54060999559,,2417,,,,,,,,,,,,,,,,,,,,,,,,,,,,,,,,,,,,,,,,,,,,1415,,,,,,,,,,,,,,,,3612.29946524064,,,,,,,1117,,977,,,1745.579422405,,,,,,,,,,,,,,,,,,1586,,,,,,,,,,,,,,,,,,,,,,,,,
1699,,,,,,,,,,,,,,,,,,,,,,,,,,,,,,,,,,,,,,,,1485.76810136538,,,,,,,,1145.70775912003,,,,1516.81981981907,,2324,,,,,,,,,,,,,,,,,,,,,,,,,,,,,,,,,,,,,,,,,,,,1443,,,,,,,,,,,,,,,,3967.91443850267,,,,,,,1157,,980,,,1495.765946948,,,,,,,,,,,,,,,,,,1663,,,,,,,,,,,,,,,,,,,,,,,,,
1700,,,,,,,,,,,2192,,,,,,,,,,,,,,,,1542.633,,,,,,,,,,,,,1511.18911635126,,,,,,,,1279.96404397954,,,1331,1757.91695424422,,2412,,,,,,,,,,,,,,,1162,,,,,,,,,1073,,,,,,,,,,,,,,,,,,,,1476,,,,,,,,,,,,,,,,3377.00534759358,,,,,,,1157,,985,,,1572.1235984545,,,,,,,,,,,,,,,,,,2002,,,,,,,,,,,897,,,,,,,,,,,,2715,,
1701,,,,,,,,,,,,,,,,,,,,,,,,,,,,,,,,,,,,,,,,1581.34787833609,,,,,,,,1246.58714631305,,,,1776.46175710714,,2613,,,,,,,,,,,,,,,,,,,,,2468.51721549258,,,,,,,,,,,,,,,,,,,,,,,1498,,,,,,,,,,,,,,,,3745.98930481283,,,,,,,1090,,991,,,1790.6336903,,,,,,,,,,,,,,,,,,2043,,,,,,,,,,,,,,,,,,,,,,,2715,,
1702,,,,,,,,,,,,,,,,,,,,,,,,,,,,,,,,,,,,,,,,1613.76880880667,,,,,,,,1181.96552320072,,,,1708.65817138276,,2526,,,,,,,,,,,,,,,,,,,,,,,,,,,,,,,,,,,,,,,,,,,,1541,,,,,,,,,,,,,,,,4270.94474153298,,,,,,,1042,,998,,,1706.92882633,,,,,,,,,,,,,,,,,,2045,,,,,,,,,,,,,,,,,,,,,,,2710,,
1703,,,,,,,,,,,,,,,,,,,,,,,,,,,,,,,,,,,,,,,,1631.29950127118,,,,,,,,1175.78641389524,,,,1778.6198870373,,2345,,,,,,,,,,,,,,,,,,,,,,,,,,,,,,,,,,,,,,,,,,,,1564,,,,,,,,,,,,,,,,3342.24598930481,,,,,,,1127,,991,,,1573.37159914025,,,,,,,,,,,,,,,,,,1890,,,,,,,,,,,,,,,,,,,,,,,2581,,
1704,,,,,,,,,,,,,,,,,,,,,,,,,,,,,,,,,,,,,,,,1622.65952475558,,,,,,,,1205.88842309789,,,,1907.82281171958,,2778,,,,,,,,,,,,,,,,,,,,,,,,,,,,,,,,,,,,,,,,,,,,1538,,,,,,,,,,,,,,,,3580.21390374332,,,,,,,1087,,982,,,1540.1621209065,,,,,,,,,,,,,,,,,,1897,,,,,,,,,,,,,,,,,,,,,,,2332,,
1705,,,,,,,,,,,,,,,,,,,,,,,,,,,,,,,,,,,,,,,,1638.99771369267,,,,,,,,1164.06327508493,,,,1848.78353582793,,2630,,,,,,,,,,,,,,,,,,,,,,,,,,,,,,,,,,,,,,,,,,,,1478,,,,,,,,,,,,,,,,4224.59893048128,,,,,,,1189,,983,,,1654.54463447,,,,,,,,,,,,,,,,,,1879,,,,,,,,,,,,,,,,,,,,,,,2249,,
1706,,,,,,,,,,,,,,,,,,,,,,,,,,,,,,,,,,,,,,,,1672.52713586864,,,,,,,,1092.65540747625,,,,1961.04178706285,,2220,,,,,,,,,,,,,,,,,,,,,,,,,,,,,,,,,,,,,,,,,,,,1465,,,,,,,,,,,,,,,,3912.6559714795,,,,,,,1054,,990,,,1697.9747928325,,,,,,,,,,,,,,,,,,1884,,,,,,,,,,,,,,,,,,,,,,,2844,,
1707,,,,,,,,,,,,,,,,,,,,,,,,,,,,,,,,,,,,,,,,1678.0659424293,,,,,,,,1082.08031839495,,,,1998.78074895561,,2485,,,,,,,,,,,,,,,,,,,,,,,,,,,,,,,,,,,,,,,,,,,,1431,,,,,,,,,,,,,,,,4073.97504456328,,,,,,,1164,,987,,,1615.5802474175,,,,,,,,,,,,,,,,,,1846,,,,,,,,,,,,,,,,,,,,,,,3145,,
1708,,,,,,,,,,,,,,,,,,,,,,,,,,,,,,,,,,,,,,,,1662.57652950217,,,,,,,,1036.7606326557,,,,1796.76901063678,,2636,,,,,,,,,,,,,,,,,,,,,,,,,,,,,,,,,,,,,,,,,,,,1406,,,,,,,,,,,,,,,,3879.67914438503,,,,,,,1301,,982,,,1585.72863537725,,,,,,,,,,,,,,,,,,1750,,,,,,,,,,,,,,,,,,,,,,,3366,,
1709,,,,,,,,,,,,,,,,,,,,,,,,,,,,,,,,,,,,,,,,1600.09493803143,,,,,,,,1079.29271761012,,,,1301.27163206216,,2278,,,,,,,,,,,,,,,,,,,,,,,,,,,,,,,,,,,,,,,,,,,,1441,,,,,,,,,,,,,,,,4131.01604278075,,,,,,,1301,,974,,,1484.76989035375,,,,,,,,,,,,,,,,,,1824,,,,,,,,,,,,,,,,,,,,,,,3060,,
1710,,,,,,,,,,,,,,,,,,,,,,,,,,,1406,,,,,,,,,,,,,1593.78542454354,,,,,,,,1043.05195902234,,,,1504.35405292542,,2066,,,,,,,,,,,,,,,,,,,,,,,,,,,,,,,,,,,,,,,,,,,,1490,,,,,,,,,,,,,,,,4221.92513368984,,,,,,,1176,,953,,,1352.40471327325,,,,,,,,,,,,,,,,,,1913,,,,,,,,,,,,,,,,,,,,,,,2920,,
1711,,,,,,,,,,,,,,,,,,,,,,,,,,,,,,,,,,,,,,,,1618.55922406137,,,,,,,,1046.82129533123,,,,1702.38444394217,,2255,,,,,,,,,,,,,,,,,,,,,,,,,,,,,,,,,,,,,,,,,,,,1516,,,,,,,,,,,,,,,,3957.2192513369,,,,,,,1216,,929,,,1267.54504888375,,,,,,,,,,,,,,,,,,2024,,,,,,,,,,,,,,,,,,,,,,,2149,,
1712,,,,,,,,,,,,,,,,,,,,,,,,,,,,,,,,,,,,,,,,1608.53398249899,,,,,,,,1082.52868173774,,,,1654.9577141593,,2257,,,,,,,,,,,,,,,,,,,,,,,,,,,,,,,,,,,,,,,,,,,,1540,,,,,,,,,,,,,,,,4064.17112299465,,,,,,,1157,,910,,,1376.24611135375,,,,,,,,,,,,,,,,,,1991,,,,,,,,,,,,,,,,,,,,,,,1835,,
1713,,,,,,,,,,,,,,,,,,,,,,,,,,,,,,,,,,,,,,,,1612.94196260212,,,,,,,,1070.32118257364,,,,1569.48128070332,,2157,,,,,,,,,,,,,,,,,,,,,,,,,,,,,,,,,,,,,,,,,,,,1525,,,,,,,,,,,,,,,,4254.90196078431,,,,,,,1157,,896,,,1520.8297225485,,,,,,,,,,,,,,,,,,2039,,,,,,,,,,,,,,,,,,,,,,,2061,,
1714,,,,,,,,,,,,,,,,,,,,,,,,,,,,,,,,,,,,,,,,1633.60899775097,,,,,,,,1125.38723489747,,,,1658.53271846464,,2364,,,,,,,,,,,,,,,,,,,,,,,,,,,,,,,,,,,,,,,,,,,,1490,,,,,,,,,,,,,,,,4165.77540106952,,,,,,,1133,,912,,,1590.559734309,,,,,,,,,,,,,,,,,,1999,,,,,,,,,,,,,,,,,,,,,,,2314,,
1715,,,,,,,,,,,,,,,,,,,,,,,,,,,,,,,,,,,,,,,,1663.17660375114,,,,,,,,1115.34824401607,,,,1931.99842161971,,2294,,,,,,,,,,,,,,,,,,,,,,,,,,,,,,,,,,,,,,,,,,,,1510,,,,,,,,,,,,,,,,3793.22638146168,,,,,,,1060,,928,,,1613.37466199,,,,,,,,,,,,,,,,,,1980,,,,,,,,,,,,,,,,,,,,,,,2284,,
1716,,,,,,,,,,,,,,,,,,,,,,,,,,,,,,,,,,,,,,,,1685.49612019537,,,,,,,,1146.04202603824,,,,2068.19218460161,,2367,,,,,,,,,,,,,,,,,,,,,,,,,,,,,,,,,,,,,,,,,,,,1529,,,,,,,,,,,,,,,,3406.41711229947,,,,,,,1143,,937,,,1624.01288686,,,,,,,,,,,,,,,,,,1749,,,,,,,,,,,,,,,,,,,,,,,2334,,
1717,,,,,,,,,,,,,,,,,,,,,,,,,,,,,,,,,,,,,,,,1678.1298255365,,,,,,,,1152.2209484662,,,,2362.01590373673,,2483,,,,,,,,,,,,,,,,,,,,,,,,,,,,,,,,,,,,,,,,,,,,1529,,,,,,,,,,,,,,,,3663.10160427807,,,,,,,1167,,948,,,1758.118818365,,,,,,,,,,,,,,,,,,1594,,,,,,,,,,,,,,,,,,,,,,,2426,,
1718,,,,,,,,,,,,,,,,,,,,,,,,,,,,,,,,,,,,,,,,1695.35973921948,,,,,,,,1149.12085337805,,,,1995.65259736063,,2606,,,,,,,,,,,,,,,,,,,,,,,,,,,,,,,,,,,,,,,,,,,,1537,,,,,,,,,,,,,,,,3778.07486631016,,,,,,,1127,,953,,,1815.822304205,,,,,,,,,,,,,,,,,,1433,,,,,,,,,,,,,,,,,,,,,,,2789,,
1719,,,,,,,,,,,,,,,,,,,,,,,,,,,,,,,,,,,,,,,,1682.06696893598,,,,,,,,1146.17225807504,,,,1965.82601245411,,2542,,,,,,,,,,,,,,,,,,,,,,,,,,,,,,,,,,,,,,,,,,,,1557,,,,,,,,,,,,,,,,3451.87165775401,,,,,,,1101,,964,,,1775.9855138025,,,,,,,,,,,,,,,,,,1683,,,,,,,,,,,,,,,,,,,,,,,2222,,
1720,,,,,,,,,,,,,,,,,,,,,,,,,,,1312,,,,,,,,,,,,,1669.43914199519,,,,,,,,1195.59098333885,,,,1859.17800491681,,2715,,,,,,,,,,,,,,,,,,,,,,,,,,,,,,,,,,,,,,,,,,,,1522,,,,,,,,,,,,,,,,3516.04278074866,,,,,,,1100,,971,,,1849.8177217975,,,,,,,,,,,,,,,,,,1921,,,,,,,,,,,,,,,,,1768.9856,,,,,,2600,,
1721,,,,,,,,,,,,,,,,,,,,,,,,,,,,,,,,,,,,,,,,1720.53813993421,,,,,,,,1125.72491146133,,,,2055.80355215901,,2611,,,,,,,,,,,,,,,,,,,,,,,,1073.25,,,,,,,,,,,,,,,,,,,,1451,,,,,,,,,,,,,,,,3409.09090909091,,,,,,,1055,,980,,,1774.60528609,,,,,,,,,,,,,,,,,,1989,,,,,,,,,,,,,,,,,,,,,,,2609,,
1722,,,,,,,,,,,,,,,,,,,,,,,,,,,,,,,,,,,,,,,,1746.11752030959,,,,,,,,1160.18846863193,,,,1856.62198205561,,2636,,,,,,,,,,,,,,,,,,,,,,,,,,,,,,,,,,,,,,,,,,,,1384,,,,,,,,,,,,,,,,3397.50445632799,,,,,,,1103,,995,,,1674.40368277,,,,,,,,,,,,,,,,,,1691,,,,,,,,,,,,,,,,,,,,,,,2673,,
1723,,,,,,,,,,,,,,,,,,,,,,,,,,,,,,,,,,,,,,,,1750.8069469966,,,,,,,,1166.85166673859,,,,1792.98922710952,,2563,,,,,,,,,,,,,,,,,,,,,,,,,,,,,,,,,,,,,,,,,,,,1355,,,,,,,,,,,,,,,,3539.21568627451,,,,,,,1213,,1006,,,1841.1103968075,,,,,,,,,,,,,,,,,,1543,,,,,,,,,,,,,,,,,,,,,,,2829,,
1724,,,,,,,,,,,,,,,,,,,,,,,,,,,1170,,,,,,,,,,,,,1730.01131316194,,,,,,,,1151.57523380795,,,,1718.96177560092,,2528,,,,,,,,,,,,,,,,,,,,,,,,,,,,,,,,,,,,,,,,,,,,1350,,,,,,,,,,,,,,,,3591.80035650624,,,,,,,1146,,1015,,,1816.4743103325,,,,,,,,,,,,,,,,,,1565,,,,,,,,,,,,,,,,,,,,,,,2813,,
1725,,,,,,,,,,,,,,,,,,,,,,,,,,,,,,,,,,,,,,,,1706.83543800473,,,,,,,,1208.5034604389,,,,1772.60283550268,,2585,,,,,,,,,,,,,,,,,,,,,,,,,,,,,,,,,,,,,,,,,,,,1352,,,,,,,,,,,,,,,,3721.03386809269,,,,,,,1221,,1006,,,1977.70826435,,,,,,,,,,,,,,,,,,1548,,,,,,,,,,,,,,,,,,,,,,,2308,,
1726,,,,,,,,,,,,,,,,,,,,,,,,,,,,,,,,,,,,,,,,1681.19389061009,,,,,,,,1203.70599438968,,,,1753.23702338464,,2483,,,,,,,,,,,,,,,,,,,,,,,,,,,,,,,,,,,,,,,,,,,,1339,,,,,,,,,,,,,,,,3817.29055258467,,,,,,,1070,,1004,,,1941.2860264525,,,,,,,,,,,,,,,,,,1443,,,,,,,,,,,,,,,,,,,,,,,2126,,
1727,,,,,,,,,,,,,,,,,,,,,,,,,,,,,,,,,,,,,,,,1683.0835891285,,,,,,,,1218.36240450239,,,,1879.85737438677,,2455,,,,,,,,,,,,,,,,,,,,,,,,,,,,,,,,,,,,,,,,,,,,1334,,,,,,,,,,,,,,,,3762.0320855615,,,,,,,1227,,996,,,1741.56368841,,,,,,,,,,,,,,,,,,1564,,,,,,,,,,,,,,,,,,,,,,,2219,,
1728,,,,,,,,,,,,,,,,,,,,,,,,,,,,,,,,,,,,,,,,1716.68341368621,,,,,,,,1158.4809678208,,,,1896.1256942838,,2554,,,,,,,,,,,,,,,,,,,,,,,,,,,,,,,,,,,,,,,,,,,,1321,,,,,,,,,,,,,,,,3776.29233511586,,,,,,,1168,,983,,,1881.08709152,,,,,,,,,,,,,,,,,,1806,,,,,,,,,,,,,,,,,,,,,,,2184,,
1729,,,,,,,,,,,,,,,,,,,,,,,,,,,,,,,,,,,,,,,,1729.10935519859,,,,,,,,1174.90163745932,,,,1892.04214907423,,2452,,,,,,,,,,,,,,,,,,,,,,,,,,,,,,,,,,,,,,,,,,,,1320,,,,,,,,,,,,,,,,3960.78431372549,,,,,,,1176,,977,,,1948.56980773,,,,,,,,,,,,,,,,,,1867,,,,,,,,,,,,,,,,,,,,,,,2351,,
1730,,,,,,,,,,,,,,,,,,,,,,,,,,,1234,,,,,,,,,,,,,1758.08168144544,,,,,,,,1277.39977729927,,,,1885.08822665153,,2538,,,,,,,,,,,,,,,,,,,,,,,,,,,,,,,,,,,,,,,,,,,,1328,,,,,,,,,,,,,,,,3693.40463458111,,,,,,,1144,,971,,,1984.725172885,,,,,,,,,,,,,,,,,,1787,,,,,,,,,,,,,,,,,,,,,,,2308,,
1731,,,,,,,,,,,,,,,,,,,,,,,,,,,,,,,,,,,,,,,,1735.91013350443,,,,,,,,1256.79398181594,,,,1898.2010008085,,2499,,,,,,,,,,,,,,,,,,,,,,,,,,,,,,,,,,,,,,,,,,,,1353,,,,,,,,,,,,,,,,3518.71657754011,,,,,,,1160,,958,,,1954.6156623175,,,,,,,,,,,,,,,,,,1742,,,,,,,,,,,,,,,,,,,,,,,2461,,
1732,,,,,,,,,,,,,,,,,,,,,,,,,,,,,,,,,,,,,,,,1752.55301488601,,,,,,,,1248.05775731971,,,,1957.01590450134,,2654,,,,,,,,,,,,,,,,,,,,,,,,,,,,,,,,,,,,,,,,,,,,1358,,,,,,,,,,,,,,,,3540.99821746881,,,,,,,977,,953,,,2078.5728110875,,,,,,,,,,,,,,,,,,1723,,,,,,,,,,,,,,,,,,,,,,,2377,,
1733,,,,,,,,,,,,,,,,,,,,,,,,,,,,,,,,,,,,,,,,1771.75553149015,,,,,,,,1212.37780864813,,,,2006.05758002938,,2699,,,,,,,,,,,,,,,,,,,,,,,,,,,,,,,,,,,,,,,,,,,,1353,,,,,,,,,,,,,,,,3523.17290552585,,,,,,,1108,,953,,,1995.1835073625,,,,,,,,,,,,,,,,,,1677,,,,,,,,,,,,,,,,,,,,,,,2187,,
1734,,,,,,,,,,,,,,,,,,,,,,,,,,,,,,,,,,,,,,,,1752.48329389812,,,,,,,,1155.5006922201,,,,1947.68664610481,,2662,,,,,,,,,,,,,,,,,,,,,,,,,,,,,,,,,,,,,,,,,,,,1339,,,,,,,,,,,,,,,,3643.49376114082,,,,,,,1114,,956,,,2137.8127823325,,,,,,,,,,,,,,,,,,1702,,,,,,,,,,,,,,,,,,,,,,,1973,,
1735,,,,,,,,,,,,,,,,,,,,,,,,,,,,,,,,,,,,,,,,1737.37287498335,,,,,,,,1208.48722831278,,,,1897.88050067242,,2576,,,,,,,,,,,,,,,,,,,,,,,,,,,,,,,,,,,,,,,,,,,,1329,,,,,,,,,,,,,,,,3639.03743315508,,,,,,,1215,,955,,,2012.402937545,,,,,,,,,,,,,,,,,,1642,,,,,,,,,,,,,,,,,,,,,,,1980,,
1736,,,,,,,,,,,,,,,,,,,,,,,,,,,,,,,,,,,,,,,,1712.13919930195,,,,,,,,1198.8198422053,,,,1866.66449952039,,2745,,,,,,,,,,,,,,,,,,,,,,,,,,,,,,,,,,,,,,,,,,,,1309,,,,,,,,,,,,,,,,3507.13012477718,,,,,,,1235,,947,,,1944.2086302275,,,,,,,,,,,,,,,,,,1635,,,,,,,,,,,,,,,,,,,,,,,1833,,
1737,,,,,,,,,,,,,,,,,,,,,,,,,,,,,,,,,,,,,,,,1684.02050788708,,,,,,,,1177.42362362712,,,,1864.12331692367,,2582,,,,,,,,,,,,,,,,,,,,,,,,,,,,,,,,,,,,,,,,,,,,1302,,,,,,,,,,,,,,,,3463.45811051693,,,,,,,1159,,940,,,2126.791919525,,,,,,,,,,,,,,,,,,1747,,,,,,,,,,,,,,,,,,,,,,,1989,,
1738,,,,,,,,,,,,,,,,,,,,,,,,,,,,,,,,,,,,,,,,1706.80416834951,,,,,,,,1260.12343134563,,,,1838.41738949372,,2619,,,,,,,,,,,,,,,,,,,,,,,,,,,,,,,,,,,,,,,,,,,,1307,,,,,,,,,,,,,,,,3490.19607843137,,,,,,,1197,,939,,,2047.25756144,,,,,,,,,,,,,,,,,,1782,,,,,,,,,,,,,,,,,,,,,,,2047,,
1739,,,,,,,,,,,,,,,,,,,,,,,,,,,,,,,,,,,,,,,,1710.57186196277,,,,,,,,1200.11910014032,,,,1766.18661682869,,2584,,,,,,,,,,,,,,,,,,,,,,,,,,,,,,,,,,,,,,,,,,,,1320,,,,,,,,,,,,,,,,3491.97860962567,,,,,,,1183,,934,,,1845.9903901075,,,,,,,,,,,,,,,,,,1575,,,,,,,,,,,,,,,,,,,,,,,1934,,
1740,,,,,,,,,,,,,,,,,,,,,,,,,,,1158,,,,,,,,,,,,,1653.34231743964,,,,,,,,1182.92655469602,,,,1667.44120165608,,2526,,,,,,,,,,,,,,,,,,,,,,,,,,,,,,,,,,,,,,,,,,,,1325,,,,,,,,,,,,,,,,3465.24064171123,,,,,,,1234,,931,,,1889.410952065,,,,,,,,,,,,,,,,,,1500,,,,,,,,,,,,,,,,,,,,,,,2023,,
1741,,,,,,,,,,,,,,,,,,,,,,,,,,,,,,,,,,,,,,,,1626.21530659244,,,,,,,,1310.00239025311,,,,1641.11060138637,,2595,,,,,,,,,,,,,,,,,,,,,,,,,,,,,,,,,,,,,,,,,,,,1305,,,,,,,,,,,,,,,,3441.17647058824,,,,,,,1286,,931,,,2000.1773246,,,,,,,,,,,,,,,,,,1447,,,,,,,,,,,,,,,,,,,,,,,2236,,
1742,,,,,,,,,,,,,,,,,,,,,,,,,,,,,,,,,,,,,,,,1667.70421557555,,,,,,,,1399.77959826828,,,,1789.52068221327,,2683,,,,,,,,,,,,,,,,,,,,,,,,,,,,,,,,,,,,,,,,,,,,1277,,,,,,,,,,,,,,,,3650.623885918,,,,,,,1231,,947,,,2218.3398730675,,,,,,,,,,,,,,,,,,1473,,,,,,,,,,,,,,,,,,,,,,,2211,,
1743,,,,,,,,,,,,,,,,,,,,,,,,,,,,,,,,,,,,,,,,1713.06147290935,,,,,,,,1325.68669409465,,,,1974.65884521196,,2621,,,,,,,,,,,,,,,,,,,,,,,,,,,,,,,,,,,,,,,,,,,,1269,,,,,,,,,,,,,,,,3701.42602495544,,,,,,,1227,,999,,,2009.6225010225,,,,,,,,,,,,,,,,,,1460,,,,,,,,,,,,,,,,,,,,,,,2445,,
1744,,,,,,,,,,,,,,,,,,,,,,,,,,,,,,,,,,,,,,,,1726.33381570601,,,,,,,,1299.14940670926,,,,2044.98492057719,,2565,,,,,,,,,,,,,,,,,,,,,,,,,,,,,,,,,,,,,,,,,,,,1253,,,,,,,,,,,,,,,,4132.79857397504,,,,,,,1132,,1007,,,1972.091086875,,,,,,,,,,,,,,,,,,1589,,,,,,,,,,,,,,,,,,,,,,,2342,,
1745,,,,,,,,,,,,,,,,,,,,,,,,,,,,,,,,,,,,,,,,1737.32833293372,,,,,,,,1257.82998028855,,,,1925.05767204467,,2577,,,,,,,,,,,,,,,,,,,,,,,,,,,,,,,,,,,,,,,,,,,,1242,,,,,,,,,,,,,,,,3601.60427807487,,,,,,,1066,,1015,,,2033.3939969525,,,,,,,,,,,,,,,,,,1452,,,,,,,,,,,,,,,,,,,,,,,2434,,
1746,,,,,,,,,,,,,,,,,,,,,,,,,,,,,,,,,,,,,,,,1688.70440820848,,,,,,,,1281.21575040467,,,,1856.56922601389,,2641,,,,,,,,,,,,,,,,,,,,,,,,,,,,,,,,,,,,,,,,,,,,1254,,,,,,,,,,,,,,,,3976.82709447415,,,,,,,1116,,1023,,,2028.649393225,,,,,,,,,,,,,,,,,,1417,,,,,,,,,,,,,,,,,,,,,,,2447,,
1747,,,,,,,,,,,,,,,,,,,,,,,,,,,,,,,,,,,,,,,,1720.15372237365,,,,,,,,1224.53946853066,,,,1798.36732734181,,2750,,,,,,,,,,,,,,,,,,,,,,,,,,,,,,,,,,,,,,,,,,,,1290,,,,,,,,,,,,,,,,4557.04099821747,,,,,,,1058,,1039,,,2082.857621845,,,,,,,,,,,,,,,,,,1430,,,,,,,,,,,,,,,,,,,,,,,2632,,
1748,,,,,,,,,,,,,,,,,,,,,,,,,,,,,,,,,,,,,,,,1729.17138967334,,,,,,,,1287.13917481088,,,,1696.96671930296,,2713,,,,,,,,,,,,,,,,,,,,,,,,,,,,,,,,,,,,,,,,,,,,1313,,,,,,,,,,,,,,,,4393.04812834225,,,,,,,1049,,1054,,,2017.8246404225,,,,,,,,,,,,,,,,,,1371,,,,,,,,,,,,,,,,,,,,,,,2373,,
1749,,,,,,,,,,,,,,,,,,,,,,,,,,,,,,,,,,,,,,,,1738.2494713455,,,,,,,,1243.35560049141,,,,1704.65779922089,,2681,,,,,,,,,,,,,,,,,,,,,,,,,,,,,,,,,,,,,,,,,,,,1305,,,,,,,,,,,,,,,,3844.91978609626,,,,,,,1116,,1065,,,2028.87224449,,,,,,,,,,,,,,,,,,1444,,,,,,,,,,,,,,,,,,,,,,,2402,,
1750,,,,,,,,,,,2169,,,,,,,,,,,,,,,,1061.25,,,,,,,,,,481,,,1761.93815795563,,,,,,,,1295.77569805555,,,1486,1743.49817129894,,2702,,,,,,,,,,,,,,,1068,,,,,,,,,953,,,,,,,,,,,,,,,,,,,,1296,,,,,,,,,,,,,,,,3777.18360071301,,,,,,,1105,,1079,,,2184.4487403375,,,,,,,,,,,,,,,,,,1554,,,,,,,,,,,923,,,,,,,,,,,,2697,,
1751,,,,,,,,,,,,,,,,,,,,,,,,,,,,,,,,,,,,,,,,1785.47549761754,,,,,,,,1281.92709450013,,,,1752.85319149451,,2627,,,,,,,,,,,,,,,,,,,,,2485.47568498502,,,,,,,,,,,,,,,,,,,,,,,1301,,,,,,,,,,,,,,,,4046.34581105169,,,,,,,1130,,1095,,,2159.1162918325,,,,,,,,,,,,,,,,,,1506,,,,,,,,,,,,,,,,,,,,,,,2644,,
1752,,,,,,,,,,,,,,,,,,,,,,,,,,,,,,,,,,,,,,,,1786.81434184723,,,,,,,,1403.84078023711,,,,1727.1701413981,,2738,,,,,,,,,,,,,,,,,,,,,,,,,,,,,,,,,,,,,,,,,,,,1361,,,,,,,,,,,,,,,,3885.02673796791,,,,,,,1012,,1105,,,2209.53466825,,,,,,,,,,,,,,,,,,1495,,,,,,,,,,,,,,,,,,,,,,,2625,,
1753,,,,,,,,,,,,,,,,,,,,,,,,,,,,,,,,,,,,,,,,1777.47135073508,,,,,,,,1229.62696571472,,,,1932.18138778876,,2743,,,,,,,,,,,,,,,,,,,,,,,,,,,,,,,,,,,,,,,,,,,,1398,,,,,,,,,,,,,,,,4217.4688057041,,,,,,,1041,,1111,,,2190.0059363,,,,,,,,,,,,,,,,,,1530,,,,,,,,,,,,,,,,,,,,,,,2560,,
1754,,,,,,,,,,,,,,,,,,,,,,,,,,,,,,,,,,,,,,,,1762.16425584662,,,,,,,,1386.26806306955,,,,1819.10972860265,,2648,,,,,,,,,,,,,,,,,,,,,,,,,,,,,,,,,,,,,,,,,,,,1415,,,,,,,,,,,,,,,,4048.12834224599,,,,,,,983,,1070,,,2166.415733755,,,,,,,,,,,,,,,,,,1522,,,,,,,,,,,,,,,,,,,,,,,2342,,
1755,,,,,,,,,,,,,,,,,,,,,,,,,,,,,,,,,,,,,,,,1770.24422561125,,,,,,,,1377.76965762382,,,,1940.92640890104,,2710,,,,,,,,,,,,,,,,,,,,,,,,,,,,,,,,,,,,,,,,,,,,1430,,,,,,,,,,,,,,,,3920.67736185383,,,,,,,977,,1070,,,2172.924612495,,,,,,,,,,,,,,,,,,1454,,,,,,,,,,,,,,,,,,,,,,,2455,,
1756,,,,,,,,,,,,,,,,,,,,,,,,,,,,,,,,,,,,,,,,1732.96964745246,,,,,,,,1382.4740801499,,,,1971.73670347573,,2643,,,,,,,,,,,,,,,,,,,,,,,,,,,,,,,,,,,,,,,,,,,,1454,,,,,,,,,,,,,,,,3578.43137254902,,,,,,,1015,,1054,,,2010.402553705,,,,,,,,,,,,,,,,,,1387,,,,,,,,,,,,,,,,,,,,,,,2495,,
1757,,,,,,,,,,,,,,,,,,,,,,,,,,,,,,,,,,,,,,,,1707.86392707571,,,,,,,,1445.36216800004,,,,1871.18802318711,,2783,,,,,,,,,,,,,,,,,,,,,,,,,,,,,,,,,,,,,,,,,,,,1462,,,,,,,,,,,,,,,,3984.84848484848,,,,,,,1105,,1042,,,1987.8309539725,,,,,,,,,,,,,,,,,,1364,,,,,,,,,,,,,,,,,,,,,,,2165,,
1758,,,,,,,,,,,,,,,,,,,,,,,,,,,,,,,,,,,,,,,,1709.42132801412,,,,,,,,1391.90961248772,,,,1837.17469011196,,2815,,,,,,,,,,,,,,,,,,,,,,,,,,,,,,,,,,,,,,,,,,,,1465,,,,,,,,,,,,,,,,3887.70053475936,,,,,,,1172,,1036,,,1976.5295579575,,,,,,,,,,,,,,,,,,1597,,,,,,,,,,,,,,,,,,,,,,,2130,,
1759,,,,,,,,,,,,,,,,,,,,,,,,,,,,,,,,,,,,,,,,1773.64264635519,,,,,,,,1395.18401412543,,,,1799.90429916222,,2850,,,,,,,,,,,,,,,,,,,,,,,,,,,,,,,,,,,,,,,,,,,,1465,,,,,,,,,,,,,,,,3786.09625668449,,,,,,,1240,,1028,,,2039.605525685,,,,,,,,,,,,,,,,,,1588,,,,,,,,,,,,,,,,,,,,,,,2040,,
1760,,,,,,,,,,,,,,,,,,,,,,,,,,,1022,,,,,,,,,,,,,1773.70212245905,,,,,,,,1424.94030258554,,,,1843.02810747791,,2915,,,,,,,,,,,,,,,,,,,,,,,,,,,,,,,,,,,,,,,,,,,,1476,,,,,,,,,,,,,,,,3963.45811051693,,,,,,,1186,,1019,,,2151.82843057,,,,,,,,,,,,,,,,,,1669,,,,,,,,,,,,,,,,,,,,,,,2005,,
1761,,,,,,,,,,,,,,,,,,,,,,,,,,,,,,,,,,,,,,,,1755.04598179904,,,,,,,,1385.78564954587,,,,1912.1753841879,,3011,,,,,,,,,,,,,,,,,,,,,,,,,,,,,,,,,,,,,,,,,,,,1486,,,,,,,,,,,,,,,,3975.93582887701,,,,,,,1211,,1011,,,2186.7761026475,,,,,,,,,,,,,,,,,,1608,,,,,,,,,,,,,,,,,,,,,,,2071,,
1762,,,,,,,,,,,,,,,,,,,,,,,,,,,,,,,,,,,,,,,,1651.19674709563,,,,,,,,1314.10647622478,,,,2020.11485193703,,2917,,,,,,,,,,,,,,,,,,,,,,,,,,,,,,,,,,,,,,,,,,,,1487,,,,,,,,,,,,,,,,4032.97682709447,,,,,,,1215,,1004,,,2028.034700965,,,,,,,,,,,,,,,,,,1444,,,,,,,,,,,,,,,,,,,,,,,1852,,
1763,,,,,,,,,,,,,,,,,,,,,,,,,,,,,,,,,,,,,,,,1683.44579258853,,,,,,,,1237.69233420917,,,,2002.90770273717,,2914,,,,,,,,,,,,,,,,,,,,,,,,,,,,,,,,,,,,,,,,,,,,1417,,,,,,,,,,,,,,,,4311.94295900178,,,,,,,1211,,991,,,1984.7086284025,,,,,,,,,,,,,,,,,,1573,,,,,,,,,,,,,,,,,,,,,,,2160,,
1764,,,,,,,,,,,,,,,,,,,,,,,,,,,,,,,,,,,,,,,,1731.11792954412,,,,,,,,1289.07876733213,,,,1884.96194952468,,2898,,,,,,,,,,,,,,,,,,,,,,,,,,,,,,,,,,,,,,,,,,,,1392,,,,,,,,,,,,,,,,4327.0944741533,,,,,,,1277,,985,,,2032.9490365275,,,,,,,,,,,,,,,,,,1422,,,,,,,,,,,,,,,,,,,,,,,2185,,
1765,,,,,,,,,,,,,,,,,,,,,,,,,,,,,,,,,,,,,,,,1719.38605386463,,,,,,,,1295.95083698876,,,,1831.72670051477,,2853,,,,,,,,,,,,,,,,,,,,,,,,,,,,,,,,,,,,,,,,,,,,1390,,,,,,,,,,,,,,,,4880.57040998217,,,,,,,1361,,979,,,2036.0681962075,,,,,,,,,,,,,,,,,,1484,,,,,,,,,,,,,,,,,,,,,,,2225,,
1766,,,,,,,,,,,,,,,,,,,,,,,,,,,991,,,,,,,,,,,,,1746.63332212943,,,,,,,,1313.68089282102,,,,1848.97446321925,,2879,,,,,,,,,,,,,,,,,,,,,,,,,,,,,,,,,,,,,,,,,,,,1404,,,,,,,,,,,,,,,,4359.18003565062,,,,,,,1344,,974,,,2021.2111872225,,,,,,,,,,,,,,,,,,1533,,,,,,,,,,,,,,,,,,,,,,,2216,,
1767,,,,,,,,,,,,,,,,,,,,,,,,,,,,,,,,,,,,,,,,1764.57773376422,,,,,,,,1269.25522937856,,,,1778.18494895152,,2891,,,,,,,,,,,,,,,,,,,,,,,,,,,,,,,,,,,,,,,,,,,,1403,,,,,,,,,,,,,,,,4188.05704099822,,,,,,,1342,,976,,,2080.48801051,,,,,,,,,,,,,,,,,,1557,,,,,,,,,,,,,,,,,,,,,,,2177,,
1768,,,,,,,,,,,,,,,,,,,,,,,,,,,,,,,,,,,,,,,,1770.35374065411,,,,,,,,1290.11449879051,,,,1726.59773447876,,2911,,,,,,,,,,,,,,,,,,,,,,,,,,,,,,,,,,,,,,,,,,,,1393,,,,,,,,,,,,,,,,4307.48663101604,,,,,,,1334,,982,,,1863.3380563525,,,,,,,,,,,,,,,,,,1473,,,,,,,,,,,,,,,,,,,,,,,2225,,
1769,,,,,,,,,,,,,,,,,,,,,,,,,,,,,,,,,,,,,,,,1758.93046274619,,,,,,,,1296.6642995112,,,,1690.631206156,,3056,,,,,,,,,,,,,,,,,,,,,,,,,,,,,,,,,,,,,,,,,,,,1382,,,,,,,,,,,,,,,,4553.47593582888,,,,,,,1318,,982,,,1822.68570848,,,,,,,,,,,,,,,,,,1471,,,,,,,,,,,,,,,,,,,,,,,2246,,
1770,,,,,,,,,,,,,,,,,,,,,,,,,,,998,,,,,,,,,,,,,1709.99602134214,,,,,,,,1332.32117955743,,,,1578.46012541339,,2952,,,,,,,,,,,,,,,,,,,,,,,,,,,,,,,,,,,,,,,,,,,,1388,,,,,,,,,,,,,,,,4340.46345811052,,,,,,,1309,,982,,,1941.35250218,,,,,,,,,,,,,,,,,,1454,,,,,,,,,,,,,,,,,,,,,,,2294,,
1771,,,,,,,,,,,,,,,,,,,,,,,,,,,,,,,,,,,,,,,,1595.90618442113,,,,,,,,1335.91589904313,,,,1596.48903327811,,2989,,,,,,,,,,,,,,,,,,,,,,,,,,,,,,,,,,,,,,,,,,,,1369,,,,,,,,,,,,,,,,4721.03386809269,,,,,,,1307,,976,,,1909.646645725,,,,,,,,,,,,,,,,,,1341,,,,,,,,,,,,,,,,,,,,,,,2283,,
1772,,,,,,,,,,,,,,,,,,,,,,,,,,,,,,,,,,,,,,,,1604.20364093789,,,,,,,,1326.24812902345,,,,1679.0603645577,,2890,,,,,,,,,,,,,,,,,,,,,,,,,,,,,,,,,,,,,,,,,,,,1382,,,,,,,,,,,,,,,,4799.46524064171,,,,,,,1307,,974,,,1916.40719361,,,,,,,,,,,,,,,,,,1283,,,,,,,,,,,,,,,,,,,,,,,2128,,
1773,,,,,,,,,,,,,,,,,,,,,,,,,,,,,,,,,,,,,,,,1707.91788057032,,,,,,,,1353.35727631382,,,,1729.9089907643,,2920,,,,,,,,,,,,,,,,,,,,,,,,,,,,,,,,,,,,,,,,,,,,1393,,,,,,,,,,,,,,,,4561.49732620321,,,,,,,1180,,974,,,1927.2372144025,,,,,,,,,,,,,,,,,,1468,,,,,,,,,,,,,,,,,,,,,,,2562,,
1774,,,,,,,,,,,,,,,,,,,,,,,,,,,,,,,,,,,,,,,,1768.18051978797,,,,,,,,1305.50441579569,,,,1805.26897663529,,2834,,,,,,,,,,,,,,,,,,,,,,,,,,,,,,,,,,,,,,,,,,,,1433,,,,,,,,,,,,,,,,4573.08377896613,,,,,,,1290,,982,,,1912.2137318375,,,,,,,,,,,,,,,,,,1578,,,,,,,,,,,,,,,,,,,,,,,2533,,
1775,,,,,,,,,,,,,,,,,,,,,,,,,,,,,,,,,,,,,526,,,1758.82096703383,,,,,,,,1375.79982529003,,,,1745.34295428725,,2895,,,,,,,,,,,,,,,,,,,,,,,,,,,,,,,,,,,,,,,,,,,,1439,,,,,,,,,,,,,,,,4485.73975044563,,,,,,,1234,,991,,,1976.5408647075,,,,,,,,,,,,,,,,,,1525,,,,,,,,,,,,,,,,,2419,,,,,,2429,,
1776,,,,,,,,,,,,,,,,,,,,,,,,,,,,,,,,,,,,,,,,1778.61606348907,,,,,,,,1320.31057895405,,,,1853.36864244614,,2962,,,,,,,,,,,,,,,,,,,,,,,,,,,,,,,,,,,,,,,,,,,,1446,,,,,,,,,,,,,,,,4431.37254901961,,,,,,,1278,,995,,,1928.7105285175,,,,,,,,,,,,,,,,,,1562,,,,,,,,,,,,,,,,,,,,,,,2208,,
1777,,,,,,,,,,,,,,,,,,,,,,,,,,,,,,,,,,,,,,,,1782.35820322203,,,,,,,,1352.73147915013,,,,1811.26802027966,,3017,,,,,,,,,,,,,,,,,,,,,,,,,,,,,,,,,,,,,,,,,,,,1447,,,,,,,,,,,,,,,,4578.43137254902,,,,,,,1202,,987,,,2044.75640642,,,,,,,,,,,,,,,,,,1557,,,,,,,,,,,,,,,,,,,,,,,1824,,
1778,,,,,,,,,,,,,,,,,,,,,,,,,,,,,,,,,,,,,,,,1776.26027905985,,,,,,,,1320.29844412948,,,,1795.70027111921,,2966,,,,,,,,,,,,,,,,,,,,,,,,,,,,,,,,,,,,,,,,,,,,1470,,,,,,,,,,,,,,,,4497.32620320856,,,,,,,1188,,990,,,1936.69805784,,,,,,,,,,,,,,,,,,1588,,,,,,,,,,,,,,,,,,,,,,,1669,,
1779,,,,,,,,,,,,,,,,,,,,,,,,,,,,,,,,,,,,,,,,1798.50222110237,,,,,,,,1309.40733853859,,,,1905.68945371864,,2931,,,,,,,,,,,,,,,,,,,,,,,,,,,,,,,,,,,,,,,,,,,,1478,,,,,,,,,,,,,,,,4254.01069518717,,,,,,,1191,,998,,,2011.6905278925,,,,,,,,,,,,,,,,,,1607,,,,,,,,,,,,,,,,,,,,,,,1626,,
1780,,,,,,,,,,,,,,,,,,,,,,,,,,,981,,,,,,,,,,,,,1812.06326636124,,,,,,,,1269.82643799986,,,,1979.35097427388,,3049,,,,,,,,,,,,,,,,,,,,,,,,,,,,,,,,,,,,,,,,,,,,1460,,,,,,,,,,,,,,,,4552.58467023173,,,,,,,1170,,1004,,,1886.5986559875,,,,,,,,,,,,,,,,,,1594,,,,,,,,,,,,,,,,,,,,,,,1655,,
1781,,,,,,,,,,,,,,,,,,,,,,,,,,,,,,,,,,,,,,,,1780.3279234722,,,,,,,,1378.21308173604,,,,1920.45239040295,,3102,,,,,,,,,,,,,,,,,,,,,,,,,,,,,,,,,,,,,,,,,,,,1423,,,,,,,,,,,,,,,,4108.73440285205,,,,,,,1034,,1003,,,1968.898054305,,,,,,,,,,,,,,,,,,1481,,,,,,,,,,,,,,,,,,,,,,,1248,,
1782,,,,,,,,,,,,,,,,,,,,,,,,,,,,,,,,,,,,,,,,1776.66881764815,,,,,,,,1412.357780246,,,,1954.69619098415,,3048,,,,,,,,,,,,,,,,,,,,,,,,,,,,,,,,,,,,,,,,,,,,1406,,,,,,,,,,,,,,,,4336.89839572192,,,,,,,1052,,1001,,,1955.4289839175,,,,,,,,,,,,,,,,,,1525,,,,,,,,,,,,,,,,,,,,,,,1487,,
1783,,,,,,,,,,,,,,,,,,,,,,,,,,,,,,,,,,,,,,,,1794.41662782783,,,,,,,,1417.39359638139,,,,1875.78962489624,,3027,,,,,,,,,,,,,,,,,,,,,,,,,,,,,,,,,,,,,,,,,,,,1352,,,,,,,,,,,,,,,,4195.1871657754,,,,,,,1133,,991,,,1943.8049505875,,,,,,,,,,,,,,,,,,1457,,,,,,,,,,,,,,,,,,,,,,,1573,,
1784,,,,,,,,,,,,,,,,,,,,,,,,,,,,,,,,,,,,,,,,1793.63880029296,,,,,,,,1328.80542270807,,,,1888.5302194591,,3009,,,,,,,,,,,,,,,,,,,,,,,,,,,,,,,,,,,,,,,,,,,,1312,,,,,,,,,,,,,,,,4213.01247771836,,,,,,,1132,,979,,,2109.2380834525,,,,,,,,,,,,,,,,,,1535,,,,,,,,,,,,,,,,,,,,,,,1808,,
1785,,,,,,,,,,,,,,,,,,,,,,,,,,,,,,,,,,,,,,,,1791.59605715539,,,,,,,,1361.82189353179,,,,1889.95762342385,,2962,,,,,,,,,,,,,,,,,,,,,,,,,,,,,,,,,,,,,,,,,,,,1294,,,,,,,,,,,,,,,,4169.34046345811,,,,,,,1039,,968,,,2063.010166945,,,,,,,,,,,,,,,,,,1497,,,,,,,,,,,,,,,,,,,,,,,1943,,
1786,,,,,,,,,,,,,,,,,,,,,,,,,,,,,,,,,,,,,,,,1796.17557174816,,,,,,,,1332.23172706719,,,,1934.07978340002,,2981,,,,,,,,,,,,,,,,,,,,,,,,,,,,,,,,,,,,,,,,,,,,1298,,,,,,,,,,,,,,,,3768.27094474153,,,,,,,1114,,955,,,2059.2246240475,,,,,,,,,,,,,,,,,,1500,,,,,,,,,,,,,,,,,,,,,,,1524,,
1787,,,,,,,,,,,,,,,,,,,,,,,,,,,,,,,,,,,,,,,,1778.0863059885,,,,,,,,1416.81032278651,,,,1974.74972025116,,2898,,,,,,,,,,,,,,,,,,,,,,,,,,,,,,,,,,,,,,,,,,,,1302,,,,,,,,,,,,,,,,3950.98039215686,,,,,,,1125,,958,,,1959.6208707075,,,,,,,,,,,,,,,,,,1549,,,,,,,,,,,,,,,,,,,,,,,2122,,
1788,,,,,,,,,,,,,,,,,,,,,,,,,,,,,,,,,,,,,,,,1780.93882536735,,,,,,,,1426.37346641775,,,,2016.17767158364,,2861,,,,,,,,,,,,,,,,,,,,,,,,,,,,,,,,,,,,,,,,,,,,1302,,,,,,,,,,,,,,,,3726.38146167558,,,,,,,1277,,964,,,1998.6620497025,,,,,,,,,,,,,,,,,,1478,,,,,,,,,,,,,,,,,,,,,,,1972,,
1789,,,,,,,,,,,,,,,,,,,,,,,,,,,,,,,,,,,,,,,,1761.94451256693,,,,,,,,1420.48803259754,,,,1698.01482646858,,2888,,,,,,,,,,,,,,,,,,,,,,,,,,,,,,,,,,,,,,,,,,,,1304,,,,,,,,,,,,,,,,3876.11408199643,,,,,,,1226,,960,,,1821.72834844,,,,,,,,,,,,,,,,,,1615,,,,,,,,,,,,,,,,,,,,,,,1666,,
1790,,,,,,,,,,,,,,,,,,,,,,,,,,,955,,,,,,,,,,,,,1774.14707196979,,,,,,,,1453.91045559519,,,,1763.76554992573,,3072,,,,,,,,,,,,,,,,,,,,,,,,,,,,,,,,,,,,,,,,,,,,1298,,,,,,,,,,,,,,,,4198.75222816399,,,,,,,1149,,942,,,1747.59015431,,,,,,,,,,,,,,,,,,1602,,,,,,,,,,,,,,,,,,,,,,,1612,,
1791,,,,,,,,,,,,,,,,,,,,,,,,,,,,,,,,,,,,,,,,1808.88761567411,,,,,,,,1441.34569976106,,,,1765.84387900523,,3046,,,,,,,,,,,,,,,,,,,,,,,,,,,,,,,,,,,,,,,,,,,,1331,,,,,,,,,,,,,,,,4246.88057040998,,,,,,,1246,,928,,,1788.9248565825,,,,,,,,,,,,,,,,,,1661,,,,,,,,,,,,,,,,,,,,,,,1627,,
1792,,,,,,,,,,,,,,,,,,,,,,,,,,,,,,,,,,,,,579,,,1820.4911517153,,,,,,,,1381.38089081851,,,,1618.21723364303,,3134,,,,,,,,,,,,,,,,,,,,,,,,,,,,,,,,,,,,,,,,,,,,1353,,,,,,,,,,,,,,,,4398.39572192513,,,,,,,1307,,923,,,1806.277260515,,,,,,,,,,,,,,,,,,1576,,,,,,,,,,,,,,,,,,,,,,,1387,,
1793,,,,,,,,,,,,,,,,,,,,,,,,,,,,,,,,,,,,,,,,1800.38619792741,,,,,,,,1392.37218137689,,,,1601.7513197255,,3051,,,,,,,,,,,,,,,,,,,,,,,,,,,,,,,,,,,,,,,,,,,,1374,,,,,,,,,,,,,,,,4480.39215686275,,,,,,,1270,,921,,,1811.51921951,,,,,,,,,,,,,,,,,,1482,,,,,,,,,,,,,,,,,,,,,,,1529,,
1794,,,,,,,,,,,,,,,,,,,,,,,,,,,,,,,,,,,,,,,,1790.65161872641,,,,,,,,1361.19400752765,,,,1593.63792709216,,2925,,,,,,,,,,,,,,,,,,,,,,,,,,,,,,,,,,,,,,,,,,,,1385,,,,,,,,,,,,,,,,4665.77540106952,,,,,,,1356,,931,,,1659.097066445,,,,,,,,,,,,,,,,,,1492,,,,,,,,,,,,,,,,,,,,,,,,,
1795,,,,,,,,,,,,,,,,,,,,,,,,,,,,,,,,,,,,,,,,1777.83652279756,,,,,,,,1345.34464818695,,,,1597.65457491955,,3207,,,,,,,,,,,,,,,,,,,,,,,,,,,,,,,,,,,,,,,,,,,,1388,,,,,,,,,,,,,,,,3846.70231729055,,,,,,,1119,,940,,,1656.6132489725,,,,,,,,,,,,,,,,,,1506,,,,,,,,,,,,,,,,,,,,,,,,,
1796,,,,,,,,,,,,,,,,,,,,,,,,,,,,,,,,,,,,,,,,1784.92178237196,,,,,,,,1320.34248489863,,,,1633.33676102978,,3233,,,,,,,,,,,,,,,,,,,,,,,,,,,,,,,,,,,,,,,,,,,,1380,,,,,,,,,,,,,,,,4506.23885918004,,,,,,,1036,,953,,,1744.5472005325,,,,,,,,,,,,,,,,,,1589,,,,,,,,,,,,,,,,,,,,,,,,,
1797,,,,,,,,,,,,,,,,,,,,,,,,,,,,,,,,,,,,,,,,1836.48810361903,,,,,,,,1330.79626014617,,,,1652.12223725727,,3167,,,,,,,,,,,,,,,,,,,,,,,,,,,,,,,,,,,,,,,,,,,,1356,,,,,,,,,,,,,,,,4661.31907308378,,,,,,,1054,,958,,,1711.04076325,,,,,,,,,,,,,,,,,,1492,,,,,,,,,,,,,,,,,,,,,,,,,
1798,,,,,,,,,,,,,,,,,,,,,,,,,,,,,,,,,,,,,,,,1821.07944041734,,,,,,,,1406.41899602723,,,,1706.16755067942,,3161,,,,,,,,,,,,,,,,,,,,,,,,,,,,,,,,,,,,,,,,,,,,1341,,,,,,,,,,,,,,,,4725.49019607843,,,,,,,1057,,937,,,1558.4987353845,,,,,,,,,,,,,,,,,,1431,,,,,,,,,,,,,,,,,,,,,,,,,
1799,,,,,,,,,,,,,,,,,,,,,,,,,,,,,,,,,,,,,,,,1786.25353187212,,,,,,,,1386.48968997603,,,,1737.03564790745,,3207,,,,,,,,,,,,,,,,,,,,,,,,,,,,,,,,,,,,,,,,,,,,1323,,,,,,,,,,,,,,,,4332.44206773619,,,,,,,1060,,925,,,1551.67835838925,,,,,,,,,,,,,,,,,,1417,,,,,,,,,,,,,,,,,,,,,,,,,
1800,,,,,1484,,,,,,,,,,,,,,,867,,,,,,853,926.259,,,,,942,,,,,,,,1786.91785080176,,,,,,,,1317.91155150821,,,1213,1659.64777368854,,3343,,,,,,,,,,,,,,,,,,,,,,,,1317,,,,,,,,,,,,,,,,,,,,1305,,,,,,,,,,,,,,,,4184.49197860963,,,,,,,1058,,902,,,1458.752128106,,,,,,,,,,,,,,,,,,1366,,,,,,,,,,,,,,,,1838,2545.488,,1073,,,,1529,,
1801,,,,,,,,,,,,,,,,,,,,,,,,,,,,,,,,,,,,,,,,1780.77146075773,,,,,,,,1351.78740796447,,,,1579.59003565727,,3351,,,,,,,,,,,,,,,1033,,,,,,2515.15300659678,,,,,,,,,,,,,,,,,,,,,,,1298,,,,,,,,,,,,,,,,4110.51693404635,,,,,,,1003,,,,,1391.34143095675,,,,,,,,,,,,,,,,,,1353,,,,,,,,,,,,,,,,,2591.7696,,,,,,,,
1802,,,,,,,,,,,,,,,,,,,,,,,,,,,,,,,,,,,,,,,,1796.546236675,,,,,,,,1337.62434362006,,,,1583.46933156672,,3360,,,,,,,,,,,,,,,,,,,,,2510.91338922367,,,,,,,,,,,,,,,,,,,,,,,1274,,,,,,,,,,,,,,,,4337.78966131907,,,,,,,1004,,,,,1413.84536631975,,,,,,,,,,,,,,,,,,1417,,,,,,,,,,,,,,,,,2635.48,,,,,,,,
1803,,,,,,,,,,,,,,,,,,,,,,,,,,,,,,,,,,,,,,,,1802.96619452679,,,,,,,,1265.6273884014,,,,1737.14161220108,,3252,,,,,,,,,,,,,,,,,,,,,2517.27281528333,,,,,,,,,,,,,,,,,,,,,,,1264,,,,,,,,,,,,,,,,4244.20677361854,,,,,,,985,,,,,1427.301835414,,,,,,,,,,,,,,,,,,1403,,,,,,,,,,,,,,,,,2590.484,,,,,,,,
1804,,,,,,,,,,,,,,,,,,,,,,,,,,,,,,,,,,,,,,,,1808.39663883593,,,,,,,,1302.41167596938,,,,2008.1429864908,,3204,,,,,,,,,,,,,,,,,,,,,2523.632241343,,,1316.52,,,,,,,,,,,,,,,,,,,,1240,,,,,,,,,,,,,,,,4445.63279857397,,,,,,,979,,,,,1470.5849302235,,,,,,,,,,,,,,,,,,1312,,,,,,,,,,,,,,,,,2587.9128,,,,,,1462,,
1805,,,,,,,,,,,,,,,,,,,,,,,,,,,,,,,,,,,,,,,,1725.10972107884,,,,,,,,1429.94114758947,,,,1891.73696437215,,3347,,,,,,,,,,,,,,,,,,,,,2524.69214568627,,,,,,,,,,,,,,,,,,,,,,,1223,,,,,,,,,,,,,,,,4184.49197860963,,,,,,,1007,,,,,1444.99068825475,,,,,,,,,,,,,,,,,,1395,,,,,,,,,,,,,,,,,2643.1936,,,,,,1385,,
1806,,,,,,,,,,,,,,,,,,,,,,,,,,,,,,,,,,,,,,,,1738.17778281053,,,,,,,,1504.8413713849,,,,1861.94056090355,,3287,,,,,,,,,,,,,,,,,,,,,2523.632241343,,,,,,,,,,,,,,,,,,,,,,,1202,,,,,,,,,,,,,,,,4215.6862745098,,,,,,,1041,,,,,1412.2710588805,,,,,,,,,,,,,,,,,,1411,,,,,,,,,,,,,,,,,2690.7608,,,,,,1385,,
1807,,,,,,,,,,,,,,,,,,,,,,,,,,,,,,,,,,,,,,,,1740.12486228619,,,,,,,,1523.9835969657,,,,1812.07255999645,,3454,,,,,,,,,,,,,,,,,,,,,2524.69214568627,,,,,,,,,,,,,,,,,,,,,,,1172,,,,,,,,,,,,,,,,3862.74509803922,,,,,,,1050,,,,,1422.08962161175,,,,,,,,,,,,,,,,,,1352,,,,,,,,,,,,,,,,,2717.7584,,,,,,1502,,
1808,,,,,,,,,,,,,,,,,,,,,,,,,,,,,,,,,,,,,,,,1796.30768279832,,,,,,,,1544.68916238536,,,,2022.16094627296,,3250,,,,,,,,,,,,,,,,,,,,,2519.39262396989,,,,,,,,,,,,,,,,,,,,,,,1143,,,,,,,,,,,,,,,,2632,,,,,,,1031,,,,,1446.0949021155,,,,,,,,,,,,,,,,,,1280,,,,,,,,,,,,,,,,,2526.204,,,,,,1315,,
1809,,,,,,,,,,,,,,,,,,,,,,,,,,,,,,,,,,,,,,,,1836.7467688435,,,,,,,,1399.74760854339,,,,2010.84836151514,,3309,,,,,,,,,,,,,,,,,,,,,2514.0931022535,,,,,,,,,,,,,,,,,,,,,,,1111,,,,,,,,,,,,,,,,,,,,,,,1022,,,,,1421.00695252425,,,,,,,,,,,,,,,,,,1221,,,,,,,,,,,,,,,,,2652.1928,,,,,,1285,,
1810,,,,,,,,,,,,,,,,,,,,,,,,,,853,901,,,,,,,,,,,,,1920.26070203428,,,,,,,,1326.08940560703,,,,1916.64864395994,,3478,,,,,,,,,,,,,,,,,,,,,2509.85348488039,,,,,,,,,,,,,,,,,,,,,,,1073,,,,,,,,,,,,,,,,,,,,,,,1028,,,,,1176.5453996205,,,,,,,,,,,,,,,,,,1320,,,,,,,,,,,,,,,,,2725.472,,,,,,1420,,
1811,,,,,,,,,,,,,,,,,,,,,,,,,,815,,,,,,,,,,,,,,1898.13264110294,,,,,,,,1265.13871510297,,,,1765.30403712695,,3397,,,,,,,,,,,,,,,983,,,,,,2503.49405882073,,,,,,,,,,,,,,,,,,,,,,,1044,,,,,,,,,,,,,,,,,,,,,,,960,,690,,,1072.3851056555,,,,,,,,,,,,,,,,,,1417,,,,,,,,,,,,,,,,,2780.7528,,,,,,1127,,
1812,,,,,,,,,,,2358,,,,,,,,,,,,,,,802,,,,,,,,,,,,,,1842.74040072189,,,,,,,,1318.42758986133,,,,1601.3052843144,,3207,,,,,,,,,,,,,,,,,,,,,2503.49405882073,,,,,,,,,,,,,,,,,,,,,,,,,,,,,,,,,,,,,,,,,,,,,,968,,663,,,1114.223426498,,,,,,,,,,,,,,,,,,1328,,,,,,,,,,,,,,,,,2731.9,,,,,,1141,,
1813,,,,,,,,,,,,,,,,,,,,,,,,,,808,,,,,,,,,,,,,,1763.25448647814,,,,,,,,1358.64732350133,,,,1858.49805095658,,3328,,,,,,,,,,,,,,,,,,,,,2501.37425013418,,,,,,,,,,,,,,,,,,,,,,,,,,,,,,,,,,,,,,,,,,,,,,936,,679,,,1226.887726519,,,,,,,,,,,,,,,,,,1352,,,,,,,,,,,,,,,,,2762.7544,,,,,,1438,,
1814,,,,,,,,,,,,,,,,,,,,,,,,,,813,,,,,,,,,,,,,,1868.26552823089,,,,,,,,1429.71040077655,,,,1990.37421283379,,3204,,,,,,,,,,,,,,,,,,,,,2503.49405882073,,,,,,,,,,,,,,,,,,,,,,,,,,,,,,,,,,,,,,,,,,,,,,917,,720,,,1265.51400050075,,,,,,,,,,,,,,,,,,1363,,,,,,,,,,,,,,,,,2815.464,,,,,,1455,,
1815,,,,,,,,,,,,,,,,,,,,,,,,,,816,,,,,,,,,,,,,,1917.83161982367,,,,,,,,1499.96186936877,,,,1786.34861945809,,3489,,,,,,,,,,,,,,795,,,,,,,2504.55396316401,,,,,,,,,,,,,,,,,,,,,,,,,,,,,,,,,,,,,,,3011,,,,,,,889,,733,,,1326.918447582,,,,,,,,,,,,,,,,,,1411,,,,,,,,,,,,,,,,,2803.8936,,,,,,1210,,
1816,,,,,,,,,,,,,,,,,,,,,,,,,,789,,,,,,,,,,,,,,1829.27461910216,,,,,,,,1510.84348232681,,,,1583.70540744005,,3250,,,,,,,,,,,,,,862,,,,,,,2499.25444144762,,,,,,,,,,,,,,,,,,,,,,,,,,,,,,,,,,,,,,,2869,,,,,,,907,,736,,,1372.19171464375,,,,,,,,,,,,,,,,,,1438,,,,,,,,,,,,,,,,,2690.7608,,,,,,1261,,
1817,,,,,,,,,,,,,,,,,,,,,,,,,,781,,,,,,,,,,,,,,1746.28899955657,,,,,,,,1463.11305315838,,,,1433.14519549879,,3253,,,,,,,,,,,,,,851,,,,,,,2505.61386750729,,,,,,,,,,,,,,,,,,,,,,,,,,,,,,,,,,,,,,,2898,,,,,,,886,,746,,,1377.90711560775,,,,,,,,,,,,,,,,,,1396,,,,,,,,,,,,,,,,,2688.1896,,,,,,1310,,
1818,,,,,,,,,,,,,,,,,,,,,,,,,,822,,,,,,,,,,,,,,1867.86982842671,,,,,,,,1520.32468371774,,,,1605.58000972204,,3201,,,,,,,,,,,,,,834,,,,,,,2524.69214568627,,,,,,,,,,,,,,,,,,,,,,,,,,,,,,,,,,,,,,,2942,,,,,,,889,,762,,,1464.7978495605,,,,,,,,,,,,,,,,,,1407,,,,,,,,,,,,,,,,,2694.6176,,,,,,1390,,
1819,,,,,,,,,,,,,,,,,,,,,,,,,,787,,,,,,,,,,,,,,1957.74450230074,,,,,,,,1555.44391842235,,,,1660.47604735622,,3103,,,,,,,,,,,,,,835,,,,,,,2526.81195437283,,,,,,,,,,,,,,,,,,,,,,,,,,,,,,,,,,,,,,,2807,,,,,,,867,,792,,,1611.277075135,,,,,,,,,,,,,,,,,,1395,,,,,,,,,,,,,,,,,2690.7608,,,,,,1202,,
1820,,,,,1591,,826,1941,,,2358,,,,,,,,,867,,,,1441,,824,882,,,,,850,,,,1353,,,,2041.11409498602,,,2031,,685,,956,1557.90815828838,,,1313,1809.10449688709,,3306,,,,,,,,,1132,,,,,827,,1398,877,877,,,2522.57233699972,1117,877,1317,,,,,815.774301077617,,,1084,,,,877,,,,,685,,,1007,,,,803,,,,,,,961,,,,,3006,1384,641,826,,,,835,931,818,,752.725639062669,1665.42619334,,,,,,,797,,,,,,,,,,,1415,,,1084,,,909,,,,685,974,966,,,,1983,2674.048,,968,840,,,1188,,
1821,,,,,,,834,,,,,,,,,,,,,,,,,,,805,,,,,,,,,,,,,,2060.62798783226,,,2104,,,,,1578.19928562417,,,,1951.86434557087,,3308,,,,,,,,,,,,,,837,937,,,,,,2521.51243265644,,,,,,,,,,,,,,,,,,,,,,,,,,,,,,,,,,,,,,,2947,,,,,,,687,,834,,,1648.1022760475,,,,,,,,,,,,,,,,,,1457,,,,,,,,,,,,,,,,,2715.1872,,,,,,1403,,
1822,,,,,,,858,,,,,,,,,,,,,,,,,,,830,,,,,,,,,,,,,,2045.65124839683,,,2115,,,,,1587.36194486196,,,,1874.76871195907,,3315,,,,,,,,,,,,,,835,,,,,,,2521.51243265644,,,,,,,,,,,,,,,,,,,,,,,,,,,,,,,,,,,,,,,2974,,,,,,,655,,850,,,1636.75552404,,,,,,,,,,,,,,,,,,1465,,,,,,,,,,,,,,,,,2791.0376,,,,,,1309,,
1823,,,,,,,886,,,,,,,,,,,,,,,,,,,797,,,,,,,,,,,,,,2028.869827159,,,2085,,,,,1620.30631630308,,,,1933.73304294971,,3359,,,,,,,,,,,,,,837,,,,,,,2520.45252831317,,,,,,,,,,,,,,,,,,,,,,,,,,,,,,,,,,,,,,,3121,,,,,,,679,,870,,,1605.4578428525,,,,,,,,,,,,,,,,,,1449,,,,,,,,,,,,,,,,,2760.1832,,,,,,,,
1824,,,,,,,936,,,,,,,,,,,,,,,,,,,786,,,,,,,,,,,,,,2135.24329337879,,,2117,,,,,1634.33821032605,,,,1985.81205302682,,3492,,,,,,,,,,,,,,795,,,,,,,2532.11147608921,,,,,,,,,,,,,,,,,,,,,,,,,,,,,,,,,,,,,,,3100,,,,,,,654,,888,,,1538.129012147,,,,,,,,,,,,,,,,,,1487,,,,,,,,,,,,,,,,,2836.0336,,,,,,,,
1825,,,,,,,982,,,,,,,,,,,,,,,,,,,853,,,,,,,,,,,,,,2141.04333328885,,,2107,,,,,1472.9402667852,,,,1898.26399469561,,3521,,,,,,,,,,,,,,818,,,,,,,2541.65061517871,,,,,,,,,,,,,,,,,,,,,,,,,,,,,,,,,,,,,,,3022,,,,,,,671,,897,,,1502.63334186875,,,,,,,,,,,,,,,,,,1527,,,,,,,,,,,,,,,,,2897.7424,,,,,,,,
1826,,,,,,,999,,,,,,,,,,,,,,,,,,,885,,,,,,,,,,,,,,2144.83828663024,,,2110,,,,,1587.36307888478,,,,1948.87349872885,,3290,,,,,,,,,,,,,,867,,,,,,,2537.4109978056,,,,,,,,,,,,,,,,,,,,,,,,,,,,,,,,,,,,,,,3068,,,,,,,639,,902,,,1558.14648855775,,,,,,,,,,,,,,,,,,1532,,,,,,,,,,,,,,,,,2918.312,,,,,,1353,,
1827,,,,,,,1030,,,,,,,,,,,,,,,,,,,904,,,,,,,,,,,,,,2100.24281768955,,,2150,,,,,1617.05299945906,,,,1908.20102805414,,3499,,,,,,,,,,,,,,874,,,,,,,2529.99166740266,,,,,,,,,,,,,,,,,,,,,,,,,,,,,,,,,,,,,,,3250,,,,,,,681,,921,,,1476.53411544275,,,,,,,,,,,,,,,,,,1458,,,,,,,,,,,,,,,,,2929.8824,,,,,,,,
1828,,,,,,,1057,,,,,,,,,,,,,,,,,,,910,,,,,,,,,,,,,,2046.09158461668,,,2163,,,,,1607.2123225885,,,,1896.16981861415,,3461,,,,,,,,,,,,,,858,,,,,,,2523.632241343,,,,,,,,,,,,,,,,,,,,,,,,,,,,,,,,,,,,,,,3319,,,,,,,674,,942,,,1490.422637431,,,,,,,,,,,,,,,,,,1486,,,,,,,,,,,,,,,,,2929.8824,,,,,,,,
1829,,,,,,,1114,,,,,,,,,,,,,,,,,,,932,,,,,,,,,,,787,,,2069.04750077812,,,2110,,,,,1636.28024597943,,,,1945.74808483021,,3443,,,,,,,,,,,,,,834,,,,,,,2516.21291094006,,,,,,,,,,,,,,,,,,,,,,,,,,,,,,,,,,,,,,,3325,,,,,,,660,,953,,,1646.8715092375,,,,,,,,,,,,,,,,,,1506,,,,,,,,,,,,,,,,,2833.4624,,,,,,1372,,
1830,,,,,,,1352,2230,,,,,,,,,,,,,,,,1594,,925,846,,,,,,,,,,,,,2044.58044297997,,,2120,,,,,1662.35638290712,,,,1898.15072762945,,3550,,,,,,,,,,,,,,822,,,,,,,2513.03319791022,,,,,,,,,,,,,,,,,,,,,,,,,,,,,,,,,,,,,,,3038,1441,,,,,,669,,942,,,1721.017262965,,,,,,,,,,,,,,,,,,1468,,,,,,,,,,,,,,,,,3039.1584,,1922,,,,,,
1831,,,,,,,1398,,,,,,,,,,,,,,,,,,,929,,,,,,,,,,,,,,2029.08619497909,,,2101,,,,,1655.42588457668,,,,1924.72415840202,,3545,,,,,,,,,,,,,,811,945,,,,,,2510.91338922367,,,,,,,,,,,,,,,,,,,,,,,,,,,,,,,,,,,,,,,3264,1355,,,,,,673,,929,,,1602.960785335,,,,,,,,,,,,,,,,,,1497,,,,,,,,,,,,,,,,,3225.5704,,1897,,,,1243,,
1832,,,,,,,1428,,,,,,,,,,,,,,,,,,,956,,,,,,,,,,,,,,2073.2430898532,,,2158,,,,,1551.82476731452,,,,2091.72047766485,,3612,,,,,,,,,,,,,,811,,,,,,,2506.67377185056,,,,,,,,,,,,,,,,,,,,,,,,,,,,,,,,,,,,,,,3417,1393,,,,,,655,,923,,,1525.343423331,,,,,,,,,,,,,,,,,,1457,,,,,,,,,,,,,,,,,3342.56,,2142,,,,,,
1833,,,,,,,1435,,,,,,,,,,,,,,,,,,,961,,,,,,,,,,,,,,2142.03496253328,,,2130,,,,,1589.84937802046,,,,2052.41404193762,,3599,,,,,,,1537,,,,,,,840,,,,,,,2513.03319791023,,,,,,,,,,,,,,,,,,,,,,,,,,,,,,,,,,,,,,,3341,1508,,,,,,684,,920,,,1420.91993227275,,,,,,,,,,,,,,,,,,1503,,,,,,,,,,,,,,,,,3459.5496,,2173,,,,,,
1834,,,,,,,1508,,,,,,,,,,,,,,,,,,,983,,,,,,,,,,,,,,2168.90062711568,,,2227,,,,,1564.55252916111,,,,2055.49497574838,,3639,,,,,,,1635,,,,,,,867,,,,,,,2520.45252831317,,,,,,,,,,,,,,,,,,,,,,,,,,,,,,,,,,,,,,,3370,1527,,,,,,703,,923,,,1465.94411115425,,,,,,,,,,,,,,,,,,1522,,,,,,,,,,,,,,,,,3294.9928,,2195,,,,,,
1835,,,,,,,1825,,,,,,,,,,,,,,,,,,,1003,,,,,,,,,,,,,,2170.50019501018,,,2195,,,,,1573.81079974703,,,,2124.2776982003,,3861,,,,,,,2138,,,,,,,838,,,,,,,2531.05157174594,,,,,,,,,,,,,,,,,,,,,,,,,,,,,,,,,,,,,,,3360,1503,,,,,,727,,915,,,1444.28261880175,,,,,,,,,,,,,,,,,,1517,,,,,,,,,,,,,,,,,3419.696,,2153,,,,,,
1836,,,,,,,1793,,,,,,,,,,,,,,,,,,,991,,,,,,,,,,,,,,2173.38176315863,,,2179,,,,,1537.6418337887,,,,2089.47618139186,,3937,,,,,,,2067,,,,,,,821,,,,,,,2524.69214568627,,,,,,,,,,,,,,,,,,,,,,,,,,,,,,,,,,,,,,,3472,1466,,,,,,765,,912,,,1431.16937183675,,,,,,,,,,,,,,,,,,1565,,,,,,,,,,,,,,,,,3469.8344,,2002,,,,,,
1837,,,,,,,1881,,,,,,,,,,,,,,,,,,,1028,,,,,,,,,,,,,,2169.22847431268,,,2219,,,,,1549.68583762079,,,,2118.76720544604,,3857,,,,,,,2120,,,,,,,862,,,,,,,2525.75205002955,,,,,,,,,,,,,,,,,,,,,,,,,,,,,,,,,,,,,,,3553,1463,,,,,,805,,923,,,1572.948715702,,,,,,,,,,,,,,,,,,1554,,,,,,,,,,,,,,,,,3360.5584,,1884,,,,,,
1838,,,,,,,1857,,,,,,,,,,,,,,,,,,,1033,,,,,,,,,,,,,,2116.14549609671,,,2216,,,,,1535.74964605707,,,,2210.64400632416,,3963,,,,,,,2230,,,,,,,859,,,,,,,2514.0931022535,,,,,,,,,,,,,,,,,,,,,,,,,,,,,,,,,,,,,,,3590,1482,,,,,,811,,921,,,1589.91857804325,,,,,,,,,,,,,,,,,,1529,,,,,,,,,,,,,,,,,3329.704,,1693,,,,,,
1839,,,,,,,1733,,,,,,,,,,,,,,,,,,,1023,,,,,,,,,,,,,,2119.06856685914,,,2224,,,,,1575.34643233183,,,,2128.78241318513,,3881,,,,,,,2020,,,,,,,843,,,,,,,2511.97329356695,,,,,,,,,,,,,,,,,,,,,,,,,,,,,,,,,,,,,,,3588,1495,,,,,,795,,913,,,1628.55086212,,,,,,,,,,,,,,,,,,1546,,,,,,,,,,,,,,,,,3491.6896,,1576,,,,,,
1840,,,,,,,2190,2415,,,,,,,,,,,,,,,,1852,,1081,849,,,,,,,,,,,,,2163.84606723981,,,2276,,,,,1656.29680160652,,,,2275.75237092955,,4018,,,,,,,1932,,,,,,,883,,,,,,,2513.03319791023,,,,,,,,,,,,,,,,,,,,,,,,,,,,,,,,,,,,,,,3623,1607,,,,,,829,,907,,,1502.783535799,,,,,,,,,,,,,,,,,,1568,,,,,,,,,,,,,,,,,3319.4192,,1519,,,,1173,,
1841,,,,,,,1868,,,,,,,,,,,,,,,,,,,1081,,,,,,,,,,,,,,2230.6484903705,,,2254,,,,,1659.37859170665,,,,2320.76228882196,,3894,,,,,,,1918,,,,,,,877,944,,,,,,2514.0931022535,,,,,,,,,,,,,,,,,,,,,,,,,,,,,,,,,,,,,,,3658,1592,,,,,,889,,921,,,1474.49870456525,,,,,,,,,,,,,,,,,,1549,,,,,,,,,,,,,,,,,3252.568,,1693,,,,,,
1842,,,,,,,1704,,,,,,,,,,,,,,,,,,,1089,,,,,,,,,,,,,,2192.65768863856,,,2243,,,,,1605.10423652011,,,,2259.95580028595,,3808,,,,,,,1959,,,,,,,878,,,,,,,2506.67377185056,,,,,,,,,,,,,,,,,,,,,,,,,,,,,,,,,,,,,,,3569,1580,,,,,,874,,917,,,1518.952175559,,,,,,,,,,,,,,,,,,1476,,,,,,,,,,,,,,,,,3222.9992,,1884,,,,,,
1843,,,,,,,1975,,,,,,,,,,,,,,,,,,,1111,,,,,,,,,,,,,,2102.56395568751,,,2353,,,,,1604.58992666325,,,,2369.67156311707,,3950,,,,,,,1653,,,,,,,861,,,,,,,2507.73367619384,,,,,,,,,,,,,,,,,,,,,,,,,,,,,,,,,,,,,,,3507,1521,,,,,,843,,913,,,1537.79790926125,,,,,,,,,,,,,,,,,,1508,,,,,,,,,,,,,,,,,3274.4232,,1750,,,,1092,,
1844,,,,,,,2246,,,,,,,,,,,,,,,,,,,1117,,,,,,,,,,,799,,,2139.27881191547,,,2434,,,,,1556.11473297687,,,,2444.24292700817,,4245,,,,,,,1602,,,,,,,832,,,,,,,2540.59071083543,,,,,,,,,,,,,,,,,,,,,,,,,,,,,,,,,,,,,,,3540,1567,,,,,,824,,915,,,1636.23739461,,,,,,,,,,,,,,,,,,1573,,,,,,,,,,,,,,,,,3453.1216,,1750,,,,,,
1845,,,,,,,2310,,,,,,,,,,,,,,,,,,,1141,,,,,,,,,,,,,,2158.17396084691,,,2472,,,,,1628.62260881681,,,,2358.92444404544,,4387,,,,,,,1543,,,,,,,783,,,,,,,2542.71051952199,,,,,,,,,,,,1252.84225092251,,,,,,,,,,,,,,,,,,,,,,,,,,,3515,1631,,,,,,886,,932,,,1633.917316395,,,,,,,,,,,,,,,,,,1610,,,,,,,,,,,,,,,,,3505.8312,,1769,,,,,,
1846,,,,,,,2554,,,,2700,,,,,,,,1184,,,,,,,1170,,,,,,,,,,,,,,2086.653625518,,,2501,,,,,1656.59861542595,,,,2356.3036969351,,4334,,,,,,,1691,,,,,,,759,,,,,,,2538.47090214888,,,1435.77,,,,,,,,,1258.65590405904,,,,,,,,,,,,,,,,,,,,,,,,,,,3521,1619,,,,,,853,,944,,,1524.3385313065,,,,,,,,,,,,,,,,,,1554,,,,,,,,,,,,,,,,,3526.4008,,1788,,,,,,
1847,,,,,,,2954,,,,2809,,,,,,,,,,,,,,,1183,,,,,,,,,,,,,,2064.50827936045,,,2466,,,,,1592.76294746467,,,,2606.69974155652,,4234,,,,,,,1441,,,,,,,748,,,,,,,2536.35109346232,,,,,,,,,,,,1264.46955719557,,,,,,,,,,,,,,,,,,,,,,,,,,,3545,1670,,,,,,939,,956,,,1409.71562206475,,,,,,,,,,,,,,,,,,1594,,,,,,,,,,,,,,,,,3618.964,,1712,,,,937,,
1848,,,,,,,3381,,,,2796,,,,,,,,,,,,,,,1227,,,,,,,,,,,,,,2202.55877186735,,,2570,,,,,1615.92542193542,,,,2437.95378651418,,4361,,,,,,,1554,,,,,,,775,,,,,,,2536.35109346232,,,,,,,,,,,,1270.2832103321,,,,,,,,,,,,,,,,,,,,,,,,,,,3602,1533,,,,,,976,,960,,,1496.48281321175,,,,,,,,,,,,,,,,,,1612,,,,,,,,,,,,,,,,,3712.8128,,1712,,,,,,
1849,,,,,,,3339,,,,2853,,,,,,,,,,,,,,,1298,,,,,,,,,,,,,,2288.27422930737,,,2695,,,,,1638.27057982523,,,,2505.55873923695,,4422,,,,,,,1591,,,,,,,746,,,,,,,2538.47090214888,,,,,,,,,,,,1276.09686346863,,,,,,,,,,,,,,,,,,,,,,,,,,,3709,1559,,,,,,993,,960,,,1520.168077337,,,,,,,,,,,,,,,,,,1672,,,,,,,,,,,,,,,,,3616.3928,,1576,,,,,,
1850,,,,,1994,,3148,2630,,,2944,,,,,,,,,867,,,,2120,,1352,858,,,,,784,,,,1720,888,,,2276,,,2817,,,,,1702.93492644602,,,1519,2545.02750854282,,4332,,,,,,,1607,,,,,,,724,947,,,,,,2540.59071083543,867,,1436,,,,,,,,,1281.91051660517,,,899,,,,,,,,1054,,,,,,,,,,,,,,,,3779,1623,,1824,,,,945,,985,,,1469.8775,,,,,,,,,,,,,,,,,,1715,,,,,,,,,,,,,,,,2467,3631.82,,1884,,,,1042,,
1851,,,,,,,3736,,,,3006,,,,,,,,,926,,,,,2444.22610239988,1392,,,,,,,,,,,,,,2244,,,2649,,,,,1718.42221947278,,,,2498.84293322756,,4477,,,,,,,1969,,,,,,,744,947,,,,,,2542.71051952199,,,,,,,,,,,,1287.7241697417,,,,,,,,,,,,,,,,,,,,,,,,,,,3834,1663,,,,,,1087,,1038,,,,,,,,,,,,,,,,,,,,,1682,,,,,,,,,,,,,,,,,3778.3784,,1808,,,,1234,,
1852,,,,,,,4382,,,,3067,,,,,,,,,901,,,,,2445.85217664588,1404,,,,,,,,,,,,,,2273,,,2713,,,,,1783.83849049085,,,,2652.939920416,,4626,,,,,,,1663,,,,,,,717,,,,,,,2540.59071083543,,,,,,,,,,,,1290.63099630996,,,,,,,,,,,,,,,,,,,,,,,,,,,3790,1686,,,,,,1015,,1062,,,,,,,,,,,,,,,,,,,,,1645,,,,,,,,,,,,,,,,,3971.2184,,1884,,,,1294,,
1853,,,,,,,4798,,,,3127,,,,,,,,,846,,,,,2379.27947061621,1364,,,,,,,,,,,,,,2252,,,2697,,,,,1783.83404348926,,,,2515.04321972595,,4734,,,,,,,1822,,,,,,,743,,,,,,,2549.06994558165,,,,,,,,,,,,1293.53782287823,,,,,,,,,,,,,,,,,,,,,,,,,,,3704,1776,,,,,,1160,,1108,,,,,,,,,,,,,,,,,,,,,1667,,,,,,,,,,,,,,,,,4242.48,,2000,,,,1390,,
1854,,,,,,,4202,,,,3300,,,,,,,,,818,,,,,2263.80653910788,1387,,,,,,,,,,,,,,2300,,,2679,,,,,1801.45553933781,,,,2626.96825354804,,4909,,,,,,,1908,,,,,,,711,,,,,,,2548.01004123837,,,,,,,,,,,,1290.63099630996,,,,,,,,,,,,,,,,,,,,,,,,,,,3931,1859,,,,,,1226,,1133,,,,,,,,,,,,,,,,,,,,,1685,,,,,,,,,,,,,,,,,4254.0504,,2039,,,,1352,,
1855,,,,,,,3988,,,,3301,,,,,,,,,824,,,,,2372.84918976211,1425,,,,,,,,,,,,,,2263,,,2938,,,,,1889.08977898396,1787,,,2577.99072647892,,4748,,,,,,,2007,,,,,,,746,,,,,,,2570.2680324472,,,,,,,,,,,,1299.35147601476,,,,,,,,,,,,,,,,,,,,,,,,,,,3824,1897,,,,,,1302,,1162,,,1465,,,,,,,,,,,,,,,,,,1788,,,,,,,,,,,,,,,,,4161.4872,,2115,,,,1451,,
1856,,,,,,,4866,,,,3459,,,,,,,,,854,,,,,2419.27101505315,1427,,,,,,,,,,,,,,2440,,,2735,,,,,1797.5085248437,,,,2686.8047901294,,5013,,,,,,,1757,,,,,,,797,,,,,,,2562.84870204425,,,,,,,,,,,,1310.97878228782,,,,,,,,,,,,,,,,,,,,,,,,,,,3977,1860,,,,,,1243,,1159,,,,,,,,,,,,,,,,,,,,,1771,,,,,,,,,,,,,,,,,4247.6224,,1635,,,,1168,,
1857,,,,,,,4294,,,,3524,,,,,,,,,915,,,,,2785.79517964569,1462,,,,,,,,,,,,,,2541,,,2745,,,,,1744.03028103884,,,,2835.71721311475,,5019,,,,,,,2278,,,,,,,764,,,,,,,2557.54918032787,,,,,,,,,,,,1281.91051660517,,,,,,,,,,,,,,,,,,,,,,,,,,,3907,1763,,,,,,1441,,1183,,,,,,,,,,,,,,,,,,,,,1819,,,,,,,,,,,,,,,,,4156.3448,,1884,,,,1384,,
1858,,,,,,,3661,,,,3526,,,,,,,,,974,,,,,2861.66667495646,1513,,,,,,,,,,,,,,2509,,,2691,,,,,1778.36804554864,,,,3028.64952042163,,4879,,,,,,,2197,,,,,,,815,,,,,,,2551.18975426821,,,,,,,,,,,,1287.7241697417,,,,,,,,,,,,,,,,,,,,,,,,,,,3800,1865,,,,,,1341,,1237,,,,,,,,,,,,,,,,,,,,,1841,,,,,,,,,,,,,,,,,4176.9144,,1846,,,,1210,,
1859,,,,,,,4728,,,,3502,,,,,,,,,966,,,,,2894.26277033012,1559,,,,,,,,,,,,,,2495,,,2834,,,,,1861.12659446077,,,,2826.92198221787,,5031,,,,,,,2161,,,,,,,816,,,,,,,2544.83032820854,,,,,,,,,,,,1331.32656826568,,,,,,,,,,,,,,,,,,,,,,,,,,,3665,1817,,,,,,1309,,1296,,,,,,,,,,,,,,,,,,,,,1906,,,,,,,,,,,,,,,,,4288.7616,,1865,,,,1250,,
1860,,,,,2160,,4613,2834,,,3655,,,,,,,,,991,,,,2313,2933.63057110256,1588,,,,,,913,,,,,,,,2613,,,2775,,,,,1927.77246535971,,,1522,3016,,5086,,,,,,,2125,,,,,,,819,,,,,,,2538.47090214888,856,,,,,,,,,,,1401.09040590406,,,,,,,,,,,921,,,,,,,,,,,,,,,,3840,1887,,3526,,,,1313,,1358,,,,,,,,754.452481573874,,,,,,,,,,1525.30030307143,,,1941,,,,,,,,,,,,,,,,3000,4401.8944,,1981,,,,1294,,
1861,,,,,,,4544,,,,3682,,,,,,,,,982,,,,,2948.31278589882,1575,,,,,,,,,,,,,,2523,,,2785,,,,,1929.40489457566,,,1527,2820,,5024,,,,,,,2262,,,,,,,824,896,,,,,,2558,,,,,,,,,,,,1415.62453874539,,,,,,,,,,,,,,,,,,,,,,,,,,,3735,1879,,,,,,1235,,1387,,,1407,,,,,728.006173354453,,,,,,,,,,1471.99551158096,,,1865,,,,,,,,,,,,,,,,,4311.9024,,2134,,,,1218,,
1862,,,,,,,4368,,,,3752,,,,,,,,,936,,,,,2822.51362876576,1553,,,,,,,,,,,1068,,,2622,,,2836,,,,,1929.68052424006,,,1428,3051,,4764,,,,,,,2283,,,,,,,770,,,,,,,2634.35245901639,,,,,,,,,,,,1502.82933579336,,,,,,,,,,,,,,,,,,,,,,,,,,,3881,2007,,,,,,1221,,1376,,,,,,,786.904570369673,654.775648080277,,,,,,,,,,1323.58651551266,,,1808,,,,,,,,,,,,,,,,,4446.8904,,1884,,,,897,,
1863,,,,,,,4352,,,,3832,,,,,,,,,956,,,,,2879.02433588928,1596,,,,,,,,,,,,,,2788,,,2979,,,,,1956.35445124272,,,1527,3145,,5165,,,,,,,2039,,,,,,,773,,,,,,,2688.11475409836,,,,,,,,,,,,1479.57472324723,,,,,,,,,,,,,,,,,,,,,,,,,,,3953,1959,,,,,,1339,,1387,,,,,,,857.817482234382,790.265008007476,,,,,,,,,,1596.94524464511,,,1886,,,,,,,,,,,,,,,,,4733.5792,,1731,,,,960,,
1864,,,,,,,4616,,,,3931,,,,,,,,,971,,,,,2807.79281136665,1667,,,,,,,,,,,,,,2837,,,2922,,,,,1943.16224485349,,,1545,3169,,5255,,,,,,,1854,,,,,,,764,,,,,,,2642.03278688525,,,,,,,,,,,,1459.22693726937,,,,,,,,,,,,,,,,,,,,,,,,,,,4111,1986,,,,,,1278,,1420,,,,,,,882.980128379924,644.782415801318,,,,,,,,,,1302.58008822728,,,1919,,,,,,,,,,,,,,,,,4889.1368,,1693,,,,1339,,
1865,,,,,,,4403,,,,3902,,,,,,,,,1042,,,,,2792.1978335779,1710,,,,,,,,,,,,,,2821,,,2989,,,,,1862.08303716632,,,1516,3067,,5333,,,,,,,1981,,,,,,,784,,,,,,,2780.27868852459,,,,,,,,,,,,1441.78597785978,,,,,,,,,,,,,,,,,,,,,,,,,,,4117,2077,,,,,,1267,,1446,,,1420,,,,674.816419357714,582.559668987784,,,,,,,,,,1176.11471666453,,,1953,,,,,,,,,,,,,,,,,4637.1592,,1788,,,,985,,
1866,,,,,,,4532,,,,3990,,,,,,,,,1081,,,,,2814.7017182278,1750,,,,,,,,,,,,,,2823,,,2963,,,,,1974.45242885884,,,1527,3083,,5451,,,,,,,1890,,,,,,,800,,,,,,,2588.27049180328,,,,,,,,,,,,1418.53136531365,,,,,,,,,,,,,,,,,,,,,,,,,,,4272,1975,,,,,,1320,,1470,,,1466,,,,674.816419357714,704.455970585799,,,,,,,,,,1438.12611182043,,,1921,,,,,,,,,,,,,,,,,4599.8768,,1769,,,,1025,,
1867,,,,,,,4956,,,,3980,,,,,,,,,1170,,,,,2746.02266573331,1666,,,,,,,,,,,,,,2815,,,2933,,,,,1943.71876797908,,,1412,2890,,5424,,,,,,,1997,,,,,,,826,,,,,,,2611.31147540984,,,,,,,,,,,,1401.09040590406,,,,,,,,,,,,,,,,,,,,,,,,,,,4127,1991,,,,,,1317,,1516,,,1500,,,,816.642243087131,598.423322629728,,,,,,,,,,1228.68952068266,,,1949,,,,,,,,,,,,,,,,,4751.5776,,1596,,,,1213,,
1868,,,,,,,5031,,,,4095,,,,,,,,,1170,,,,,3053.11450938051,1714,,,,,,,,,,,,,,2966,,,2954,,,,,1698.76750354793,,,1599,3159,,5636,,,,,,,2020,,,,,,,800,,,,,,,2626.67213114754,,,,,,,,,,,,1380.7426199262,,,,,,,,,,,,,,,,,,,,,,,,,,,4152,1975,,,,,,1312,,1556,,,1506,,,,882.980128379923,614.817552537684,,,,,,,,,,1249.90567523214,,,1774,,,,,,,,,,,,,,,,,4815.8576,,1615,,,,1226,,
1869,,,,,,,4932,,,,4245,,,,,,,,,1170,,,,,3041.02859434905,1849,,,,,,,,,,,,,,2965,,,3092,,,,,1757.92802840513,,,1755,3198,,5635,,,,,,,1992,,,,,,,787,,,,,,,2695.79508196721,,,,,,,,,,,,1438.87915129151,,,,,,,,,,,,,,,,,,,,,,,,,,,4286,2079,,,,,,1471,,1559,,,1537,,,,798.342136799464,614.693153608273,,,,,,,,,,1242.74606422152,,,1902,,,,,,,,,,,,,,,,,4943.132,,1788,,,,1211,,
1870,,,711,,2340,,5217,2970,,,4291,,,,1339,,,,,1084,,,,2702,2954.37649900731,1868,945,,,,,1078,,,,1855,,,,2931,,,3193,,1140,760,1195,1806.45630929533,,,1817,2990,,5829,,,,,,,1938,,1256,,,,1741,810,850,2829,956,956,1563.40250334758,,2826.3606557377,845,1116,1580,,,,,820.357302769065,,,1514,1558.05904059041,,,1356,,,,,897,,,1046,,,,803,,,,,,,1055,,,,,4422,2177,641,4941,,,,1675,995,1575,,757.592399660057,1554,,1211,,828.079809516923,788.695220944366,,829,,,1423,,,,,1595.93926251712,,,2144,,,1403,,,969,,,,1009,1165,968,,,,3677,4803.0016,,1769,805,,878,1286,,
1871,,,,,,,5259,3154,,,4275,,,,,,,,,1084,,,,2797,3063.71744352942,1836,,,,,,1082,,,,,,,,2896,,,3177,,,,,1945.42736090792,,,1796,3027,,5797,,,,,,,1859,,,,,,,811,,,,,1591.01798932429,,2811.12,,,,,,,,,,,,1616.19557195572,,,1318,,,,,,,,,,,,,,,,,,,,,,,,4364,2276,,5029,,,,1747,,1576,,,1487,,,,857.817482234382,653.737952560449,,,,,,,,,,1324.29239217778,,,2219,,,,,,,,,,,,,,,,3677,4918.7056,,1731,,,,1290,,
1872,,,,,,,5663,3150,,,4501,,,,,,,,,1122,,,,2718,3140.48686963731,1910,,,,,,1089,,,,,,,,3078,,,3327,,,,,2242.96538173614,,,1825,3312,,5769,,,,,,,1806,,,,,,,830,,,,,1585.40808235431,,2593,,,,,,,,,,,,1662.70479704797,,,1251,,,,,,,,,,,,,,,,,,,,,,,,4414,2342,,5616,,,,1771,,1599,,,1521,,,,853.242455662465,698.439133437307,,,,,,,,,,1409.52603097951,,,2259,,,,,,,,,,,,,,,,4305,4991.9848,,1750,,,,1902,,
1873,,,,,,,6095,3049,,,4495,,,,,,,,,1089,,,,2936,3320.86142093715,2024,,,,,,1093,,,,,,,,3186,,,3279,,,,,2423.90660503451,,,1902,3064,,5842,,,,,,,2128,,,,,,,813,,,,,1657.22256785914,,2581,,,,,,,,,,,,1398.18357933579,,,1256,,,,,,,,,,,,,,,,,,,,,,,,4503,2421,,6107,,,,1757,,1653,,,1575,,,,908.142774525465,711.762688161386,,,,,,,,,,1427.08218465948,,,2284,,,,,,,,,,,,,,,,4403,5116.688,,1884,,,,1639,,
1874,,,,,,,6113,3158,,,4607,,,,,,,,,1106,,,,2955,3322.5070206781,1954,,,,,,1100,,,,,,,,3386,,,3341,,,,,2212.9284245324,,,1919,3438,,5874,,,,,,,2013,,,,,,,802,,,,,1707.37167825265,,2715,,,1607.49,,,,,,,,,1433.06549815498,,,1235,,,,,,,,,,,,,,,,,,,,,,,,4337,2348,,6126,,,,1777,,1682,,,1540,,,,894.417694809715,867.834985481676,,,,,,,,,,1745.56098466474,,,2370,,,,,,,,,,,,,,,,3918,4964.9872,,2077,,,,1562,,
1875,,,,,2606,,6596,3145,,,4560,,,,,,,,,1122,,,,2844,3598.77225366935,2050,,,,,,1105,,,,,,,,3366,,,3366,,,,,2273.85309155162,,,1930,3537,,5950,,,,,,,1929,,,,,,,832,,,,,1699.83756417606,,2727,,,,,,,,,,,,1433.06549815498,,,1245,,,,,,,,,,,,,,,,,,,,,,,,4584,2410,,5879,,,,1627,,1686,,,1529,,,,1029.38097868126,654.516707447271,,,,,,,,,,1327.51491258069,,,2286,,,,,,,,,,,,,,,,3241,5105.1176,,1846,,,,1741,,
1876,,,,,2611,,6387,3188,,,4583,,,,,,,,,1081,,,,2616,3851.91415709744,1988,,,,,,1111,,,,,,,,3301,,,3395,,,,,2343.20058412424,,,2007,3233,,5938,,,,,,,1921,,,,,,,827,,,,,1672.11274460469,,2662,,,,,,,,,,,,1479.57472324723,,,1258,,,,,,,,,,,,,,,,,,,,,,,,4595,2477,,5775,,,,1792,,1733,,,1486,,,,983.630712962091,662.309514145582,,,,,,,,,,1350.60265167086,,,2431,,,,,,,,,,,,,,,,3532,5049.8368,,1924,,,,1946,,
1877,,,,,2820,,6433,3268,,,4597,,,,,,,,,1050,,,,2753,3630.18782609982,1908,,,,,,1116,,,,,,,,3241,,,3261,,,,,2598.25279162151,,,1930,3390,,5923,,,,,,,1804,,,,,,,838,,,,,1707.65813454299,,2678,,,,,,,,,,,,1494.10885608856,,,1264,,,,,,,,,,,,,,,,,,,,,,,,4651,2450,,6347,,,,1637,,1761,,,1545,,,,1006.50584582167,810.125270390284,,,,,,,,,,1663.33897249792,,,2377,,,,,,,,,,,,,,,,3435,5098.6896,,1943,,,,1835,,
1878,,,,,2619,,6817,3347,,,4689,,,,,,,,,1101,,,,2609,3485.83696086339,1953,,,,,,1122,,,,,,,,3352,,,3351,,,,,2492.02007984809,,,1870,3333,,5879,,,,,,,1985,,,,,,,864,,,,,1771.36918773609,,2745,,,,,,,,,,,,1520.27029520295,,,1144,,,,,,,,,,,,,,,,,,,,,,,,4637,2337,,6808,,,,1415,,1800,,,1537,,,,1038.53103182509,846.768166770749,,,,,,,,,,1730.8637688635,,,2291,,,,,,,,,,,,,,,,3677,5198.9664,,2077,,,,1790,,
1879,,,,,2664,,6703,3296,,,4694,,,,,,,,,1109,,,,2813,3509.22223480297,2219,,,,,,1127,,,,,,,,3234,,,3425,,,,,2313.52004842616,,,1860,3113,,5786,,,,,,,2063,,,,,,,859,,,,,1874.64917119377,,2753,,,,,,,,,,,,1555.15221402214,,,1227,,,,,,,,,,,,,,,,,,,,,,,,4414,2429,,5689,,,,1194,,1835,,,1529,,,,1054.5436248268,719.066133056828,,,,,,,,,,1451.79372919961,,,2416,,,,,,,,,,,,,,,,3145,5715.7776,,2039,,,,1985,,
1880,,,,,2557,,6830,3314,,,4886,,,,,,,,,1058,,,,2895,3869.36628148129,2418,,,,,,1133,,,,,,,,3174,,,3476,,,760,,2517.07559103517,,,1841,3379,,5997,,,,,,,2028,,,,,,,1041,,,,,1986.25835382051,,2796,864,,,,,,,,,,,1569.68634686347,,,1325,,,,,,,,,,,,,,,,,,,,,,,,4666,2503,,5973,,,,859,,1886,,,1510,,,,1313.03262614009,671.489386589217,,,,,,,,,,1342.78911782933,,,2359,,,,,,,,,,,,,,,,3435,6255.7296,,2153,,,,2294,,
1881,,,,,2541,,7101,3419,,,4894,,,,,,,,,1068,,,,3252,3943.41551086938,2488,,,,,,1138,,,,,1267,,,3228,,,3480,,,,,2534.70857859047,,,1769,3497,,6146,,,,,,,1970,,,,,,,1097,,,,,1990.04736067391,,2880,,,,,,,,,,,,1595.84778597786,,,1414,,,,,,,,,,,,,,,,,,,,,,,,4694,2439,,6001,,,,784,,1927,,,1546,,,,976.768173104216,865.276549374698,,,,,,,,,,1714.09066950515,,,2444,,,,,,,,,,,,,,,,3096,6317.4384,,2153,,,,2168,,
1882,,,,,3108,,6476,3411,,,4999,,,,,,,,,1093,,,,3362,3998.66157597033,2694,,,,,,1144,,,,,,,,3258,,,3571,,,,,2544.29202896587,,,1918,3647,,6269,,,,,,,2098,,,,,,,1054,,,,,1776.31376804219,,2915,,,,,,,,,,,,1619.10239852399,,,1490,,,,,,,,,,,,,,,,,,,,,,,,4758,2528,,5812,,,,830,,1978,,,1581,,,,1283.29495342264,760.043365591934,,,,,,,,,,1490.40831338969,,,2354,,,,,,,,,,,,,,,,3387,6557.8456,,2115,,,,2053,,
1883,,,,,3373,,7133,3521,,,5013,,,,,,,,,1063,,,,3331,4194.24861044122,2683,,,,,,1149,,,,,,,,3416,,,3665,,,,,2579.83806415601,,,1961,3647,,6264,,,,,,,2091,,,,,,,1030,,,,,1708.13643663058,,2942,,,,,,,,,,,,1706.30719557196,,,1500,,,,,,,,,,,,,,,,,,,,,,,,5053,2582,,5571,,,,760,,2026,,,1607,,,,1180.35685555451,798.863747669853,,,,,,,,,,1553.07601148492,,,2531,,,,,,,,,,,,,,,,3967,6559.1312,,2211,,,,1578,,
1884,,,,,3486,,6861,3583,,,4999,,,,,,,,,1135,,,,3556,4542.09409669602,2703,,,,,,1156,,,,,,,,3472,,,3642,,,,,2587.09464438483,,,1943,3591,,6220,,,,,,,2351,,,,,,,1108,878,,,,1728.53587614987,,2898,,,,,,,,,,,,1648.17066420664,,,1443,,,,,,,,,,,,,,,,,,,,,,,,5085,2518,,5903,,,,912,,2056,,,1648,,,,1006.50584582167,792.120826801551,,,,,,,,,,1532.93256800508,,,2477,,,,,,,,,,,,,,,,3870,6523.1344,,2346,,,,1430,,
1885,,,,,3904,,7049,3531,,,5002,,,,,,,,,1055,,,,3304,4772.86416899563,2547,,,,,,1162,,,,,,,,3532,,,3625,,,,,2490.29528688953,,,1962,3518,,6132,,1042.20320855615,,,,,2536,,,,,,,1108,904,,,,1765.37250422298,,2941,,,1728.68047257,,,,,,,,,1668.5184501845,,,1342,,,,,,,,,,,,,,,,,,,,,,809.561752988048,,5137,2499,,5718,,,,854,,2083,,,1677,,,,1207.80701498601,715.570754676223,,,,,,,,,,1379,,,2522,,,,,,,,,,,,,,,,4355,6424.1432,,2173,,,,1208,,
1886,,,,,3771,,6900,3615,,,5026,,,,,,,,,1089,,,,3308,5036.99075848235,2625,,,,,,1167,,,,,,,,3524,,,3724,,,,,2432.04825964094,,,2034,3566,,6170,,1026.26737967914,,,,,2426,,,,,,,1089,874,,,,1771.27156898987,,3005,,,1831.88223528,,,,,,,,,1630.72970479705,,,1291,,,,,,,,,,,,,,,,,,,,,,815.936254980079,,5157,2528,,5742,,,,894,,2091,,,1753,,,,1338.19527228564,715.896422594979,,,,,,,,,,1326,,,2547,,,,,,,,,,,,,,,,4500,6471.7104,,2308,,,,1427,,
1887,,,,,3841,,7383,3832,,,5180,,,,,,,,,1017,,,,3379,5172.16849930844,2783,912,583.68,,,,1160,,,,,,,,3626,,,3818,,,,,2378.44576565618,,,2034,3585,,6358,,1026.26737967914,,,,,2511,,,,,,,1090,912,,,,1741.43344990468,,3081,,,1847.5294539,,,,,,,,,1578.40682656827,,,1506,,,,,,,,,,,,,,,,,,,,,,764.940239043824,,5223,2570,,5745,,,,826,,2087,,,1776,,,,1244.40722756134,865.113273563116,,,,,,,,,,1549,,,2471,,,,,,,,,,,,,,,,3677,6616.9832,,2385,,,,1627,,
1888,,,,,4219,,7179,3792,,,5176,,,,,,,,,977,,,,3585,5118.90121485149,2617,,,,,,1156,,,,,,,,3732,,,3808,,,,,2472.12096473323,,,2075,3617,,6585,,1043.79679144385,,,,,2566,,,,,,,1081,918,,,,1801.70979235242,,3065,,,1723.56860349,,,,,,,,,1528.99077490775,,,1468,,,,,,,,,,,,,,,,,,,,,,764.940239043824,,5231,2692,,5665,,,,915,,2120,,,1782,,,,1290.15749328051,842.42257402231,,,,,,,,,,1490,,,2511,,,,,,,,,,,,,,,,4595,6447.284,,2385,,,,1836,,
1889,,,,,4288,,7567,3725,,,5386,,,,,,,,,991,,,,3569,5137.32807514365,2708,,,,,,1149,,,,,,,,3792,,,3826,,,,,2465.85330760777,,,2115,3701,,6876,,1042.20320855615,,,,,2391,,,,,,,1070,891,,,,1878.59457236553,,2971,,,1754.53375014,,,,,,,,,1528.99077490775,,,1438,,,,,,,,,,,,,,,,,,,,,,801.593625498008,,5349,2775,,5899,,,,901,,2161,,,1734,,,,1290.15749328051,669.931991478299,,,,,,,,,,1387,,,2549,,,,,,,,,,,,,,,,4112,6705.6896,,2480,,,,1817,,
1890,,,953,,3851,,7106,3894,,,5464,,,,,,,,1361,1084,,,,3790,5309.32048505504,2907,964,,,,,1144,,,,2399,,,,3870,,,4022,,,893,,2459.6170115845,,,2201,3787,,6845,,1053.35828877005,,,,,2257,,,,,,2348,1030,931,,,,1957.95497074577,,2974,881,,1853.57544798,,,,,,,,,1517.36346863469,,,1666,,,,,,,,1568,,,,,,,,,,,,,,764.940239043824,,5078,2769,,5985,,,,846,,2204,,,1798,,,,1294.73251985243,767.697636931181,,,,,,,,,,1380,,,2606,,,,,,1250,,,,,,,,,,3628,6664.5504,,2673,,,1237,1830,,
1891,,,,,3631,,7438,3995,,,5412,,,,,,,,1371,1152,,,,3840,4937.06615271165,3038,,,,,,1138,,,,,,,,3821,,,4073,,,,,2506.06565570884,,,2152,3877,,6781,,1112.32085561497,,,,,1967,,,,,,,1049,843,,,,2005.01076985182,,3014,,,1749.73712877,,,,,,,,,1523.17712177122,,,1653,,,,,,,,,,,,,,,,,,,,,,870.11952191235,,5035,2762,,5947,,,,901,,2235,,,1752,,,,1326.75770585584,668.33603789574,,,,,,,,,,1264,,,2748,,,,,,,,,,,,,,,,3677,6811.1088,,2520,,,,1906,,
1892,,,,,4251,,6368,4041,,,5486,,,,1804,,,,1390,999,,,,3779,5270.18587639606,3005,,,,,,1132,,,,,1737,,,3936,,,4141,,,,,2716.73759265755,,,2040,3974,,6553,,1070.88770053476,,,,,2053,,,,,,,1081,910,,,,2133.19629878145,,3017,,,1841.70190515,,,,,,,,,1523.17712177122,,,1677,,,,,,,,,,,,,,,,,,,,,,833.466135458167,,5131,2748,,6059,,,,925,,2276,,,1733,,,,1436.55834358184,767.433354974641,,,,,,,,,,1385,,,2713,,,,,,,,,,,,,,,,3677,7324.0632,,2270,,,,1860,,
1893,,,,,4409,,5910,4025,,,5507,,,,,,,,1390,850,,,,3720,5339.8903028207,3084,,,,,,1127,,,,,,,,4089,,,4191,,,,,2599.66320224153,,,2138,4041,,6486,,1080.44919786096,,,,,2185,,,,,,,1103,931,,,,2271.46853550204,,3064,,,1832.44389642,,,,,,,,,1540.61808118081,,,1677,,,,,,,,,,,,,,,,,,,,,,858.964143426294,,5019,2820,,6038,,,,864,,2311,,,1755,,,,1386.23305129076,953.385843996824,,,,,,,,,,1568,,,2778,,,,,,,,,,,,,,,,3870,6834.2496,,2270,,,,1843,,
1894,,,,,4968,,6003,4216,,,5528,,,,,,,,1446,850,,,,3857,5337.31207346907,2978,,,,,,1121,,,,,,,,4141,,,4235,,,,,2629.26711772622,,,2230,4186,,6851,,1166.50267379679,,,,,2233,,,,,,,1106,944,,,,2296.5273818447,,3081,,,2016.41873874,,,,,,,,,1459.22693726937,,,1663,,,,,,,,,,,,,,,,,,,,,,949.800796812748,,5247,2935,,5705,,,,792,,2340,,,1720,,,,1480.02109601505,952.779816886588,,,,,,,,,,1784,,,2791,,,,,,,,,,,,,,,,4160,6510.2784,,2232,,,,1790,,
1895,,,,,5384,,5558,4285,,,5598,,,,,,,,1446,1007,,,,3779,5632.35874744704,3304,,,,,,1116,,,,,,,,4281,,,4415,,,,,2584.8320355673,,,2378,4095,,6996,,1121.88235294118,,,,,2149,,,,,,,1097,920,,,,2246.91137703795,,3107,,,2021.82542721,,,,,,,,,1459.22693726937,,,1729,,,,,,,,1757,,,,,,,,,,,,,,983.266932270916,,5212,3052,,5805,,,,838,,2364,,,1780,,,,1468.58352958526,930.136411841689,,,,,,,,,,1651,,,2927,,,,,,,,,,,,,,,,4063,7159.5064,,2423,,,,2061,,
1896,,,,,5716,,5874,4305,,,5660,,,,,,,,1352,915,,,,3647,5967.24507057932,3379,,,,,,1109,,,,,,,,4368,,,4521,,,,,2328.16006867657,,,2503,4280,,7211,,1112.32085561497,,,,,2359,,,,,,,1092,850,,,,2291.26073562667,,3153,,,1904.44316682,,,,,,,,,1398.18357933579,,,1734,,,,,,,,1785,,,,,,,,,,,,,,983.266932270916,,5359,3102,,6357,,,,917,,2415,,,1793,,,,1502.89622887464,984.607893084439,,,,,,,,,,1819,,,3003,,,,,,,,,,,,,,,,4112,6885.6736,,2134,,,,2153,,
1897,,,,,4500,,5451,4352,,,5716,,,,,,,,1384,901,,,,4004,6241.89066472412,3210,,,,,,1105,,,,,,,,4423,,,4564,,,,,2465.8978994256,,,2589,4207,,7229,,1125.06951871658,,,,,2004,,,,,,,1092,1004,,,,2276.31654035314,,3158,,,1904.51098668,,,,,,,,,1337.14022140221,,,1793,,,,,,,,1878,,,,,,,,,,,,,,911.553784860557,,5421,3218,,6296,,,,987,,2477,,,1884,,,,1246.6947408473,893.587831394607,,,,,,,,,,1788,,,3121,,,,,,,,,,,,,,,,3967,7406.3416,,2192,,,,2015,,
1898,,,,,4741,,6202,4551,,,5762,,,,,,,,1414,923,,,,4117,6427.50876279354,3609,,,,,,1098,,,,,,,,4540,,,4575,,,,,2624.47174262493,,,2659,4399,,7500,,1125.06951871658,,,,,2165,,,,,,,1084,1004,,,,2207.96013005124,,3145,,,2232.85452816,,,,,,,,,1337.14022140221,,,1862,,,,,,,,1959,,,,,,,,,,,,,,964.14342629482,,5431,3266,,6352,,,,1034,,2546,,,1935,,,,1484.59612258697,1029.58082202367,,,,,,,,,,1835,,,3228,,,,,,,,,,,,,,,,3435,7426.9112,,2134,,,,2418,,
1899,,,,,5412,,6121,4600,,,5828,,,,1572,,,,1420,905,,,,4457,6337.31853386101,3467,,,,,,1093,,,,,,,,4631,,,4705,,,,,2632.63867169707,,,2562,4640,,7729,,1120.28877005348,,,,,2209,,,,,,,1127,925,,,,2205.3681103838,,3180,,,2104.55718171,,,,,,,,,1421.43819188192,,,1967,,,,,,,,1835,,,,,,,,,,,,,,1002.39043824701,,5435,3244,,6441,,,,1073,,2630,,,1991,,,,1031.66849196722,1046.91496866687,,,,,,,,,,1948,,,3308,,,,,,,,,,,,,,,,3532,7959.1496,,1808,,,,2123,,
1900,,,1092,,4583,,6397,4594,,,5947,,,,,,,,1462,874,,,,4640,6611.77821356305,3386,972,,,,,1089,,,,2756,,,,4758,,,4809,,,1098,,2672.39052813789,,,2659,4584,,7594,,1126.66310160428,,,,,1972,,,,,,2681,1151,955,,,,2289.47334642053,,3264,926,,2123.25060819,,,,,,,,,1401.09040590406,,,2056,,,,,,,,1822,,,,,,,,,,,817.743016759777,,,1024.70119521912,,5306,3249,,6851,,,,1084,,2700,,,2075,,,,1406.82067086439,1049.18078743003,,,,,2206,,,,,1906,,,3320,,,,,,,,,,,,,,,,3387,8037.5712,,1846,,,1323,1494,,
1901,,,,,4591,,6119,4565,,,5928,,,,,,,,1513,940,,,,4937,6398.89186862999,3416,,,,,,1082,,,,,,,,4576,,,4948,,,1121,,2881.45219330882,,,2608,4505,,7516,,1109.13368983957,,,,,1890,,,,,,,1121,969,,,,2391.65829498444,,3317,,,2161.51483428,,,,,,,,,1363.30166051661,,,1900,,,,,,,,1957,,,,1114,,,,,,,950.530726256984,,,1024.70119521912,,5483,3271,,6731,,,,1149,,,,,2023,,,,1466.2960162993,989.84062403759,,,,,2429,,,,,1953,,,3406,,,,,,,,,,,,1079,,,,3532,8770.3632,,1769,,,,1608,,
1902,,,,,4331,,6094,4694,,,5960,,,,,,,,1462,921,,,,5310,6616.154464283,3604,,,,,,1078,,,,,1680,,,4611,,,5007,,,1143,,2736.10636133698,,,2536,4423,,7635,,1125.06951871658,,,,,2423,,,,,,,1087,1044,,,,2447.64220647487,,3371,,,2012.76705888,,,,,,,,,1395.27675276753,,,1873,,,,,,,,1796,,,,,,,,,,,1018.35754189944,,,938.645418326693,,5630,3268,,7074,,,,1207,1073,,,,2018,,,,1422.83326386609,1122.72572975165,,,,,2297,,,,,2123,,,3362,,,,,,,,,,,,1079,,,,4015,8684.228,,1655,,,,1919,,
1903,,,,,4769,,6497,4688,,,6013,,,,,,,,1458,920,,,,5314,6472.23998127461,3381,,,,,,1071,,,,,1758,,,4795,,,5244,,,1165,,2708.81399011481,,,2687,4513,,7482,,1209.52941176471,,,,,2367,,,,,,,1135,1052,,,,2445.6538960963,,3402,,,2203.87163451,,,,,,,,,1479.57472324723,,,1953,,,,,,,,1978,,,,,,,,,,,881.748603351956,,,948.207171314741,,5544,3290,,7535,,,,1272,1282,,,,2029,,,,1450.28342329759,1106.1027869386,,,,,1975,,,,,1977,,,3539,,,,,,,,,,,,1278,,,,4015,8941.348,,1769,,,,2571,,
1904,,,,,5086,,6846,4712,,,6091,,,,,,,,1460,918,,,,5228,6879.57492621256,3647,,,,,,1066,,,,,1809,,,4914,,,5302,,,1189,,2657.07890709911,,,2759,4538,,7455,,1255.74331550802,,,,,2498,,,,,,,1138,1050,,,,2460.79702132219,,3461,,,2178.9910617,,652.138248847926,,,,,,,1467.94741697417,,,1937,,,,,,,,1992,,,,,,,,,,424.894751260136,822.519553072626,,,988.04780876494,,5541,3288,,7285,,,,1299,1082,,,,2039,,,,1100.29389054597,1151.70384141699,,,,,1910,,,,,2185,,,3599,,,,,,,,,,,,1218,,,,4015,8663.6584,,1788,,,,2571,,
1905,,,,,5545,,6825,4925,,,6188,,,,1722,,,,1510,925,,,,5678,7184.5796975677,3470,,,,,,1062,,,,,1887,,,4948,,,5333,,,1213,,2618.87336990843,,,2777,4613,,7603,,1209.52941176471,,,,,2560,,,,,,,1140,1025,,,,2623.71519125001,,3532,,,2111.25102447,,597.926267281106,,,,,,,1427.25184501845,,,1879,,,,,,,,2177,,,,,,,,,,423.332638204032,863.597765363129,,,992.828685258964,,5735,3322,,7731,,,,1377,1130,,,,1965,,,,1546.35898130785,1018.93690498205,,,,,2114,,,,,1935,,,3547,,,,,,,,,,,,985,,,,3387,9121.332,,1808,,,,2745,,
1906,,,,,5608,,7184,5062,,,6244,,,,,,,,1562,993,,,,6130,7584.05690252644,3668,,,,,,1070,,,,,1913,,,5024,,,5423,,,1237,,2770.93830995485,,,2860,4691,,7782,,1227.05882352941,,,,,2530,,,,,,,1157,1047,,,,2682.60446064085,,3652,,,2328.97726425,,602.709677419355,,,,,,,1549.33856088561,,,1897,,,,,,,,2130,,,,902,,,,,,423.332638204032,794.815642458101,,,986.454183266932,,5770,3496,,8222,,,2276,1468,1151,,,,1962,,,,1663.02215889172,938.236800996483,,,,,2375,,,,,1849,,,3830,,,,,,,,,,,,1038,,803.687776477192,,3822,9980.1128,,1788,,,,2963,582.012102874432,
1907,,,,,5514,,7358,5321,,,6268,,,,,,,,1568,972,,,,6177,7464.97944589993,3810,,,,,,1119,,,,,2069,,,5172,,,5557,,,1261,,2824.15853093857,,,2923,4894,,7855,,1242.99465240642,,,,,2565,,,,,,,1175,979,,,,2780.39922811691,,3716,,,2358.22048701,,612.276497695852,,,,,,,1590.03413284133,,,1965,,,,,,,,2232,,,,,,,,,,417.084185979619,852.134078212291,,,1005.57768924303,,5592,3537,,8512,,,2377,1540,1191,,,,1991,,,,1342.77029885755,984.708266287204,,,,,2166,,,,,1776,,,4085,,,,,,,,,,,,1149,,749.891231601437,,4063,9950.544,,1731,,,,2907,583.606656580938,
1908,,,,,5829,,7481,5292,,,6269,,,,,,,,1616,945,,,,5694,7507.70959998377,4020,,,,,,1160,,,,,1836,,,5187,,,5662,,,1299,,2912.79696893228,,,2915,4854,,7461,,1231.83957219251,,,,,2550,,,,,,,1160,987,,,,2766.63890147159,,3795,,,2356.91760126,,629.815668202765,,,,,,,1590.03413284133,,,1946,,,,,,,,2203,,,,,,,,,,417.084185979619,983.966480446928,,,1002.39043824701,,5628,3612,,7707,,,2504,1549,1235,,,,1943,,,,1441.13337015376,973.489308271247,,,,,2488,,,,,1940,,,3959,,,,,,,,,,,,1186,,707.50607503266,,4355,8975.97607347158,,1693,,,,2283,582.012102874433,
1909,,,,,5896,,7940,5222,,,6330,,,,,,,,1651,999,,,,6137,7858.35886708257,4042,,,,,,1197,,,,,2069,,,5220,,,5807,,,1337,,2974.25662855563,,,3003,5048,,7557,,1246.18181818182,,,,,2601,,,,,,,1205,1116,,,,2739.89455585284,,3826,,,2333.20124235,,628.221198156682,,,,,,,1622.00922509225,,,1838,,,,,,,,2244,,,,,,,,,,428.018977372343,919.005586592179,,,1075.69721115538,,5852,3642,,7603,,,2648,1556,1235,,,,1926,,,,1411.3956974363,1079.24855103103,,,,,2515,,,,,2015,,,3980,,,,,,,,,,,,1323,,,,4355,9798.11816596251,,1693,,,,2391,582.012102874433,
1910,,,1243,,6092,,8305,5244,,,6478,,,,1812,,,,1714,990,,,,6481,8048.35153312609,4485,,,,,,1242,,,,3174,2069,,,5337,,,5906,,,1379,,2819.26289215788,,,3038,4726,,7718,,1244.58823529412,,,,,2592,,,,,,3188,1264,1111,,,,2920.30214093495,,3829,,,2316.97590609,,733.456221198156,,,,,,,1613.28874538745,,,1926,,,,,,,,2240,,,,,,,,,,424.894751260136,1073.76536312849,,,970.517928286852,,6030,3826,,8474,,,2837,1564,1393,2694,,,1957,,,,1793.41041619135,1067.63617823542,,,,,2732,,,,,2149,,,4053,,,,,,,,,,,,1345,,723.624454148472,,4500,9636.78272182369,,1674,,,1551,1835,582.012102874433,
1911,,,,,5971,,8136,5364,,,6612,,,,1812,,,,1744,1076,,,,6715,8043.94146001353,4481,905,,,,,1278,,,,,1887,,,5432,,,6148,,,1420,,3023.66160760488,,,3091,5180,,7874,,1271.67914438503,,,,,3231,,,,,,,1309,1101,,,,3037.196040374,,3870,,,2399.77477131,,672.866359447004,,,1107.55874209976,,,,1627.82287822878,,,1849,,,,,,,,2150,,,,968,,,,,,432.705316540653,1133.94972067039,,,980.0796812749,,6158,3947,,8757,,,2915,1576,1455,,,1073.79218515661,1980,,,,1743.08512390026,967.930163200478,,,,,2447,,,,,1986,,,4154,,,,,,,,,,,,1258,,722.03056768559,,4500,9735.88927616225,,1596,,,,,583.606656580938,
1912,,,,,6223,,8126,5587,,,6704,,,,,,,,1787,1042,,,,6977,8311.78027545233,4806,,,,,,1317,,,,,1940,,,5617,,,6076,,,1462,,2911.0817455801,,,3223,5601,,7954,,,,,,,3135,,,,,,,1315,1098,,,,3067.85559309246,,3875,,,2419.70949012,,687.216589861751,,,1090.4380672581,,,,1683.05258302583,,,1844,,,,,,,,2131,,,,,,,,,,438.953768765067,1093.82681564246,,,988.04780876494,,6245,4050,,8303,,,2930,1613,1452,,,1170.12947504923,2004,,,,1756.81020361601,1086.00949503922,,,,,2094,,,,,2146,,,4312,,,,,,,,,,,,1183,,712.467248908297,,5176,9976.56705254048,,1712,,,,,583.606656580938,
1913,,,1293,,6052,,8220,5523,,,6727,,,,,,,,1862,1046,,,,7088,8172.06013176882,4836,985,,,,,1347,,,,3341,2120,,,5815,,,6236,,1854,1506,1674,3063.30946753964,,,3365,5555,,8212,,,,,,,1876,,2354,,,,3344,1361,1073,4361,1275,1275,3211.54008316707,,4057,974,1594,2430.62504205,,717.511520737327,,,1171.04388664939,,,2311,1709.21402214022,,,1967,,,,,1132,,,2004,,,,1092,,,,,,487.379273504273,1288.7094972067,,,,,6454,4415,870,8212,,,2927,1645,1575,2772,,1216.45975192823,1992,,2016,,1754.52269033006,1163.26535713207,,956,,,1812,,,,,2254,,,4581,,,2072,,,1341,,,,1407,1473,1286,,707.685589519651,,4838,10107.9694070892,,1750,1159,,1551,,585.201210287443,
1914,,,,,5263,,8013,4584,,,6253,,,,,,,,1769,1004,,,,6416,7595.2855309446,4071,,,,,,1372,,,,,2173,,,4876,,,6551,,,1537,,2958.19460123222,,,3190,5158,,8131,,,,,,,2394,,,,,,,1345,1130,,,,3139.08242985766,,3835,,,2357.80394835,,,,,1254.40185371742,,,,1528.99077490775,,,1929,,,,,,,,2007,,,,,,,,,,,1445.37988826816,,,994.422310756972,,6166,4336,,8271,,,3084,1615,1517,,,1219.25016212823,2005,,,,1473.15855615718,1112.70964214555,,,,,2166,,,,,2152,,,4678,,,,,,,,,,,,1240,,,,3773,9096.37197572402,,2020,,,,,586.795763993948,921.007132667618
1915,,,,,5171,,7806,4229,,,6150,,,,,,,,1798,1028,,,,6747,7459.25889916841,3813,,,,,,1407,,,,,2146,,,4621,,,6022,,,1567,,2968.58530994699,,,3000,5177,,8639,,,,,,,1822,,,,,,,1349,1101,,,,3074.81530280478,,3642,,,2512.06480389,,,,,1261.26137963331,,,,1395.27675276753,,,1811,,,,,,,,1978,,,,,,,,,,492.111111111111,1541.86592178771,,,917.928286852589,,6258,4407,,8247,,,3064,1733,1395,,,1286.29796086775,1957,,,,1608.46351362919,1112.11351885963,,,,,2209,,,,,2216,,,4841,,,,,,,,,,,,1291,,,,3532,9164.17677403762,,2020,,,,,591.579425113464,
1916,,,,,4927,,7775,4189,,,6503,,,,,,,,1839,1036,,,,7406,8079.41922593748,4600,,,,,,1452,,,,,2249,,,4678,,,6202,,,1583,,3072.80330379334,,,3017,5520,,8702,,,,,,,1549,,,,,,,1344,1132,,,,2716.39715364126,,3942,,,2829.28709514,,,,,1314.99437366312,,,,1322.60608856089,,,1870,,,,,,,,2130,,,,1312,,,,,,,1389.01675977654,,,,,6306,4803,,8161,,,2888,1889,1599,,,1385.46144533211,1967,,,,1495.02792882444,1077.57948498029,,,,,1827,,,,,1969,,,5109,,,,,,,,,,,,1392,,,,3435,10222.3198508729,,1884,,,,,596.36308623298,
1917,,,,,4447,,7637,4122,,,5609,,,,,,,,1957,1086,,,,7653,7840.90390719607,4621,,,,,,1482,,,,,2275,,,4705,,,5765,,,1599,,3010.17780382291,,,2520,4748,,8665,,,,,,,1352,,,,,,,1333,1111,,,,2662.76530930084,,3955,,,2940.62584185,,,,,1366.14655876651,,,,1360.39483394834,,,1941,,,,,,,,2220,,,,,,,,,,473,1718.59776536313,,,,,5781,4286,,7983,,,2732,1934,1830,,,1307.7706708874,1932,,,,1259.29577950419,988.812189094728,,,,,2530,,,,,1729,,,4799,,,,,,,,,,,,1561,,,,3918,9769.07800102039,,1962,,,,,593.17397881997,
1918,,,,,5177,,7336,4073,,,4560,,,,,,,,1965,1041,,,,7079,7115.60757090518,4602,,,,,,1535,,,,,2302,,,4755,,,5514,,,1615,,2975.61107209286,,,2184,3819,,8630,,,,,,,2279,,,,,,,1358,968,,,,2496.69987663439,,3856,,,2973.4880016,,,,,1427.0303064877,,,,1383.64944649446,,,1765,,,,,,,,2308,,,,,,,,,,447.518518518519,1795.02234636872,,,,,5343,4023,,7828,,,2630,1921,2050,,,1382.31081619543,1833,,,,1025.80537930217,721.689783423741,,,,,1978,,,,,1058,,,4434,,,,,,,,,,,832,1492,,,,3918,10471.3057823186,,2039,,,,1854,,
1919,,,,,5271,,7517,3601,,,5402,,,,,,,,1956,1154,,,,6406,6747.26797745246,3853,,,,,,1629,,,,,2378,,,4122,,,6153,,,1647,,3020.83666798753,,,2643,4481,,7605,,,,,,,2031,,,,,,,1468,1100,,,,2889.74151897165,,3701,,,3219.30540102,,,,,1363.15211392193,,,,1401.09040590406,,,1859,,,,,,,,2399,,,,,,,,,,437.962962962963,1877.17877094972,,,631.075697211155,,6570,4605,,8421,,,2534,1961,1932,,,1102.64694471882,1870,,,,1014.89811153248,663.768601106591,,,,,2244,,,,,913,,,4503,,,,,,,,,,,,1533,,,,4595,10449.7802701896,,1962,,,,,,732.981455064194
1920,,,,,5536,,7597,3845,,,6315,,,,1594,,,,1932,1242,,,,6154,7363.9596412385,4248,,,,,,1707,,,2589,3081,2378,,,4457,,,6363,,,1680,,3239.31849128423,,,2942,5144,,7017,,1298.77005347594,,,,,2284,2028,,1957,,,2724,1409,1012,,,,2450.50549582191,,3789,,,2973.96228429,,,,,1428.81642393374,,,,1424.34501845018,,,1741,,,,,,,,2552,,,,,,,,,,430,1786.42458100559,,,988.04780876494,2007,6727,4739,,8992,,,2445,1954,2055,3000,,1469.82078286337,1959,,,,1063.69367797063,636.906155679871,,,,,1932,,1487,,,917,,,4788,,,,,,,,,,,,1513,,,,3580,10152.927108763,,1903,,,1513,,,643.748930099858
1921,,,,,5533,,7828,4224,,,6465,,,,1594,,,,1849,1242,,,,5351,5999.14144316014,3727,,,,,,1769,,,2475,3323,2302,,,4906,,,6099,,,1696,,3317.8541561865,,,3003,4901,,6792,,1434.22459893048,,,,,3057,2203,,1924,,,,1395,1082,4038,,,2683.53150483007,,3660,,,3244.35210021,,,,,1473.87914036513,,,,1372.0221402214,,,1688,,,,,,,,2542,,,,1133,,,,,,426.814814814815,2172.3687150838,,,881.274900398406,2083,7063,4222,,8174,,,2370,2004,1969,,,1440.44329272521,2056,,,,1152.90669612301,566.738992310145,,,,,2182,,1466,,,838,,,4543,,,,,,,,,,,,1561,,,,3532,9674.88048757292,,1846,,,1529,,,638.968616262482
1922,,,,,5796,,8072,4586,,,7034,,,,,,,,2002,1301,,,,6046,7181.95352888635,3814,,,,,,1851,,,2695,3198,2275,,,5310,,,6641,,,1714,,3423.21951907808,,,3280,5754,,7391,,1504.34224598931,,,,,3129,2058,,2012,,,,1417,1117,4141,,,3011.73200507003,,3928,,,3243.83007618,,,,,1492.98111473602,,,,1421.43819188192,,,1731,,,,,,,,2562,,,,,,,,,,431.592592592593,2404.50837988827,,,860.557768924303,1878,7331,4570,,7716,,,2401,2144,2163,,,1433.48686075922,2279,,,,1283.29495342263,678.9262004268,,,,,2884,,1516,,,974,,,4868,,,,,,,,,,,,1728,,,,3870,10009.7152770361,,2000,,,1551,,,697.925820256776
1923,,,,,6213,,8276,4530,,,7226,,,,,,,,2008,1347,,,,6338,7670.23768949731,4514,,,,,,1930,,,2434,3429,2249,,,4383,,,7267,,,1731,,3428.84608780897,,,3486,5984,,7587,,1658.91978609626,,,,,3169,2240,,1924,,,,1428,1070,4105,,,2851.39925643667,,4248,,,3243.54978144,,,,,1505.50227622661,,,,1456.32011070111,,,1699,,,,,,,,2608,,,,,,,,,,457.074074074074,2052,,,726.693227091633,2010,7388,4870,,8199,,,2421,2255,1992,,,1453.13020548845,2348,,,,1386.23305129076,775.436779836442,,,,,2952,,1554,,,1122,,,5023,,,,,,,,,,,999,1760,,,,4112,11071.2429779556,,2096,,,1608,,607.524962178517,748.915834522112
1924,,,,,6464,,8635,5042,,,7393,,,,1635,,,,2077,1320,,,,6339,8195.52064929545,4779,,,,,,2000,,,2724,3751,2327,,,5099,,,7218,,,1749,,3513.82669621258,,,3545,6661,,7844,,1708.32085561497,,,,,3279,2397,,1753,,,3048,1486,1111,4095,,,3028.72584108975,,4324,,,3316.35719319,,,,,1422.14929874806,,,,1511.54981549815,,,1798,,,,,,,,2523,,,,,,,,,,495.296296296296,2044.35754189944,,,855.776892430279,2098,7803,4787,,8198,,,2491,2429,2133,,,1402.92713690053,2233,,,,1386.23305129076,901.164803172307,,,,,2888,,1623,,,1420,,,5365,,,,,,,,,,,1084,1889,,,,4258,11126.7129834632,,2173,,,1699,2037,594.768532526475,710.67332382311
1925,,,,,6247,,8851,5367,,,7438,,,,1949,,,,2144,1298,,,,6918,8385.2867756263,4903,,,,,,2000,,,2654,4154,2560,,,5630,,,6978,,,1765,,3720.18591832496,,,3711,6641,,8199,,1708.32085561497,,,,,3411,2327,,2042,,,3633,1497,1113,4101,,,3037.05154490333,,4580,1078,,3414.35396529,,,,,1469.8881628887,,,,1598.75461254613,,,1892,,,,,,,,2640,,,,,,,,,,519.185185185185,1732.92737430168,,,879.681274900398,2316,8019,4733,,8435,,,2514,2455,2109,,,1422.49482387392,2305,,,,1395.38310443459,1061.95010881564,,,,,3255,,1476,,,1776,,,5488,,,,,,,,,,,1199,1959,,,,4208,11149.7720266213,,2289,,,1758,2171,596.36308623298,705.893009985735
1926,,,,,6366,,8883,5440,,,7626,,,,1978,,,,2157,1299,,,,7168,8656.33106890515,4702,,,,,,2136,,,2872,4105,2431,,,5746,,,7329,,,1784,,3645.58545934928,,,3813,6773,,7868,,1729.03743315508,,,,,3475,2327,,1991,,,3446,1565,1137,4100,,,3258.56183991858,,4576,,,3358.53933669,,1002.92165898617,,,1529.54379534206,,,,1566.7795202952,,,2018,,,,,,,,2756,,,,1298,,,,,,471.407407407407,2179.05586592179,,,1005.57768924303,1983,8541,4750,,7818,,,2515,2662,2174,,,1460.89789759928,2262,,,,1528.05887502018,1207.42312896051,,,,,2686,,1706,,,1994,,,5756,,,,,,,,,,,1382,1954,,1053.55895196507,,4548,11647.7677781461,,2423,,,1854,2228,601.146747352496,768.037089871612
1927,,,,,6625,,8837,5587,,,7847,,,,1884,,,,2289,1366,,,,7726,9259.93620280581,4544,,,,,,2270,,,2608,4387,2405,,,6282,,,7425,,,1836,,3954.17761020256,,,4076,6621,,8472,,1724.25668449198,,,,,3539,2453,,2161,,,3566,1645,1125,4229,,,3575.76738667168,,4454,,,3346.89218283,,1154.39631336405,,,1611.71969844718,,,,1555.15221402214,,,2010,,,,,,,,2590,,,,,,,,,,504.851851851852,2049.13407821229,,,878.08764940239,1992,8773,4992,,7465,,,2528,2668,2177,,,1593.89826707408,2627,,,,1523.48384844826,1242.77656453166,,,,,1986,,1478,,,2077,,,5942,,,,,,,,,,,1248,1919,,991.397379912664,,5080,11532.3978990644,,2461,,,1798,2271,620.28139183056,839.74179743224
1928,,,,,6840,,8690,5829,,,8191,,,,1934,,,,2356,1492,,,,8244,9658.81387249873,5609,,,,,,2375,,,2686,4745,2275,,,6519,,,7627,,,1892,,3901.83504741956,,,4315,7063,,8539,,1572.86631016043,,,,,3561,2482,,2377,,,3849,1685,1125,4363,,,3706.46207301772,,4693,,,3554.11569192,,1068.29493087558,,,1492.93697243396,,,,1517.36346863469,,,2004,,,,,,,,2565,,,,,,,,,,504.851851851852,2537.29608938547,,,956.175298804781,2523,9118,5241,,8195,,,2558,2796,2219,,,1561.02176377286,2343,,,,1477.73358272909,1281.74117054024,,,,,2361,,1682,,,2184,,,6113,,,,,,,,,,,1361,1934,,957.92576419214,,5176,11451.0689602393,,2866,,,1929,2444,623.47049924357,873.203994293866
1929,,,1476,,6961,,8389,5896,,,8056,,,,1956,,,,2426,1465,,,,8074,9920.03754250447,5679,1003,,,,,2399,,,2522,4849,2507,,,6457,,,8089,,,1948,,4168.51999539167,,,4331,7508,,8772,,1834.21390374332,,,,,3733,2742,,2303,,,3947,1702,1160,4501,,,3918.66644579811,,4889,1116,,3665.08668594,,907.253456221198,,,1495.86427487404,,,,1514.45664206642,,,2130,,,,,,,,2424,,,,,,,,,,504.851851851852,3220.34078212291,,,962.549800796813,2778,9068,5581,,8388,,,2605,3041,2252,3374,,1596.18813913168,2566,,,,1557.79654773764,1300.60273234698,,,,,3323,,1661,,,2209,,,6476,,,,,,1264,,,,,1554,1991,,932.423580786026,,5128,11954.2353457503,,2942,,,2002,2386,617.092284417549,844.522111269615
1930,,,,,6503,,7504,5716,,,7936,,,,2031,,,,2281,1350,,,,7669,9969.3240645101,4876,1012,,,,,2350,,,2592,4664,2378,,,6333,,,8513,,,1969,,3918.26329715224,,,4250,7224,,8673,,1743.37967914439,,,,,3599,2831,,2402,,,3832,1704,1157,4618,,,4337.20727638214,,4631,,,3334.10818374,,1122.5069124424,,,1637.20979738464,,,,1383.64944649446,,,2016,,,,,,,,2233,,,,,,,,,,512.814814814815,3147.7374301676,,,906.772908366534,2246,8931,5781,,7906,,,2467,2651,2203,3178,,1725.59684609893,2504,,,,1534.92141487805,1345.49109867049,,,,,3049,,1667,,,2308,,,6755,,,,,,,,,,,1600,2021,,852.729257641922,,5950,10694.9820752827,,2923,,,1935,2252,621.875945537065,822.213980028531
1931,,,,,5917,,6940,5241,,,7747,,,,2048,,,,2040,1294,,,,6382,10055.4851996385,3904,1015,,,,,2308,,,2511,4477,1758,,,5821,,,8542,,,1929,,3781.93855826096,,,4114,6751,,8190,,1904.33155080214,,,,,3402,2582,,2402,,,3615,1568,1133,4737,,,4251.34127237517,,4538,,,3320.81067189,,1077.86175115207,,,1620.77742636312,,,,1357.48800738007,,,1918,,,,,,,,2268,,,,1438,,,,,,629.074074074074,3072.26815642458,,,900.398406374502,2071,8265,5297,,7133,,,2383,2397,2168,2906,,1831.31393307957,2600,,,,1560.0840610236,1411.76307851155,,,,,2246,,1474,,,2330,,,6582,,,,,,,,,,,1669,1997,,860.698689956332,,4838,9930.96339397551,,2904,,,1851,2128,618.686838124055,852.489300998574
1932,,,,,5614,,7275,4686,,,7343,,,,1943,,,,1879,1312,,,,5852,9752.44296534974,2950,1039,,,,,2409,,,2265,4272,1629,,,5359,,,8239,,,1890,,3851.0339446991,,,4065,6311,,8206,,1752.94117647059,,,,,3649,2200,,2109,,,3494,1481,1130,4599,,,4068.99824970602,,4602,,,3529.28786259,,1058.72811059908,,,1620.94456310234,,,,1360.39483394834,,,1819,,,,,,,,1890,,,,,,,,,,629.074074074074,2792.36312849162,,,,1863,8026,5526,,6897,,,2362,2268,2212,2643,,1837.19395628138,2619,,,,1413.68321072226,1459.3623103734,,,,,1954,,1313,,,2294,,,6325,,,,,,,,,,,1543,2066,,852.729257641921,,4450,8380.50437668054,,2635,,,1655,2047,735.089258698941,819.027104136947
1933,,,,,5772,,7718,4516,,,7461,,,,2077,,,,1954,1387,,,,5372,10009.108560589,3618,923,590.72,,,,2514,,,2646,4068,1551,,,5668,,,8434,,,1890,,3685.75603107227,,,4307,6757,,8411,,1713.10160427808,,,,,3818,2165,,1940,,,3784,1470,1116,4463,,,4475.00059236175,,4514,1154,,3786.8017329,,1152.80184331797,,,1655.02532507323,,,,1348.76752767528,,,1833,,,,,,,,2071,,,,,,,,,,683.222222222222,2790.45251396648,,,892.430278884462,2311,7900,5633,,7294,,,2365,2483,2181,2534,,1895.45328192576,2761,,,,1422.83326386609,1529.90115882887,,,,,2766,,1471,,,2380,,,6429,,,,,,,,,,,1718,1957,,895.764192139738,,4112,8048.22451582433,,2923,,,1683,2268,808.438729198185,828.587731811698
1934,,,,,6129,,8066,4546,,,7371,,,,1876,,,,2099,1471,,,,5883,9997.37644988818,4269,937,,,,,2432,,,2291,3894,1680,,,6150,,,8611,,,1890,,3777.83847367826,,,4763,6682,,8939,,1725.85026737968,,,,,3854,2410,,1860,,,3778,1465,1111,4594,,,4500.28437330674,,4466,,,3755.68783221,,1012.48847926267,,,1673.30316238728,,,,1337.14022140221,,,2008,,,,,,,,2176,,,,,,,,,,649.777777777778,2805.7374301676,,,908.366533864542,2067,7659,5799,,7600,,,2391,2774,2149,2539,,1793.02814065952,2844,,,,1436.55834358184,1696.57909982059,,,,,3263,,1498,,,2598,,,6845,,,,,,,,,,,1731,2012,,801.724890829694,,4693,8667.09184871957,,3038,,,1722,2514,857.869894099849,854.082738944365
1935,,,,,6296,,8477,4634,,,7801,,,,1992,,,,2173,1482,,,,6298,9478.80775609377,4511,1007,,,,,2673,,,2434,3841,1809,,,6567,,,8735,,,1890,,3802.31636790305,,,4930,6513,,9244,,1776.8449197861,,,,,3953,2729,,1744,,,3939,1478,1084,4728,,,4331.85098265714,,4670,,,3825.30299619,,1049.16129032258,,,1759.5970076149,,,,1369.11531365314,,,1887,,,,,,,,2299,,,,,,,,,,649.777777777778,2688.23463687151,,,935.458167330677,2043,7857,6057,,7905,,,2571,2986,1956,2546,,1996.16491123244,2660,,,,1541.78395473593,1897.64366928877,,,,,3676,,1629,,,2971,,,7160,,,,,,,,,,,1739,2169,,914.890829694323,,4790,9680.83864274588,,3615,,,1672,2785,835.546142208775,871.610556348074
1936,,,,,6236,,8792,4774,,,7831,,,,2209,,,,2230,1591,,,,6574,9301.84625825247,4584,1065,,,,,2780,,,2550,4143,1913,,,7095,,,8886,,,1908,,2872.11937001217,,,5227,6765,,9620,,2033.41176470588,,,,,3913,3674,,1741,,,4173,1543,1111,4865,,,4312.97492634776,,4471,,,3985.54558119,,1230.93087557604,,,1692.88664269553,,,,1465.0405904059,,,1873,,,,,,,,2444,,,,1336,,,,,,684.814814814815,2906.04469273743,,,1074.10358565737,1583,8273,6432,,9309,,,2507,3078,2174,2590,,2121.92475626296,2428,,,,1585.24670716914,2040.58046045679,,,,,3652,,1572,,,3174,,,7396,,,,,,,,,,,2034,2246,,969.082969432314,,4790,10568.012351748,,3904,,,1863,3048,848.302571860817,909.853067047076
1937,,,,,6575,,9159,5031,,,7908,,,,2410,,,,2381,1610,,,,7130,10039.2922320319,5083,1034,,,,,2791,,,2872,4594,2042,,,7468,,,9035,,,1927,,2650.11698887646,,,5485,7152,,9911,,1770.47058823529,,,,,4414,3516,,1632,,,4053,1694,1078,4713,,,4479.19030152772,,4879,,,4074.92227323,,1042.78341013825,,,2005.74912487929,,,,1572.59317343173,,,1988,,,,,,,,2482,,,,,,,,,,694.37037037037,3162.06703910615,,,1118.72509960159,1672,8660,6684,,9726,,,2707,3070,2276,3052,,2469.67781941679,2801,,,,1640.14702603214,2297.59291026661,,,,,3967,,1699,,,3437,,,7579,,,,,,,,,,,2066,2212,,994.585152838428,,4935,11295.0989480103,,3885,,,1868,3249,928.030257186082,924.194008559201
1938,,,,,6491,,9382,5673,,,7702,,,,2389,,,,2431,1643,,,,7246,9608.57001962028,5070,1003,,,,,2938,,,2990,,2069,,,7960,,,9185,,,1948,,2632.55115570167,,,5721,7119,,9988,,1819.87165775401,,,,,4267,3545,,1698,,,4232,1655,1065,4865,,,4483.76736776011,,4981,1549,,4256.84109609,,1127.29032258065,,,1935.09637809884,,,,1549.33856088561,,,1953,,,,,,,,2479,,,,1180,,,,,,691.185185185185,2515.32402234637,,,1077.29083665339,1707,8368,6794,,10300,,,2625,3068,2295,3478,,2557.07319722189,2785,,,,1603.5468134568,2291.09826865526,,,,,3363,,1559,,,3427,,,7812,,,,,,1317,,,,,2209,2295,,1036.02620087336,,5273,10526.1335711717,,4289,,,1991,3118,951.948562783661,946.502139800285
1939,,,,,6612,,9318,6529,,,8209,,,,2672,,,,2488,1627,,,,7600,9836.15191455033,5106,,,,,,3037,,,2976,,2042,,,8617,,,9553,,,1967,,2881.37776998371,,,5432,7640,,9982,,1842.18181818182,,,,,4205,3916,,1714,,,4524,1639,1074,4865,,,4980.04050858939,,5246,,,4803.78281109,,,,,1610.73119637171,,,,1636.54335793358,,,1890,,,,,,,,2570,,,,,,,,,,683.222222222222,2565,,,1011.95219123506,2042,8837,7079,,10297,,,2683,3037,2404,,,2494.33784671389,2788,2858,,,1626.42194631639,2368.6242203803,,,,,3912,,1651,,,3566,,,8370,,,,,,,,,,,2324,2200,,,,5322,11171.4481057369,,4538,,,2072,3272,931.219364599092,965.623395149786
1940,,,,,6633,,9828,6311,,,7272,,,,2683,,,,2667,1610,,,,8557,9802.37306877984,5177,,,,,,3021,,,2810,,2069,,,8612,,,8155,,,2050,,3166.96562665576,,,5133,6443,,10928,,,,,,,3543,4371,,1782,,,4186,1766,1093,4865,,,5235.01919210347,,5099,,,4882.39852782,,,,,1975.23613458624,,,,1680.14575645756,,,1994,,,,,,,,2560,,,,,,,,,,686.407407407408,2037,,,878.08764940239,2179,7701,6437,,10042,,,2651,3046,2402,,,2623.73050377988,2574,2644,,,1582.95919388318,2529.38450384786,,,,,,,1773,,,3417,,,7739,,,,,,,,,,,2146,1992,,,,4983,12005.0951632151,,4769,,,,3419,1017.32526475038,
1941,,,,,6861,,10820,6722,,,6947,,,,2386,,,,2823,1683,,,,9645,9217.34890451972,5091,,,,,,2992,,,3097,,2198,,,9103,,,7291,,,2016,,3187.30418006886,,,5295,5274,,11926,,,,,,,2987,4503,,1747,,,4186,1808,1101,4865,,,5916.15267844555,,4967,,,4986.24,,1128.88479262673,,,2107.24748381484,,,,1840.02121771218,,,2036,,,,,,,,2738,,,,,,,,,,684.814814814815,1973,,,,2354,7222,6554,,9770,,,2911,2997,,,,2621.04329660168,2785,2627,,,1626.42194631639,2358.29849225146,,,,,,,1714,,,,,,7511,,,,,,,,,,,1932,,,1126.87772925764,,5225,13553.4016612363,,4635,,,,3510,918.46293494705,
1942,,,,,6829,,11963,6349,,,6371,,,,2299,,,,2860,1584,,,,11210,8739.76696861602,5161,,,,,,2920,,,2691,,2198,,,9149,,,7379,,,2056,,3389.08084428193,,,5303,4752,,12176,,1603.14438502674,,,,,2517,4463,,1557,,,4372,,1082,4865,,,6832.13966294705,,4661,1546,,4938.54,,1112.9400921659,,,1645.72199188762,,,,1985.36254612546,,,2109,,,,,,,,2817,,,,,,,,,,,2667,,,988.04780876494,2214,6546,6261,,10779,,,2896,2880,,,,2399.6421784848,2723,2716,,,1505.18374216059,2553.84200040047,,,,,,,1828,,,,,,7557,,,,,,,,,,,1994,,,1059.93449781659,,4838,14869.8611529471,,4001,,,,3548,924.841149773071,
1943,,,,,6666,,12278,6480,,,6228,,,,2346,,,,2922,1763,,,,11577,8642.97285805962,5209,,,,,,2856,,,2644,,2069,,,9389,,,8097,,,2259,,3546.60063779847,,,5893,4559,,12344,,1642.98395721925,,,,,2115,2925,,1548,,,,,1113,4865,,,7198.4536525085,,3931,1833,,4825.65,,942.331797235023,,,1685.93874842345,,,,2162.67896678967,,,2047,,,,,,,,2844,,,,,,,,,,,,,,838.247011952191,2373,6346,6089,,11043,,,2995,2876,,,,2462.00463656339,2879,2710,,,1706.48491132493,2447.80413874841,,,,,,,1970,,,,,,7779,,,,,,,,,,,1792,,,991.397379912664,,4693,16050.2174162196,,4423,,,,3558,956.732223903177,
1944,,,,,7299,,11735,6618,,,6554,,,,2087,,,,2888,1785,,,,11864,8890.73881147861,5209,,,,,,2970,,,2326,,2275,,,9698,,,8835,,,2230,,3670.84428690895,,,5874,3861,,11803,,1611.11229946524,,,,,1779,2775,,1545,,,,,1089,4865,,,7775.63588153649,,3162,,,4816.11,,1119.31797235023,,,,,,,2284.76568265683,,,1839,,,,,,,,2998,,,,,,,,,,,,,,,2299,4222,5719,,10947,,,3156,3070,,,,,3017,2705,,,1290.15749328051,2391.63492966983,,,,,,,1836,,,,,,7987,,,,,,,,,,,1696,,,919.67248908297,,5322,16999.3271675819,,4769,,,,3610,945.57034795764,855.676176890157
1945,,,,,6943,,11026,2750,,,6907,,,,1710,,,,2966,1792,,,,11370,8839.31526323939,5553,,,,,,3027,,,2573,,2275,,,7195,,,8075,,,2182,,3352.92919966452,,,5499,4101,,11247,,1628.64171122995,,,,,1495,2761,,1873,,1780,,,1058,4812,,,8282.07985480944,,2831,,,3677.67,,1061.91705069124,,,,,,,2354.5295202952,,,1779,,,,,,,,3009,,,,,,,,,,,,,,,2259,4281,6344,,11043,,,3371,3131,,,,,2876,2550,,,876.117588522048,2313.44447564068,,,,,,,1741,,,,,,8201,,,,,,,,,,,1452,,,911.703056768559,,5418,16477.5517664725,,5808,,,,3631,864.24810892587,854.082738944365
1946,,,,,7436,,10512,3118,,,7291,,,,,,,,2891,1934,,,,11048,10866.098130433,5918,,,,,,3215,,,2804,,2405,,,3534,,,9208,,,2381,,3468.20320839177,,,5871,6145,,10751,,,,,,,2209,3191,,1969,,1776,2743,,991,4865,,,8490.28856624319,,3805,2628,,2771.37,,,,,915.765104808997,,,,2342.90221402214,,,1674,,,,,,,,3124,,,,,,,,,,,,,,,2377,7104,6910,,11415,,,2899,3196,1030,,,,3073,2738,,,853.242455662465,2435.85819340214,,,,,,,1747,,,3049,,,9000,,,,,,,,,,,1831,,,,,5903,14822.4664745637,,6655,,,,3684,865.842662632375,877.984308131241
1947,,,,,8112,,10622,3453,,,7651,,,,,,,,2797,1956,,,,11298,11020.9505631674,5187,,,,,,3255,,,3245,,2560,,,3883,,,9620,,,2571,,3509.07850953639,,,5925,6596,,10527,,,,,,,2810,3148,,2048,,1785,2828,,985,4929,,,9230.58620689655,,4498,2410,,2710.95,,,,,937.262686713904,,,,2267.32472324723,,,1710,,,,,,,,3145,,,,,,,,,,,1704,,,,2310,8046,7753,,12506,,,2960,3231,1395,,,,3301,2326,,,1086.56881083022,2705.82198740551,,,,,,,2173,,,3389,,,9709,,,,,,,,,,,1890,,,,,5757,14311.547192312,,6500,,,1930,3647,899.328290468986,943.315263908702
1948,,,,,8372,,11105,4406,,,8008,,,,2200,,,,2987,2096,,,,11261,11189.3430725298,5939,,,,,,3268,,,3339,4922,2507,,,4517,,,9776,,,2844,,3473.9224482393,,,6307,7002,,10753,,1845.36898395722,,,,,2866,3169,,2045,,1784,3507,,983,5149,,,9215.16333938294,,4814,,,2857.23,,,,,1098.87154619638,,,,2360.34317343173,,,1847,,,,,,,,3188,,,,,,,,,,514.407407407408,1889,,,,2460,8751,8199,,11045,,,2724,3282,1583,3439.49113062175,,,3261,2300,,,2976.05478503181,2940.4406151493,,,,,,,2723,,,3829,,,9822,,,,,,,,,,,2098,,,,,5853,14734.232124,,7712,,,2273,3848,943.975794251135,1035.73466476462
1949,,,,,8045,,11536,5249,,,8278,,,,2400,,,,3083,2204,,,,11260,10943.5440327929,5710,,,,,,3359,,,3384,5195,2482,,,5231,,,10351,,,2815,,3430.70421520905,,,6604,7884,,11088,,1827.83957219251,,,,,2979,3365,,2013,,1782,3752,1159,995,5426,,,8868.14882032668,,5188,,,2866.77,,,,,1188.98073473397,,,,2348.71586715867,,,1911,,,,,,,,3276,,,,,,,,,,560.592592592593,2440,,,,2345,9373,8332,,11988,,,2732,3470,1634,3630.26339365705,,,3279,2625,,,2430.48286633075,3106.35037782687,,,,,,,2432,,,4181,,,10127,,,,,,,,,,,1946,,,1059.93449781659,,6531,14196.672,,7828,,,2463,3819,1001.37972768533,1054.85592011412
1950,1156,1677,1596,25182,7949,,11815,5907,,595,8706,1627,756,861,2632,3354,,,3011,2236,3390,489,1307,11622,11541.0375505428,5880,799,1659,1070,909,1693,3432,534,1006,3129,5581,2638,2885,,6186,3459,980,11067,1637,2176,2970,1450.97237569061,3459.4402519108,,622,6779,8266,2958,11061,,1788,520,982,462,797,3052,3323,4082,2018,,1790,3953,1280,987,5504,2742,2174,8498,4490,5582,2115,2651,3062,,1038,,768,998.088764411796,46031,697,3872,3151,620,1231,1997,631,,13378,,2319,,1516,3510,,728,1573,631,,677,1806,679,3942,516,2485,4009,983,1200,2565,9558,8655,802,13479,993,1025,2577,3679,1706,3900,3416,,3325,2391,1549,48436,1883.97680596141,3310.83462335241,1020,3556,1309,2007,3572,902,2375,,1278,4529,,,10742,604,2632,3838,815,870,1302,,,5856,1777,2079,1460,676,1095,,7015,15240,,8462,1049,1452,2276,4041,1054,1117
1951,1170,1715,1666,26634,8086,,11966,6311,,618,9161,1597,776,862,3170,3483,,,3209,2279,3513,497,1339,12007,11877.89329403,6001,950,1686,1095,995,1726,3427,553,1019,3110,5617,2664,2782,,6704,3566,1066,11056,1780,2147,2925,1443,3785.95933916314,,630,7286,8705,3049,11354,,1808,542,1015,489,827,3287,3263,3688,2066,,1788,4296,1356,993,5649,2668,2303,8080,5035,5958,2251,2702,3389,,1229,,775,990.770029025074,47464,706,5150,3257,668,1254,2061,657,,12337,,2324,,1549,3673,,740,1642,711,,697,1841,698,4022,529,2295,4038,1004,1262,2657,9615,9038,816,12199,1036,969,2491,3867,1835,4001,3515,,3456,2373,1608,48653,2001.54279689916,3456.26047173511,1058,3784,1334,2042,3368,942,2361,,1274,4473,,,11077,623,2778,3609,834,885,1353,,,6207,1763,2299,1513,743,1023,,7548,16125,,9039,1078,1463,2335,4130,1097,1151
1952,1189,1755,1667,27490,7519,,11824,6323,,626,9035,1565,797,874,3017,3614,1894,,3237,2377,3655,504,1369,12486,12016.308232061,6252,1047,1714,1122,1065,1758,3529,559,1031,3370,5735,2844,3017,,7257,3585,1121,11086,1868,2193,3202,1435,4099.39922657874,,636,7450,8869,3143,11303,,1728,550,1022,516,845,3272,3226,3846,2083,2738,1860,4403,1401,1003,5805,2597,2482,8823,4828,6371,2397,2751,3724,,1063,,803,1038.04102619505,47856,714,5327,3277,697,1288,2093,666,,13162,,2327,,1581,3706,2150,752,1701,716,1784,719,1878,717,4002,540,2345,4066,1023,1323,3016,9698,9267,835,12427,1079,950,2557,3964,1890,4018,3730,,3445,2273,1669,47990,2124.85637527654,3686.91716216295,1071,3937,1363,2077,2342,958,2472,2032,1272,4682,,3934,11152,628,2821,4441,851,899,1385,,,6282,1945,2522,1639,740,1058,,7353,16444,,9309,1106,1473,2125,4175,1140,1154
1953,1240,1795,1736,29358,7769,,11963,6594,,641,9274,1492,816,872,3323,3747,1878,,2869,2418,3803,513,1400,12726,12470.9856694293,6582,1157,1741,1148,1105,1790,3629,571,1044,3751,5649,2611,3274,,7818,3633,1073,11623,1790,2182,3185,1425,4061.81735278104,,662,7415,9060,3237,11709,,1916,563,1036,547,867,3681,3239,3982,2184,2952,1771,4441,1451,1047,5973,2531,3394,8886,4638,6790,2695,2801,3944,,1009,,792,1316.69107643201,49989,722,5968,3325,685,1326,2071,682,,13256,,2340,,1613,3602,2240,765,1779,724,1570,741,1911,736,4006,553,2295,4125,1042,1325,2997,10429,9540,877,12522,1127,1015,2649,4111,1999,4173,3937,,3663,2276,1733,49284,2249.24695176682,3849.79494849937,1090,4246,1388,2110,2794,982,2577,2348,1272,4803,,4106,11389,638,2868,4916,870,913,1490,,,6303,1983,2745,1728,697,1076,,8030,16917,,9500,1135,1482,2289,4264,1184,1211
1954,1245,1720,1785,31695,7938,,12419,7261,,665,9610,1505,838,872,3228,3883,1847,,2868,2531,3947,521,1431,12272,13171.4062803502,6237,1049,1769,1175,1148,1822,3759,590,1030,3649,5821,2611,3287,,8364,3743,1098,11749,1833,2291,3352,1417,4322.0123122369,,650,7973,9428,3335,12145,,2099,587,1068,652,901,3759,3194,4124,1997,3193,1884,4543,1517,1071,6048,2464,3926,9446,5378,7092,2962,2848,4116,,1095,,864,1372.67979924528,52920,730,6668,3427,662,1364,2066,708,,13238,,2353,,1645,3851,2289,778,1844,668,1581,764,1924,756,4095,566,2375,4254,1063,1382,3178,11010,9923,886,13936,1173,1014,2681,4117,2085,4328,4081,,3814,2255,1801,51490,2384.66337507997,4108.75225997999,1127,4642,1417,2146,3202,1023,2536,2236,1325,4951,,4623,11799,658,2992,5504,888,928,1431,,,6239,1991,2609,1825,735,1033,,8273,16512,,10020,1167,1492,2335,4404,1231,1231
1955,1246,1830,1882,31374,8348,,12795,8054,,674,10010,1474,859,810,3424,4014,2265,,2954,2675,4133,529,1462,13072,13999.4878426012,6341,1119,1796,1202,1170,1854,3783,596,1034,3921,6252,2638,3360,,9240,3765,1130,11788,1886,2303,3349,1411,4436.73787334831,,673,8284,9881,3437,12541,,1913,598,1074,622,915,4007,3170,4280,1986,3749,1776,4894,1537,1078,6248,2397,3663,10096,5899,7453,3220,2590,4417,,1144,,826,1411.33360203502,51417,738,7010,3454,807,1400,2131,719,,13818,,2364,,1677,4060,2766,791,1930,744,2099,786,2007,776,4095,564,2327,4288,1082,1379,3288,11678,10044,894,13908,1221,1012,2766,4309,2165,4454,4221,,3945,2299,1867,49632,2515.12241137823,4312.62095953101,1138,4658,1446,2179,2946,1044,2590,2584,1191,5281,,5002,12060,663,2979,4844,907,940,1506,,,6880,1855,2754,1895,733,1071,,8176,17370,,10501,1195,1502,2721,4511,1173,1288
1956,1278,1769,1902,32481,8424,,12924,8603,,687,10237,1444,883,878,3392,4141,1932,,2719,2672,4390,537,1492,13791,14507.0601800455,6285,1189,1824,1229,1224,1884,3811,606,1047,3668,6551,2740,3688,,9846,3810,1203,11858,2008,2475,3381,1443,4763.96260295763,,682,8440,10278,3539,12639,,1970,610,1086,703,940,4313,3347,4450,2080,3564,1897,4632,1533,1117,6212,2541,3808,10323,6153,7745,3491,3410,4699,,1173,,912,1381.98276854527,52404,744,6663,3494,950,1433,2091,735,,14343,,2313,,1709,4213,2799,803,2150,781,1906,810,1980,797,4106,599,2399,4340,1103,1309,3186,11953,10480,925,14346,1274,1017,2836,4385,2248,4565,4525,,4087,2335,1930,50628,2587.60262286402,4615.27889387285,1156,4901,1556,2212,3241,1070,2715,2447,1256,5684,,4889,12428,673,2949,5592,926,955,1482,,,8064,1949,2777,1926,724,1100,,8225,17397,,11136,1218,1508,2560,4645,1280,1422
1957,1253,1908,2023,32329,8705,,12895,9111,,701,10353,1414,905,845,3714,4262,2214,,2573,2793,4646,544,1522,13719,14667.650420408,6758,1195,1852,1256,1237,1914,3826,615,1012,3835,6886,2922,3848,,10348,3848,1239,12696,2066,2699,3437,1474,4893.4889663349,,665,8751,10779,3642,12779,,1978,622,1097,744,958,4557,3424,4626,2107,4203,1752,5051,1613,1084,6239,2817,3666,10079,6363,8158,3934,3354,4999,,1176,,947,1466.76773051341,50126,751,6599,3537,958,1479,2067,749,,14961,,2263,,1741,4403,3062,816,2144,813,2125,835,1986,816,4136,610,2319,4398,1122,1323,3351,12137,10697,915,14418,1325,1036,3054,4479,2299,4721,4729,,4238,2381,2000,49973,2664.58698324302,4850.40182629025,1173,4972,1492,2246,2874,1093,2775,3147,1245,5700,,5432,12899,682,3008,5781,945,969,1451,,,8518,1847,2920,1997,720,1116,,8176,17406,,11923,1235,1516,3045,4704,1302,1473
1958,1298,1978,2114,32473,9083,,13238,9416,,708,10268,1435,929,813,3998,4366,2284,,2576,3005,4855,550,1553,13603,14644.4582568088,6958,1173,1879,1283,1176,1946,3798,618,1004,4152,7348,2922,3660,,10739,3840,1261,12903,2104,2740,3441,1510,5168.9110870509,,674,8725,10927,3749,12698,,1892,630,1097,762,974,4723,3470,4799,2106,4285,1855,5367,1530,1141,6169,3057,3974,10568,6550,8544,3918,3539,5243,,1156,,969,1517.88386369625,47671,759,5510,3545,1020,1545,2074,764,,15093,,2214,,1773,4501,3301,830,2255,778,2072,859,2040,837,4132,618,2252,4409,1143,1270,3258,11926,10603,956,14641,1380,1025,3014,4372,2308,4873,4784,,4259,2453,2048,50042,2747.31827034921,5114.72857333915,1178,5107,1513,2278,2880,1109,2751,3022,1364,6020,,6005,12884,684,3027,4844,966,982,1457,,,8941,2058,2973,2056,708,1092,,7788,16946,,11615,1251,1522,3084,4685,1237,1444
1959,1307,1953,2201,34153,8354,,13753,9645,,736,10533,1457,953,838,4278,4457,2667,,2511,3201,5053,559,1581,13829,15469.5914767422,6409,1117,1898,1310,1191,1977,3942,639,1087,4141,7619,3006,3814,,11440,3948,1226,13767,2047,3178,3524,1545,5079.29993782595,,681,9172,11124,3857,13134,,2106,655,1129,765,1015,4846,3524,4957,2090,4640,1734,5553,1570,1143,6437,3226,4022,10702,7175,9011,4050,3645,5665,,1148,,1036,1555.72719655056,47131,765,5818,3655,1063,1623,2048,773,,15382,,2165,,1804,4497,3381,845,2278,885,2200,885,2109,858,4251,626,2338,4549,1162,1288,3204,12333,10957,971,15350,1435,1009,3124,4275,2393,4935,5161,,4454,2385,2146,52436,2841.96232967415,5326.70195654247,1216,5512,1647,2308,3239,1157,2788,3885,1221,5848,,6304,13211,706,3102,4881,983,995,1581,,,9154,1940,3030,2118,724,1116,,7450,17900,,12078,1262,1529,3547,4774,1458,1474
1960,1326,1997,2313,35758,8861,,14013,10391,,733,11081,1468,971,869,4642,4532,2871,,2560,3398,5316,564,1567,13952,16358.3594046842,6781,1057,2002,1326,1192,1999,3980,679,1135,4328,8142,2994,3496,,12282,4087,1245,14046,2075,3328,3649,1580,5031.56658157244,,701,9931,11792,3982,13780,,2197,671,1167,800,1101,5015,3496,5088,2147,5067,1809,5816,1613,1200,6825,3437,4360,10959,7433,9430,4230,3714,6354,,1157,,1070,1547.69177263856,45929,771,5812,3674,1323,1691,2064,813,,15870,,2118,,1793,4723,3586,851,2383,899,2439,912,2115,913,4396,628,2439,4855,1213,1307,3148,13209,11483,980,15087,1490,1031,3217,4733,2353,5125,5451,,4712,2346,2248,52299,2938.8025721958,5557,1224,5928,1632,2303,3464,1176,2813,3948,1352,6288,,7165,13849,783,3257,4819,974,1058,1718,,,9964,2141,3041,2157,732,1137,,7643,18057,,12116,1274,1537,3778,4847,1530,1495
1961,1309,2225,2332,36949,9344,,13793,10882,,615,11561,1482,1004,899,4897,4594,2925,,2555,3585,5683,575,1597,14080,17307.5627469558,6923,874,2114,1321,1041,2020,4049,671,1173,4340,8389,3068,3845,,12675,4114,1176,14843,1964,2868,3633,1643,5581.43756691161,,722,10613,12302,4415,14118,,2212,703,1318,851,1191,5408,3532,5169,2130,5404,1702,6083,1690,1208,7186,3622,4720,10728,7964,10158,4307,4280,7055,,1093,,1031,1605.84677683157,41622,779,6027,3663,1400,1747,2050,813,,16349,,2138,,1795,4807,3634,840,2361,904,2922,939,2131,1055,5254,644,2538,4787,1239,1313,3277,13074,12106,990,15533,1471,1066,3462,5008,2410,5461,5859,,4972,2396,2287,48516,3109.87385188606,5874,1167,6481,1588,2351,3623,1181,2821,4038,1454,6532,,7760,14564,861,2995,5050,971,1103,1753,,,10155,2289,3022,2228,703,1093,,7740,18175,,12231,1294,1545,3950,4929,1495,1524
1962,1302,2128,2409,38654,9049,,14389,11078,,657,12087,1400,1060,877,5252,4672,2868,,2636,3711,5923,582,1525,14787,17793.9764899977,7071,926,2128,1339,1223,2039,4135,714,1207,4439,8454,2974,4211,,13106,4057,1333,15537,2222,2284,3716,1712,6075.90955503468,,736,10869,12859,4497,14131,,2257,741,1262,899,1310,5577,3543,5780,2174,5509,1828,6315,1653,1208,7390,3586,4809,11435,8396,10882,4339,4176,7614,,1117,,1084,1620.49016551383,42150,787,6089,3612,1788,1798,2067,918,,16370,,2158,,1800,4881,3666,827,2260,966,2847,966,2232,1019,5144,626,2609,5324,1341,1349,3521,13770,12347,998,15511,1728,1114,3647,5230,2450,5325,6183,,5308,2499,2381,46304,3199.49997388008,6229,1296,7085,1653,2370,3775,1216,3062,4237,1549,6599,,8027,15093,1017,3174,6051,1004,1117,1831,,,10383,2198,3142,2326,746,1106,,7498,18976,,12848,1411,1554,4041,5067,1443,1497
1963,1298,2200,2491,39889,8695,,14983,11454,,673,12532,1430,1039,947,5448,4772,3174,,2742,3623,6033,591,1492,15248,18437.8389135498,7336,1034,2378,1366,1248,2059,4140,846,1237,4653,8241,2958,4423,,13367,4092,1372,15513,2291,2818,3698,1785,6631.57269663535,,818,11148,13330,4599,14583,,2270,689,1232,932,1486,6122,3762,6381,2177,6059,1675,6644,1557,1242,7685,3867,4578,12366,8915,11576,4395,4222,8176,,1138,,1135,1720.82412067271,40377,794,5973,3598,2322,1849,2058,995,,16766,,2179,,1747,5118,4261,866,2263,977,3217,996,2106,944,5745,599,2660,5710,1443,1433,3781,14078,12723,1006,16150,1758,1152,3877,5314,2542,5582,6693,,5585,2504,2479,44912,3405.65867250093,6405,1140,7516,1562,2402,4049,1218,3096,4713,1643,6352,,8871,15808,1047,3384,5855,972,1143,1921,,,10708,2480,3374,2463,770,1197,,7450,19514,,13232,1406,1568,4481,5294,1438,1436
1964,1291,2407,2576,40927,9446,,15699,12062,,695,13295,1492,1055,939,5829,4898,3469,,2809,3637,6355,604,1486,15938,19195.446462746,7320,1152,2691,1390,1191,2079,4264,888,1262,4720,8563,3158,3971,,14062,4055,1419,16832,2365,2879,3843,1859,6938.49184363521,,840,11647,14057,4616,15251,,2254,720,1274,1027,1690,6601,3814,6664,2209,6591,1604,6994,1583,1309,7948,4026,4965,13386,9430,11934,4629,4752,9035,,1208,,1074,1834.9778125414,40333,802,6156,3679,3156,1900,2104,1054,,17864,,2201,,1779,5555,5450,888,2343,976,3732,1027,2150,1208,5196,572,2754,6468,1415,1451,4092,15042,13256,1012,16606,1714,1208,3929,5523,2550,5773,7012,,5926,2546,2585,42186,3599.46696361023,6754,980,7978,1505,2389,3800,1215,3282,5166,1733,7076,,9624,16761,1172,3424,5797,929,1275,1991,,,10841,2533,3453,2676,787,1251,,7498,20360,,14019,1427,1576,4941,5499,1588,1519
1965,1290,2544,2670,41705,10155,,16182,12328,,703,13643,1532,1087,969,6137,5058,3569,,2879,3617,6468,612,1466,16694,19802.512491383,7208,1253,2520,1393,1176,2099,4286,870,1286,4983,8820,3088,4825,,14642,4047,1203,17459,2007,2981,4090,1934,7411.98478294517,,872,12226,14609,4626,15545,,2220,756,1368,1097,1898,7187,3900,7414,2314,6741,1588,7029,1567,1229,8051,4388,5241,14100,9997,12111,4894,5074,9459,,1184,,1095,1917.42831867999,37511,810,6572,3639,3889,1946,2118,1054,,18002,,2222,,1734,5737,4933,881,2539,983,3802,1057,2153,1358,5227,633,2876,6728,1490,1505,4340,15618,13852,1019,17341,1678,1229,4151,5729,2603,6036,7519,,6363,2624,2703,41101,3803.368068803,7068,1023,8717,1568,2409,3991,1282,3351,5231,1816,7387,,9589,17239,1320,3351,5598,913,1412,2085,,,11206,2635,3481,2885,792,1242,,7498,21390,,14347,1398,1588,4981,5673,1828,1568
1966,1272,2646,2770,42213,10076,,16324,12930,,716,13989,1549,1082,963,6575,5233,3810,,3014,3747,6873,663,1427,17448,20224.5381975754,7844,1261,2595,1431,1224,2157,4383,937,1309,5193,9151,3185,5083,,14964,4063,1323,17789,2206,2750,4074,1900,7872.84937281018,,888,12471,15213,4761,15757,,2158,759,1545,1165,1953,7570,4033,7412,2364,7184,1546,7406,1535,1215,8097,4686,5338,15058,9867,12659,4988,5000,10370,,1294,,1116,2093.88798132793,38335,818,6811,4208,4417,1989,2047,1025,,18084,,2289,,1733,5950,5308,899,2828,925,3948,1087,2174,1345,4921,679,2942,6808,1441,1414,4342,15838,14258,1071,18111,1722,1294,4331,6038,2636,6362,7957,,6637,2584,2917,50660,4212.69745703004,7517,1065,9726,1510,2404,4317,1342,3464,5649,1921,7657,,10029,17432,1341,3351,5004,878,1503,2251,,,11531,2636,3824,3054,867,1280,,7693,22529,,14174,1369,1605,5311,5762,1683,1541
1967,1277,2753,2876,42416,10200,,17108,13225,,764,14461,1525,1165,921,6886,5423,3724,,3127,3795,7492,719,1452,17658,20742.2525407236,7933,1237,2509,1443,1176,2216,4438,952,1328,5338,9507,3489,5732,,14979,4055,1325,18230,2211,2907,4163,1835,8207.07437363841,,907,12667,15792,4882,16018,,2134,767,1548,1232,2058,7892,4114,7474,2410,7382,1482,7801,1470,1286,8531,5062,5043,14642,9918,13476,5066,4876,11400,,1317,,1143,2232.05350605592,35720,826,6295,4065,4733,2036,2181,1113,,18066,,2359,,1790,6132,5485,910,3014,934,3995,1122,2271,1372,5035,725,2917,6365,1417,1160,4500,16483,15020,1034,17027,2788,1307,4559,6107,2694,6540,8388,,7143,2676,2852,55566,4372.44939730859,7943,1109,10302,1423,2310,4741,1313,3534,5703,2004,7911,,10264,17883,1431,3277,5246,866,1546,2369,,,11679,2558,3929,3300,875,1310,,7305,22842,,14250,1165,1624,5378,5993,1765,1618
1968,1290,2665,2979,42040,10485,,17770,13742,,740,15009,1545,1189,987,6963,5611,3849,,3314,4050,8429,781,1435,18297,21395.3863755189,8053,1178,2758,1508,1189,2275,4581,928,1347,5574,9919,3229,5947,,15723,4028,1288,18868,2150,3151,4264,1827,8598.88130808511,,902,12900,16365,4927,16593,,2101,776,1519,1270,2102,8394,4385,7696,2463,7667,1510,7865,1580,1290,9197,5659,5745,13648,11210,14513,5235,4262,12725,,1366,,1164,2468.48358458018,35546,834,6876,4136,6071,2091,2291,1084,,18774,,2429,,1871,6432,5606,923,3309,976,4160,1154,2469,1471,4602,697,3096,6253,1398,1114,4419,17365,15224,1023,16809,4932,1361,4752,5874,2745,6881,8705,,7767,2699,2636,58010,4366.12022001875,8391,1154,10916,1471,2389,5294,1420,3524,5761,2083,8292,,10822,18428,1329,3470,5270,843,1581,2488,,,12248,2766,4122,3484,894,1304,,7353,23691,,14520,1114,1639,5523,6087,1741,1592
1969,1278,2695,3080,40639,11217,,18428,14555,,717,15969,1551,1199,980,7246,5812,4132,,3379,4313,9247,843,1476,18988,22307.672926555,8187,1264,2737,1551,1262,2335,4744,918,1366,5773,10128,3137,6446,,16641,4018,1388,19974,2316,3355,4366,1914,9299.07016262029,,917,14151,17352,5252,16820,,2112,784,1629,1333,2015,9191,4497,8534,2396,8209,1527,8069,1739,1347,9706,6212,5745,13880,12310,15248,5547,4420,14145,,1404,,1151,2764.15336626157,33415,842,6824,4309,6539,2150,2329,1074,,20516,,2503,,1900,6629,6129,899,3483,998,4546,1189,2699,1425,4758,722,3196,6303,1326,1372,4564,18270,15779,1049,18348,6028,1411,4976,5859,2789,6760,9306,,7949,2730,2791,56236,4501.12429754743,8563,1243,11429,1521,2171,5931,1525,3520,6379,2165,8329,,11775,19215,1350,3379,6059,881,1707,2608,,,12588,2805,4267,3720,883,1404,,7740,24195,,14655,1178,1658,6001,6290,1683,1731
1970,1272,2818,3194,39135,11639,,19166,15537,,893,16914,1543,1188,1004,7608,6038,4251,,3469,4635,10197,907,1508,19207,23478.991767023,8195,1398,2882,1565,1224,2396,4932,961,1385,5984,10307,2976,6590,8748,17277,4774,1492,20221,2488,3585,4535,1999,9502.93989062928,,948,15266,18187,5587,17162,,2270,795,1422,1395,1934,9900,4653,9250,2391,8751,1567,8015,1882,1384,9881,6677,5536,14830,12913,15492,6135,3818,15484,,1458,,1031,2974.80727329566,48927,850,7084,4457,6591,2203,2389,1073,,20763,,2576,,1954,6873,6545,934,3889,1023,4857,1226,2778,1548,4662,713,3314,6164,1337,1744,4463,19075,15983,1055,17835,6056,1517,5131,6143,2812,7058,10117,,8724,2825,3008,51921,4547.40214618321,9234,1337,12153,1415,2287,6650,1553,3488,6515,2243,8886,,12803,20269,1704,3537,5643,880,1631,2700,,,13141,2912,4398,4044,905,1382,,8030,23958,,15289,1172,1961,6288,6448,1710,2043
1971,1237,2754,3322,39540,12003,,19590,16259,,902,17486,1535,1219,934,7814,6349,4490,,3513,5024,10514,1113,1427,20024,24486.9781291002,8773,1446,2874,1578,1267,2546,5091,974,1435,6199,10613,3161,7382,9177,17657,4846,1578,20617,2678,3188,4658,2045,9885.87730470188,,968,15565,18881,6027,17440,,2377,822,1376,1333,1989,10559,4801,9787,2404,9414,1651,8349,1946,1364,10128,7296,5686,16606,13885,15683,6062,3771,16004,,1500,,980,3221.67449377507,49302,875,7533,4544,6008,2265,2322,952,,21117,,2654,,1986,6912,6884,945,3987,1036,4994,1246,2895,1533,4804,794,3475,6258,1382,1894,4533,19636,16692,1022,18452,5923,1484,5471,6242,2882,7503,10587,,9358,2906,3338,59731,5134.18671834013,9567,1315,13509,1471,2216,7318,1535,3553,7084,2326,9033,,13657,20320,1722,3987,5992,877,1699,2750,,,13185,3159,4715,4470,915,1385,,7933,24394,,15192,1202,2254,6730,6591,1661,2157
1972,1007,2729,3451,39540,12170,,19772,17169,,866,18336,1640,1253,807,8145,6692,4661,,3602,5480,10567,1361,1368,20837,25356.9109020439,8520,1431,2887,1612,1235,2582,5348,966,1457,6564,10932,3253,7809,9626,18301,4787,1674,21579,2928,3746,4801,2047,10787.6926659897,,995,16654,19549,6559,18002,,2235,826,1334,1412,2007,11795,5037,10632,2448,9631,1635,8505,2117,1329,10621,8247,5297,17366,15108,16035,6150,3754,17110,,1524,,920,3387.89053461182,48283,886,8228,4568,6237,2279,2327,1108,,22236,,2660,,1916,7256,7127,971,4299,1023,5206,1256,2906,1511,5128,851,3649,6156,1282,1908,4543,20079,17409,1034,18889,6271,1455,5571,6264,2954,7986,11046,,10130,3017,3797,62416,5413.41779052776,9785,1282,15138,1400,2289,8155,1525,3668,7347,2324,8995,,14269,20725,1889,4149,7243,800,1709,2786,,,13753,3645,4929,4962,945,1364,,7643,25414,,15135,1278,2383,6948,6550,1761,2268
1973,1011,2852,3623,39669,12691,9806,20527,17908,7068,921,19399,1666,1172,792,8423,6975,4801,8341,3757,6086,10635,1589,1403,22058,26003.7151749567,7911,1513,2974,1599,1305,2950,5577,1006,1470,6884,11223,3486,7913,10026,19074,4801,1793,22228,3196,3757,5244,2063,11629.7017372387,13799,1004,17669,20441,6935,19168,9456,2227,821,1411,1411,2204,12202,5255,11717,2544,9969,1678,8920,2375,1360,10946,8706,5982,18277,15374,16950,6583,3806,18226,12154,1546,5941,1239,3822.04579946319,42542,944,8397,4603,6005,2268,2378,1364,12103,23820,12506,2700,8552,1824,7597,7471,926,4442,1001,5137,1328,2986,1473,5668,896,4081,6177,1039,2012,4637,20851,18050,1009,19804,5227,1521,5719,6413,3131,8512,11639,,11258,3150,3537,68407,5541.71336160821,10492,1288,17598,1243,2096,8894,1553,3767,7716,2313,9658,,15079,21509,1902,4468,6403,746,1591,2987,6527,7693,13844,3540,5050,5496,945,1331,7849,7885,26602,8125,15540,1333,2614,7226,6655,1693,2283
1974,1039,2727,3637,45347,13284,,20698,18583,,904,20153,1733,1132,872,8630,7291,5112,,3854,6416,10080,1656,1333,22643,25718.2703729681,7857,1519,2931,1632,1312,2848,5767,1004,1497,7061,11545,3609,6503,10444,19228,4414,1894,21919,3295,3870,5392,2099,12379.9497161515,,993,18109,20902,9083,18903,,2319,848,1452,1458,2466,11716,5461,11719,2797,10786,1742,9111,2439,1344,11225,9210,6097,19054,15980,17607,6229,3995,17765,,1564,,1049,4112.60132503237,34962,958,8383,4616,6923,2356,2418,1414,,24503,,2791,,1816,7801,7803,883,4863,1033,5394,1342,2684,1570,6038,928,4285,6387,1105,2179,5064,21514,18691,1052,20529,5644,1533,5695,6566,3154,8928,11552,,11234,3319,4159,57594,5796.99602658267,10801,1262,19659,1328,2118,9314,1581,3912,8322,2399,9844,,16420,22132,2204,4457,7685,829,1612,3045,,,14430,3735,5353,5455,937,1302,,8176,26286,,15943,1248,2703,7767,6853,1776,2275
1975,1074,1710,3649,40591,12946,,20993,18564,,883,19831,1570,1068,843,9295,6252,5247,,4010,6582,9825,1712,1323,22819,24467.991703049,6731,1594,2812,1677,1213,2745,5772,1038,1237,7007,11794,3733,5528,10954,19193,4691,1940,21712,3365,4020,5514,2265,12613.3241179165,,972,18237,20653,9985,18884,,1988,854,1497,1479,3080,12309,5439,11456,2764,11053,1726,9253,2386,1430,11662,9377,6878,18935,16176,17123,6129,4117,18082,,1502,,925,4362.00674670652,28950,999,5742,4326,6872,2428,2434,1270,,22643,,2919,,1795,8011,8064,982,5738,1057,5512,1387,2238,1699,6030,934,4221,6293,1050,2051,5013,21318,19560,1047,19907,6802,1559,5649,6896,3241,9258,11073,,10388,3464,4085,54866,5995.45066230281,11164,1199,18788,1451,2225,9602,1551,4030,8498,2469,9779,,17205,22607,2856,4506,8878,952,1556,3123,,,14534,3899,5719,5614,956,1243,,8563,25956,,16385,1132,2844,7976,6808,1659,2235
1976,1105,1521,3665,40803,12696,,21613,19448,,956,20916,1548,1039,862,9535,6875,5268,,4219,7079,10222,1801,1345,23754,24752.9073088839,6868,1519,3017,1664,1111,2794,5918,1009,1251,7182,11893,3786,6652,11317,20218,4878,2066,23059,3504,4157,5877,2560,13044.9859936766,,974,18104,21465,12747,19311,,1878,905,1436,1443,3453,12919,5705,12929,2954,11469,1835,9231,2536,1417,11639,10665,8007,19877,16053,18147,5681,4935,18600,,1503,,1025,4855.94072488161,28956,1023,2442,4415,8142,2820,2464,1447,,23100,,3175,,1694,8131,8319,1090,6684,1103,5740,1401,2064,1779,7264,942,4638,6150,1033,2208,5099,22132,20610,1071,20161,7328,1604,5604,6808,3430,9397,11308,,10861,3629,4605,55169,6243.14631944519,11426,1387,19297,1664,2370,10178,1511,4084,8877,2432,10143,,17462,22765,3142,5149,9526,918,1505,3333,,,15696,4095,6110,6245,996,1219,,8853,27058,,17174,1290,3193,8207,6802,1707,2163
1977,1022,1500,3681,41915,13236,,21592,20350,,1020,21025,1570,1090,843,9398,7084,5647,,4289,7248,10541,1889,1417,24265,25430.5674454033,7438,1583,3033,1706,1086,2517,6046,966,1176,7602,12344,3913,7704,11634,20837,4036,2117,23360,3586,4398,6073,2817,13335.2121388885,,977,18100,22177,10849,19740,,1882,858,1417,1317,3668,13158,6005,13986,3153,12385,1808,9765,2670,1494,12425,10205,7957,21465,15721,18599,5501,5072,19230,,1580,,1143,5367.79488735547,26168,993,4417,4339,8682,3027,2582,1658,,23417,,3268,,1691,8177,8738,1148,7438,1148,6298,1470,2013,1742,7610,961,4903,5984,1087,2220,5247,22598,21399,1081,19110,6998,1631,5512,6626,3524,9483,11832,,11422,3945,4439,45999,6322.24033528832,11692,1409,20824,1857,2236,10790,1495,4221,9529,2911,10288,,18595,22322,3083,5491,9094,830,1543,3585,,,16412,4132,6271,6752,993,1207,,8950,28001,,17693,1304,3446,8780,6623,1578,1946
1978,1070,1530,3696,35936,12444,,21948,20293,,1042,21605,1519,1189,878,9594,7037,5977,,4328,7425,11014,2005,1398,24994,26158.8002988737,7936,1744,3202,1744,993,2595,6443,964,1275,7763,12411,4114,8257,12055,21447,3419,2365,23632,3583,4812,6314,2939,13568.6761176162,,952,18425,22698,8013,20448,,2008,897,1446,1465,3451,13860,6156,14689,3346,13265,1859,9967,2727,1540,13150,8710,9075,22579,16139,19230,5482,5926,20060,,1656,,1291,5856.49651833948,26363,991,4218,4463,8730,3196,2694,1934,,24331,,3298,,1604,8690,9341,1101,8080,1205,6583,1537,1969,1581,7763,1015,5214,6027,1205,2028,4771,22992,22061,1105,19182,6513,1720,5946,6454,3606,9741,12463,,11700,4302,4874,47072,6476.15652265552,11829,1495,20593,1766,2082,11588,1524,4375,9958,2909,10455,,20014,22646,3030,5906,9561,808,1650,3861,,,18042,4304,6350,7519,993,1111,,9483,29286,,17481,1285,3636,9283,6653,1541,1964
1979,1023,1527,3716,39534,13114,,22826,21436,,1011,22094,1594,1173,894,9954,6730,6376,,4227,7736,11837,2184,1326,25775,26641.0949518161,8475,1859,3139,1785,961,2807,6658,1023,1301,7905,12439,4183,9011,12164,22305,3308,1932,24409,3649,5088,6472,3076,13678.0934187867,,999,19657,23326,8091,20988,,1929,869,1360,1468,2882,14193,6298,15903,3382,13994,1959,9964,2810,1427,13335,7678,10769,23443,16761,20275,5318,6247,20982,,1651,,1325,6265.88620524998,28174,966,4536,4546,9086,3247,2815,1678,,24836,,3382,,1714,9307,9891,1345,8745,1240,6523,1556,1937,1706,7889,1030,5510,6073,1261,2104,3405,23347,22971,1106,19580,6446,1733,6075,6664,3703,9471,13012,,12326,4693,4677,45806,6612.02235326066,11867,1584,20472,1524,2158,12521,1572,4194,10772,3295,10316,,21367,23465,2990,6709,9580,622,1698,3979,,,18568,4481,6204,7967,977,966,,9966,29949,,17135,1267,3733,9873,6746,1451,1930
1980,1019,1532,3741,44168,13080,9291,22972,21932,7165,952,23060,1691,1165,875,9634,6994,6588,9487,4100,8249,12318,2348,1234,25784,27405.7302362483,9024,1930,3253,1900,953,3075,6786,1065,1352,7828,12723,4106,9451,12336,22497,3167,2219,24272,3781,5024,6582,3298,14005.9345954545,15044,1033,20640,23537,8402,20612,10519,1844,872,1325,1207,2613,14300,6384,17086,3282,14193,2063,10052,2981,1495,13614,6334,10165,24528,17508,20959,4975,7141,21404,11899,1675,5848,1320,6064.04009282181,21154,1054,4608,4138,8741,3011,2917,1589,12734,24951,13739,3622,9078,1680,9929,9899,1168,8920,1320,7992,1618,1945,1682,6970,1004,5829,6293,1291,2080,3414,23438,24031,1057,19681,6491,1851,6849,6795,3787,9149,13040,,12822,5113,5239,45860,6591.63651394997,12204,1672,21068,1484,2021,13601,1584,3781,10724,3182,10245,,21151,23809,2946,6424,10374,583,1572,4071,5746,6763,19734,4693,6070,8384,958,912,8467,10546,29611,7453,16270,1207,3650,10037,6998,1452,2064
1981,1144,1471,3762,42456,12125,9548,23368,21866,7490,1014,22760,1733,1186,878,9860,6875,6762,9844,4060,7709,12065,2528,1219,26256,27729.584967226,9427,1962,3242,2153,950,3625,6782,1081,1447,7461,12612,4420,9631,12306,22553,3091,2499,24063,3846,4991,6664,3309,13895.3144841843,15478,1009,20935,23655,8625,20319,11053,1820,859,1521,1173,2603,14180,6256,18301,3231,14182,1964,10123,3119,1557,13893,5887,8035,25284,18103,21041,5040,7176,21924,11604,1647,5789,1301,6398.8511360217,16402,1199,4549,3862,6760,3051,3049,1564,13190,25136,13970,3457,9538,1492,10538,9937,1111,9224,1369,7635,1714,1940,1714,7264,925,6095,6271,1277,1855,3480,23153,24179,1119,20537,7210,1924,7313,6921,3819,8584,13061,,12934,5424,4811,37307,6514.12685316104,12274,1706,21393,1466,1943,14335,1615,3507,10888,2783,10254,,20929,23777,3049,5928,10984,521,1423,4230,5622,6666,20298,4830,6201,8749,920,923,8695,10643,30056,7527,15750,1223,3767,10106,7141,1492,2243
1982,1270,1374,3783,36635,11550,9809,22972,22254,7831,985,23071,1862,1183,869,10154,7036,6841,10217,3816,7587,11424,2640,1208,25151,27660.9484973249,8016,2128,3131,2257,920,4355,6698,1124,1470,6751,12824,4487,10131,12109,22380,3043,2592,24807,3826,5145,6558,3543,14046.1041622938,15927,980,21495,24120,8099,20650,11611,1661,858,1581,1195,2533,14153,5903,18527,3076,14123,1855,10493,2941,1570,14061,6535,7704,25477,18155,21123,5019,7401,22440,11322,1680,5726,1358,6821.47493608378,13845,1256,2823,3813,6661,3102,3151,1576,13654,25005,14190,3725,10026,1423,10240,9977,1030,9526,1417,7790,1814,1852,1548,7563,904,6303,6064,1231,1784,3360,22780,24141,1135,20715,7651,2002,7444,6770,3859,8429,12511,,13198,5230,5088,29046,6490.43669053225,12267,1680,20535,1599,2168,14687,1610,3339,10949,2817,10418,,20535,24002,3005,5786,10817,524,1323,4375,5498,6575,18771,4713,6381,8910,905,972,8934,9578,29210,7594,15423,1293,3724,10080,6891,1398,2240
1983,1347,1288,3805,32737,11775,9865,22697,22944,8010,991,23071,1728,1140,891,9942,7240,6773,10667,3585,7203,11419,2848,1105,25625,28009.3290841041,7667,2227,2901,2345,909,4473,6655,1149,1588,6743,12986,4705,10544,12301,22840,2963,2644,25450,3905,5243,6252,3701,14240.9447459924,16361,999,21944,24300,8281,21366,12234,1487,850,1482,1129,2534,14132,5585,19349,2947,13841,1835,10401,2994,1663,13931,7108,6805,24605,18468,21345,5117,7262,22805,11735,1627,5992,1412,7611.73413986103,14292,1283,3402,3572,6237,3229,3268,1561,13718,25738,14376,3606,10378,1395,9656,9728,1057,9586,1451,7610,1876,1694,1553,7516,913,6529,5734,1180,1631,3437,23086,24924,1076,21015,8521,2077,7186,5729,3837,8764,12428,,13158,4935,4733,23146,6418.19388045925,12420,1722,17315,1527,2153,15720,1575,3330,10707,2656,10659,,20451,24412,2888,5638,10581,577,1211,4538,5547,6535,16982,4844,6489,9530,875,1014,9288,8950,30158,7672,14155,1333,3827,9907,6554,1320,2190
1984,1337,1259,3826,32135,11837,10181,24009,23016,8360,968,23644,1809,1129,918,10249,7264,6843,10957,3561,7438,11772,3124,1146,26836,28315.0825944092,7992,2444,2703,2450,932,4664,6741,1168,1626,7065,13260,5051,11330,12573,23564,2944,2802,26581,3830,5361,6336,3810,14313.3266483274,16660,956,22486,24519,8612,21869,13128,1530,824,1462,1162,2437,14453,5469,21042,2968,14104,1803,10696,3134,1690,14435,6951,6593,25357,18305,21868,5059,7599,23548,11553,1594,5952,1476,8303.51898630704,14384,1344,4828,3443,5695,3403,3387,1589,13796,27303,14682,3657,10508,1305,9777,10007,1084,9797,1492,7828,1940,1629,1486,7798,925,6867,5539,956,1527,3308,23750,26321,1152,21783,9526,2106,7192,5859,3469,9006,13201,,12894,4945,4807,20354,6659.45404351327,12379,1597,16343,1404,1989,16767,1608,3357,10866,2447,10694,,20650,25357,2858,6030,9792,601,1239,4720,5469,6314,17680,4890,6736,10394,870,897,9476,8805,32076,7189,13597,1420,3861,10029,6672,1269,2067
1985,1304,1242,3846,29562,10895,10485,24927,23514,8558,1057,23873,1886,1243,925,9924,6972,6875,11000,3476,7862,11848,3301,1148,28025,29416.75224461,8024,2619,2735,2585,909,4484,6809,1162,1742,6918,13337,5120,11725,12855,24133,2880,2872,27710,3653,5469,6433,3939,14696.9656773837,16541,880,23148,24755,8131,22579,13868,1559,821,1451,1184,2662,14850,5292,20883,2982,14067,1776,10452,3143,1720,14834,6853,6268,25990,18605,22469,4814,7578,24437,11545,1604,5616,1540,8859.35533634623,13015,1382,5895,3269,6092,3606,3484,1600,13287,28032,14273,3784,9398,1296,9785,9894,1089,10176,1506,7804,2004,1466,1502,8265,966,6626,5396,950,1621,3107,24361,27608,1194,21780,10433,2230,7404,5844,3135,9022,13345,,13240,4994,4619,16558,6628.60620510294,12475,1621,14422,1274,2000,16611,1610,3366,10839,2622,10692,11815,20663,25805,2812,6585,10026,642,1240,4862,5364,6186,16671,5039,6958,10779,843,886,9387,8901,33023,7181,13270,1471,3717,10009,6385,1250,2128
1986,1344,1106,3870,21949,11515,10394,25116,24039,8663,1078,24221,1867,1400,944,10170,6880,7066,11230,3306,8281,12404,3432,1162,28472,30847.9942567071,8325,2748,2718,2683,923,4058,7071,1157,1766,7087,13560,5075,12121,13211,24657,2743,3107,28681,3682,5262,6452,3921,15242.9806916861,16866,920,23621,25238,7818,23498,13839,1575,819,1422,1146,2534,15047,5136,22823,2898,14416,1729,10678,3269,1755,14768,5984,5992,27439,19160,23106,4884,7973,24992,11576,1658,5413,1578,9756.2054506927,13509,1409,5400,3129,5370,4157,3607,1645,13667,30051,14539,3977,9937,1267,9283,10551,1138,10584,1465,8021,2142,1479,1553,9001,936,6543,5530,969,1610,3011,24893,28504,1218,22124,10268,2302,7578,6290,3161,9240,14304,,13774,4854,5330,12881,6718.44462628814,12694,1642,12897,1286,2031,16831,1597,3327,11180,2418,11035,12242,21122,26309,3210,6601,9200,662,1237,5053,5319,6204,15871,4841,7323,11918,845,858,9408,9628,33850,6904,13751,1481,3684,10299,6236,1215,2107
1987,1211,1211,3894,21487,11633,9789,25971,24409,8995,1095,24772,1782,1336,960,10173,6786,6886,11297,3330,8402,12683,3601,1079,29246,31774.3711593065,8721,2931,2579,2471,918,3953,7296,1149,1817,7221,13603,4887,12792,13514,25027,2670,3370,28728,3877,5088,5893,3929,16273.0850839134,16898,980,24519,25756,6320,24536,13707,1605,826,1406,1183,2579,14944,5098,25414,2970,14362,1682,10861,3370,1793,15458,5713,6052,29576,20196,23824,5254,7911,25904,11389,1698,5241,1490,10864.9741316052,12416,1350,6202,3084,4465,4224,3590,1621,13831,30533,14360,3790,9852,1258,9256,10385,1138,10943,1382,7592,2168,1562,1551,9840,905,6723,5595,912,1556,2922,25085,28953,1208,22142,10699,2364,7653,6682,3218,9059,14870,,14641,4919,5004,12819,6551.89904388016,12597,1586,12919,1288,2048,18345,1624,3351,10973,2299,11081,12473,20851,27016,3403,6827,9055,663,1165,5453,5040,6194,14929,5043,7838,13705,859,877,9648,10305,34730,6680,13866,1500,3712,10119,6212,1203,2004
1988,1101,1360,3920,20215,11244,9301,26702,25112,9328,1119,25905,1780,1403,964,10098,6802,6668,11198,3386,8230,13087,3920,1073,30275,32482.9076702734,9199,3045,2444,2287,894,3908,7442,1152,1898,7270,13882,4994,13748,13791,25759,2652,3687,29049,3821,4850,6357,4001,17275.5075523348,17661,969,25644,26763,6982,25679,14665,1648,856,1417,1235,2577,15596,5086,27063,3009,14207,1701,11207,3500,1938,16313,5249,4635,28934,20256,24743,5397,7571,27393,12256,1741,5679,1473,12039.9457868355,12317,1286,4385,3070,4670,4779,3633,1736,14851,33351,14875,4077,9731,1240,9193,10034,1116,11765,1207,7299,2227,1701,1533,10418,872,7144,5386,939,1667,2498,25574,28786,1269,22022,10633,2442,6743,6003,3355,9228,15701,,15729,5082,4745,12492,6511.95610906519,12720,1538,12795,1282,2085,19853,1626,3344,10793,2295,11226,12659,20083,27468,3492,7114,9913,692,1239,6089,5515,6601,14198,4940,8019,14183,867,902,9704,10256,35863,7101,14308,1556,3747,9884,6319,1239,2114
1989,999,1360,3948,21072,10393,10525,27407,26078,8421,1111,26690,1715,1342,966,9908,6751,6711,11893,3408,8333,13498,5066,1070,30458,33315.5867704057,10005,3022,2343,2021,861,3865,7533,1108,1980,7489,13976,4991,14712,14027,26393,2436,3714,29108,4219,4889,6207,4030,18360.3506626901,18779,956,27012,27576,7422,26164,14161,1685,869,1407,1259,2479,16117,5144,27377,3045,13959,1619,11003,3747,2024,17343,5303,4098,28652,20091,25454,5748,6540,28601,12153,1761,5719,1455,12759.4896120752,12701,1428,2488,3054,4873,5093,3677,1804,14693,36442,15661,4073,10288,1251,9392,10206,1205,12607,1234,7278,2232,1776,1559,10806,864,7634,5208,915,1729,2393,26612,28942,1290,22107,10692,2487,6715,5160,3481,9060,16332,,16533,5222,4682,12137,6281.15417901403,12766,1476,12758,1353,1980,21221,1642,3322,10963,2316,11336,12734,19837,27933,3668,7755,8735,685,1246,6735,4962,5915,13970,5023,7992,15203,870,929,10082,10305,36756,7093,12750,1588,3751,9887,6306,1215,2181
1990,963,1384,3983,22254,10254,9669,27373,26930,7394,1124,27412,1811,1286,1006,8922,6542,5893,11467,3502,7842,12994,5267,1023,30082,34250,10203,2982,2083,1930,813,3794,7693,1092,1965,7567,13570,4713,15560,14178,25391,2308,3939,29412,3939,4697,6221,4022,19215,17247,915,26884,28129,7646,26189,12140,1693,861,1400,1270,2474,15964,5165,27960,2960,12948,1602,10296,4007,2087,18838,5620,3918,28760,20829,26003,6035,6044,29949,11888,1780,5742,1404,13874,9757,1481,3086,1690,4921,5203,3864,1882,13809,36706,15806,4130,9835,1262,9699,9173,1191,13259,1253,6605,2123,1776,1511,11489,861,8179,5007,872,1773,2291,27515,29434,1315,21817,10327,2531,7119,4795,3502,8150,16799,2455.81857694823,17256,5230,5345,11705,5596,12400,1398,14335,1211,1999,22666,1635,3378,9754,2217,10989,12374,18093,28068,3881,8239,9087,692,1275,7385,4803,5796,14112,5316,8606,15841,875,932,9607,10305,36982,6790,13251,1634,3622,9000,6111,1285,2160
1991,881.170438588735,1437.14724497403,2942.10059831345,,11223.9846365402,8141.67112356872,26861.2749592857,27689.7712735808,7319.13646523413,1149.79761625262,27848.3041644736,1812.42146924239,1331.2303122712,1031.42994915762,8319.67292857707,7059.95687227835,5128.93944742336,11170.7610765109,3610.05176589269,7888.04852782413,12298.5060433168,5616.01123018046,1006.99580160323,29151.6968488599,34128.6419071025,10746.4915641559,3051.31512515357,2036.29881728318,1833.35445177115,737.934490092681,3862.57433398122,7713.02202563815,1101.00358737775,1988.30732911027,7552.36223031314,11949.6328228259,3982.26572455253,15417.1243678329,12724.5408544989,26769.960305853,2013.34268624068,4083.99597062762,29915.4476167737,3969.56867380379,4708.23191341973,6513.33684307474,4180.13260407273,19958.0596426948,15350.6348703369,810.790102384151,25174.8990340313,28294.263792281,8296.57394557838,25792.0127791084,9535.05058084973,1742.62755579766,827.006899123684,1390.70497512334,1282.7287925733,2427.88024951205,16409.6894138485,5166.54986601267,29008.6988827277,2993.12400946531,10296.1907490574,1628.71878283961,9255.90961746882,4310.77791433513,2062.31019389649,19253.9434511805,6380.54988973106,1518.74208278481,28258.0167739186,20912.9405946244,26570.3630036769,6116.58331807709,5900.50932029287,30837.4307370409,10557.1154643808,1777.78378054864,5161.90411604431,1425.04555347179,15056.1603265677,6310.90684193707,1512.47987022857,4326.29940453324,1568.40432869831,5977.33692478306,5270.25459601977,4214.98190086351,1853.54297901117,12999.308856948,39198.2989972173,13774.9340381701,4353.7296889409,7957.68834515401,1160.67053364406,10008.5507440207,8615.7591441667,1186.75768210614,13834.9270317265,1205.07146138499,6068.21515512111,1976.02312025147,1719.09911990892,1547.54347028269,11643.3982010061,899.975111985489,8781.20889310841,5239.03411663599,865.913420964203,1759.00349696734,2209.79424830776,28126.7812872933,31127.6751427511,1360.78354501199,21125.8944414646,11131.0001614999,2644.57421556903,7659.47006881052,4812.21178368393,3432.58275087477,7625.84268658559,17332.1805555698,2315.95886869544,17949.808301173,5224.29964823441,4732.17073781228,12417.6427075336,5033.14101947764,12012.2355209118,1282.25940200987,16830.4130827267,1277.68915339431,1982.62595787466,23636.6826875653,1467.38879372737,3493.57609938296,8858.00687718841,2203.00813175114,10388.2531523161,10537.4103281024,16401.95914321,27614.0346333966,3851.28982534085,8570.67385288007,9424.12259076452,703.283742270115,1249.16794321487,7849.74481802388,4270.37012179731,5457.75692573531,14060.7363479122,5446.22817572492,8658.37842796921,16934.8142830879,891.894264796583,915.4053283443,8899.09669056187,10586.4084147668,36463.9576372927,6485.52782427689,14274.5254871498,1688.15989504014,3661.92364256638,7867.95983881737,6034.90055711483,1279.75153116321,2222.25533870045
1992,843.875348899883,1389.32948669997,2841.76516466455,,12267.0835867812,4699.61095270265,27560.1782773384,28072.4403464979,5638.99790682118,1128.3474181201,28199.5737762424,1790.53006580995,1264.99198183127,1062.46039963364,7846.11595075794,7993.89275633257,3830.21906094418,9960.8431478249,3592.13672847707,7812.79425539626,11427.2665353867,5733.63002125501,965.193376349712,29141.1923292858,34356.8020946259,11773.3007091455,3227.74414154146,2011.56935464769,1754.2467380351,656.691651156199,3940.97172910264,7888.10549029318,1185.51412091475,2029.59604778453,8038.76775758544,11742.929170063,3399.9647245106,16570.3973074118,12810.431670605,27385.0555597794,2141.63413537219,4271.69013286037,30573.5733215054,4185.40593822095,4850.22333074477,6715.47433899589,4338.95375321204,20329.1677408367,13214.387635358,708.369350268148,24219.7606253107,28619.8040529638,8194.49945140058,25790.1846879957,5286.92481701539,1771.60038628535,833.226762332466,1391.40545449168,1287.27647823764,2690.63309412509,16545.9637660561,5303.59854742543,30202.5393840483,3094.54775018006,9331.89265228301,1535.97067314801,9153.92082439348,4536.40989932572,2115.25744288865,20032.7186903767,7036.31509003198,2046.18088439654,26859.2819477117,21531.5961416535,26960.6108434833,6292.02885816339,6456.12314842036,30977.8144904312,10012.6111577228,1724.8744312691,4362.11265416902,1427.28573103239,15712.0022092603,12965.0669266169,1563.90573665207,4618.00542858399,915.120585248132,6113.35350838343,5737.28842208217,4020.97417549933,1914.62382045181,10240.9392301755,39231.5935018864,9411.19496932769,4194.44690978948,5546.36640387555,1152.64606233185,10262.2106803239,7991.5978717976,1115.40597097193,14341.301596372,1283.82548302487,4605.29885365734,1841.01246368828,1482.41662537559,1559.90485866062,12002.3801502419,802.930500182944,9383.9321554432,5532.67248715834,785.263618323698,1793.94013667409,2163.41659168443,28555.7318435624,33041.2054394645,1374.66118498648,21093.0613402617,12251.1576128381,2732.38162109905,8148.63157836697,4698.48304766502,3399.24261795966,7873.92490222084,18290.7323120593,2120.54612462779,18598.5281107458,5186.56395411901,5410.62486051338,15042.1231591104,4818.30439775258,10487.5477012209,1301.68900792678,17905.2801642793,1336.05443252018,1942.92672653003,24775.5711919494,1354.96819689212,3750.51721814953,6567.66979131887,2185.46432548921,8977.54823260553,9838.61485840115,15462.7101618003,27198.5287166901,3901.40008027315,9304.80806777371,10002.275987573,698.739002074788,1181.87126506398,8409.0209422082,2832.70342443527,4587.76365541108,14195.951786892,5789.95505292201,9150.43455900429,18101.33184019,895.480598700604,934.826261105848,8130.2767858566,11349.542004281,37240.2990340352,5530.47859134301,14901.6163547276,1792.67077363815,3759.7182763328,6506.90194152146,5901.98447170031,1308.85164945522,1971.44557700488
1993,578.402744031048,1080.48064392033,3137.0239335031,25558.756425032,12926.7946652176,4130.1472172755,28622.4757584582,28101.2286371651,4315.35671425961,1075.61540247435,27857.2494401235,1791.963217413,1240.14216512419,1095.65638403607,7959.1636575086,9102.06612385235,2831.03930913351,9077.4399978084,3670.27441235937,8166.2355625398,11343.5973564498,5787.11450056963,933.060174663238,29657.574356814,34625.5336467752,12296.9256463059,3506.48009477448,1983.23356145862,1677.14002614989,563.71093100535,3874.16978461464,8180.87053014339,1210.63529556643,2159.22016515794,8363.48296920179,11879.8085290935,2657.46597569437,16439.2392930474,12974.1972684743,27250.7005574777,2290.78463354907,4339.81695398144,30649.5379873869,4490.01622077702,4816.92359011747,6770.17856159952,4542.63247252534,20056.5396155114,12207.1842390983,699.227263435479,23943.7449435497,28336.1603183608,8551.05872261632,26349.3419658875,3792.61767813275,1791.11265526599,862.731285361005,1385.5908111508,1280.34203166404,2880.20400818885,16331.314704389,5382.9787121035,31242.1989454368,3216.88047456388,8739.54023943057,1443.18084091839,9294.46401363138,4837.1313472191,2176.42775467962,20627.0785724041,6914.76659810125,2132.38232470176,26833.8012404922,21484.9793858044,26902.398223125,6414.47499695309,6460.66282413885,30920.6592683117,9173.63728094761,1698.25414622437,3764.94211236256,1384.29250174973,16503.4338578176,19955.3143291455,1622.55451608283,5053.28030931609,560.333014747494,6190.68138314581,5804.05573773558,4247.02303462376,1903.67622257841,8621.09647172474,40179.4945354804,8439.33034911096,4097.28062769957,5383.85820523567,1154.18948369278,10357.8290665121,7317.83472374833,1115.10017260117,14840.3193008412,1321.81019355356,2981.80459571749,1846.22555388272,1439.28970453715,1668.7220858563,12228.8140797673,865.763191642982,10131.9293376812,5294.24273389667,771.541422741917,1817.74951018463,2114.69189753674,28879.9956377895,34819.516775437,1385.24106157196,21897.6755892503,13226.6432323667,2777.33203198315,8450.6716626609,4857.02115391511,3427.12943028549,8229.52907155428,19278.62673675,1996.29334047591,18519.9331840567,5270.89949164179,5527.99489459165,16221.0455709903,5055.91717026104,9789.06675878048,1110.92085707389,18101.0922188803,1374.38464610851,1906.82386892074,27073.714552744,1405.16280529918,4052.95777781183,4673.64158257596,2183.87428073787,8199.73036197882,10481.1152836241,15872.1202626296,26558.825037288,3982.27937877135,10009.9140748174,10072.4865364936,680.800540476404,1003.16487487302,8964.29215998945,2482.41359224165,4604.38415341451,13745.7971231191,5843.06841037157,9865.30068443511,19087.5977623259,900.413342270506,959.18814301581,7090.25734143651,11581.7046842745,37761.5351673423,5193.46414017795,14693.9020382264,1894.85862029566,3712.34106960607,5552.53699350563,5965.91148741241,1312.33700404636,1948.91053825787
1994,428.424558289543,1120.84815009607,3399.71018272432,28334.5820209101,13571.379431201,4392.97987658491,29844.1713244349,28780.7603897884,3453.36382182429,1057.64136876821,28706.5005739567,1731.80341707125,1189.12132354216,1136.41846534845,8212.29648627268,9935.00393029083,3017.00105655475,7932.00103928807,3765.16948465168,8615.68866123507,11405.5598315349,5946.42713209785,952.017417741463,30745.8228461219,35423.8278284248,12692.5511321862,3730.16409441644,1951.54080732891,1615.59727367935,525.388717427869,3635.98917024344,8447.85724015907,1136.74353640223,2291.0802801473,8479.56866068378,12358.1109581709,2683.09847980786,17210.9864595564,13517.5819052532,28140.0558753554,2175.36187332938,4459.3652665007,32359.2962361468,4597.15081760226,4856.98538931291,6940.09026470955,4746.58823875865,20673.9544155358,12070.0605630271,731.750929401066,24797.6594127395,28907.9773581354,9192.5629850228,27277.5427610258,3463.47608288493,1813.6117444642,882.494426799569,1345.0349874729,1284.92697026771,3081.15250420458,16724.2880561885,5414.54115356924,32219.3573390976,3105.97204385453,9352.583982836,1262.33705693887,9772.22348755446,5140.02496706399,2254.89885653093,22004.8139153003,6884.7061961862,2108.53800593898,27457.8068572997,22128.8046843923,27668.2579971013,6517.0515896976,6538.17325423484,31135.4272257458,8178.79080369412,1729.71716115145,2993.82781936695,1416.46373916282,17720.3953083733,24532.4134922228,1718.11585629849,5585.66696839544,418.121582144975,6645.07657054471,5945.76856525904,4500.81955529813,1924.09465245235,7830.00513468936,40990.7128251127,8704.26615324039,4461.06259109658,3662.20876324547,1132.1717646415,10721.0082312588,7154.0671213502,1111.78536659544,15539.0594628536,1373.96288657968,3073.92072623232,1955.4772619809,1312.37202170923,1732.99704097869,12381.0665741869,791.550060293762,10867.2560991672,5545.4623069061,776.80252474935,1820.30462461131,2154.29901195949,29727.5559775798,37492.8376838159,1456.02029656526,23076.8580370377,14079.5330556326,2855.90619647847,8549.6475802309,5361.42262243344,3529.00733468657,8721.82738028979,20213.1142899241,1925.9560329888,18819.0264179319,5305.50060000441,5893.47008055353,17955.3148177473,5427.07056828356,8743.74686730526,707.297099996548,18678.9314931619,1386.10758860946,1847.59827373069,29454.6124611513,1500.20920326603,4316.39804713577,4910.81639358196,2204.87664069323,7166.39375402656,11063.9487142439,16664.70579348,27505.9553659054,4134.20810106055,10060.8248378732,9969.37404509101,713.827084771773,1145.77758007388,9499.51752452374,1928.3185195337,3769.62476924548,13350.8961598206,5968.84479017184,9308.69542090803,20269.2663760116,904.757464651378,994.533391761838,5585.41332198664,12344.1501402962,38807.2799719927,4744.45785705525,14129.2779756315,2018.35070301574,3775.06947900137,5851.69074218129,6172.97361347476,1142.20181649741,2110.71198430126
1995,632.940396261985,1319.15894990345,3666.65056914009,31239.9171004325,13086.0364515543,4703.13073351788,30690.0624398521,29621.6819241716,2999.31904512599,934.203052701205,29370.0870816957,1835.57459064437,1191.30736189223,1182.95140041245,8566.6027454811,10695.3924335854,3237.30742629451,6993.62212091284,3865.43789085962,8951.69435667578,11473.8590142082,6318.47642374857,978.556614747978,31330.720086353,36004.2298937464,13715.9329954789,3999.72918099,2035.16816266944,1648.64155827783,531.990921495922,3763.59580118657,8735.88332305589,1166.93684731292,2444.90315486261,8576.42239655139,13181.2915792501,2860.75727072548,18751.4865485018,14550.104626677,28868.9461660833,2262.42871519311,4606.73365549435,33356.1413655756,4851.62876552567,5142.38400437617,6985.15549349466,5001.06669148232,21522.0967887257,12881.2785038085,744.141758887083,25761.6242195634,29418.8640866171,9833.98903886481,27861.2157825775,3610.84075821328,1856.57278201958,906.264389671341,1317.24249573015,1310.18732484107,3364.63258044284,17148.1971986388,5501.04222678237,31941.908676269,3163.82627983421,10180.2515340075,1378.54169035882,10134.8338868955,5494.90371234215,2355.96321394946,24266.1422151915,7093.73493021646,1996.9277996571,27235.833297278,23378.1595281805,28666.3522953456,6656.28322158056,6760.10846508219,31887.2776357645,7674.06323841955,1789.89454405253,2776.03031021925,1439.28654353274,19089.2991255748,27552.9609822888,1801.54401555344,6095.39700691427,377.580086005337,6898.95237639788,6095.83009275242,4702.29469465905,1888.69902048355,8299.46993245928,40838.5646027464,8709.07005121388,4156.92505145095,3558.82669872775,1129.84854810737,9944.95271764715,7039.11979881627,1100.2432497145,16417.1732167785,1423.65048507669,3571.07237599629,2147.82870249013,1165.81016002159,1686.19772625386,12567.9281929902,906.879016932832,11725.0925392406,5638.76662412042,702.493394445968,1851.03748058961,2264.09251825208,30680.3468183446,40043.7982939742,1468.07894532892,23751.9032799233,15292.1759621806,2947.68262621299,8555.78335659481,5668.0328528657,3637.62556131435,9408.2745367175,21267.3769485468,1816.00900994004,19262.0303213884,5463.62280375544,5756.84508012722,19959.7030599908,6014.68971397048,8586.32356281519,1049.23853407576,19223.3310695078,1467.70853275204,1886.54281966775,30957.2871651082,1383.10812635823,4592.28357203461,5325.48823239337,2219.48136184419,6887.72981418636,11874.3980037823,17816.8010076464,28519.4440615386,4383.67749861418,10135.0958230014,9856.48311325427,700.707623511954,1170.59771705596,10080.2082631763,1666.18395821173,3473.68018927826,14187.6589255786,6048.74749910215,9962.53657231796,21329.6859942778,931.002765921089,1054.71392960536,5024.18173524013,12092.6388522467,39390.6254014683,4535.2632464113,14448.282191871,2167.04204895783,3823.3189060029,6285.90854682355,6406.42812884184,1180.94380162861,2102.85990985999
1996,600.175264462535,1533.98393133996,3965.68531531917,34042.7412728547,13715.2268187077,4811.48954701875,31740.4697474047,30413.1566935755,3074.21973457034,824.511593429085,29820.2994882708,1840.48584407706,1255.77492223312,1234.08406379444,7901.12362510364,11640.8213531142,4915.32505589752,7128.35465388673,3959.44524890498,9124.5160690394,11760.8254305884,6647.7675526706,885.886400596378,31594.2418094349,36720.4904727663,14433.3197742387,4219.64417241615,2179.03571310701,1710.10597530255,523.868062041872,3988.87730463448,8770.58320363863,1141.60158685115,2594.09968612806,8446.78124456268,13981.7828083128,3249.63531743577,18875.2885687564,15386.3206677175,29349.9828354558,2081.99546483789,4894.8418794387,34325.4425056305,5198.56664916418,5451.63444208551,6993.64384585655,5293.10050397733,22185.0667599765,13547.6609071373,782.994147163961,26637.265654374,29736.6447786553,10389.2097947514,28472.2482390673,4030.88466295628,1907.93483958593,927.12947969862,1336.84732412669,1337.46758135933,4426.33782610114,17719.5573803883,5511.90470568081,32261.8036724871,3210.27029165277,11030.0793094036,1426.41255434455,10359.1814112874,5851.29554395515,2475.56805896638,26562.9089844149,7746.4090150839,2337.52265340147,28277.7871352755,23979.9952749834,29231.2756037388,6648.93315693184,6783.22904950219,32784.1581859793,7826.85765120067,1851.28138215243,2901.55419395731,1450.52512336638,20204.5613654713,29612.6600989995,1899.89586730929,6567.40063439123,391.085917171772,7543.93543073536,6330.93445870824,5187.70882955078,1931.6607745291,8793.70079785355,40687.9029627924,8947.26813728627,4603.65195843106,3305.49665221579,1132.44372349517,10386.4991208587,7095.16653678096,1130.50966495942,16932.0478420539,1469.03173707452,4663.16006868561,2271.798711275,1325.5953686561,1873.05086807197,12841.9305308466,972.821356136859,12668.6683263801,5687.11666368584,712.855845272195,1924.08840384563,2395.20217328583,31811.7391778462,43133.1434703702,1511.73367300972,24321.2480093897,16491.1678287698,2979.80822550806,8652.0757584253,5739.79004436521,3790.77878882303,10066.1710335318,21856.0174362912,1733.09950574924,19939.3112914324,5360.74330343851,5320.25543179518,22395.2638874842,6476.47447539912,8479.38077559598,976.407910612693,20280.4931846211,1551.8573888285,1866.34228502269,32724.4875328756,1060.56242298435,4671.33901624011,5710.196717778,2221.05351968547,6786.94183462583,12622.9095750226,18376.2462010584,29012.1047002605,4514.54908961906,10468.9905824266,9517.3721795319,694.105019824845,1215.73997885394,10458.3586098259,1559.52118921367,3226.98483638665,15004.2643265349,6388.39398445291,10644.6339797202,22390.0519078282,979.730435078623,1091.52752640033,4636.62630920416,12660.1626555037,40412.7510313364,4452.88187365317,14211.8094140366,2323.04638353782,3855.5720280988,6938.20676504819,6725.79093583259,1260.72619206876,2292.4874652967
1997,570.598118955881,1687.31778831254,3526.98564071555,38168.4666465487,14722.6459400365,4836.04422056585,32857.9937806025,31173.0487744938,3347.61264566942,800.27201784553,30894.2827975895,1867.60589331984,1268.26320224702,1291.5125695079,7927.42911372784,12528.3895189374,5913.08121295309,7885.01962037309,4079.53786591838,9409.94648482931,12124.5088403406,7152.14743365942,917.47997639614,32709.6916027933,38165.477352616,15079.8311950225,4310.82819841617,2288.80863322093,1780.49669668027,489.642164758035,3899.76268542608,8952.47296753857,1177.58252420305,2777.46511431323,8683.94846275007,14199.4082146254,3425.56178435788,19264.7877946869,15494.3169476977,30186.9444407556,2080.51341346604,5170.80795096273,35499.0633285501,5616.88992165113,5638.48016713353,7181.10089294284,5594.59715288472,23113.6150704598,15074.7754666063,815.145456653496,28239.874533729,30341.8058691055,11202.8387820701,29259.7638195274,4480.89785963119,1964.91242818097,976.496625957152,1308.48667194314,1388.1026857943,8445.64499672706,18588.2954879532,5601.20750520503,33385.8193558232,3303.26747345998,11997.5930919162,1456.23386268096,10942.3258879951,6055.84845930203,2514.02171069605,29455.9203494766,8113.72417857617,2337.94787905627,29939.1427834143,24226.7311877193,29960.6997771304,6523.63636193961,6942.458967216,33038.2930013985,8093.79599976546,1846.3738357664,3114.67495634521,1466.36669820384,21055.9461564496,31511.191303357,2002.2359892027,6581.05312152085,701.785385010883,8422.2146757838,6344.78464607203,5628.53029882429,1940.31058051924,9592.63965461508,42311.3429537488,9773.4995025883,4469.18982356671,3322.47899253238,1152.15458292731,11030.3431869993,7179.02619761726,1160.95166520433,17694.7895903466,1505.98046383745,5121.72820568113,2445.01267904292,1323.69361439489,1799.82518125443,13198.2949202474,1005.85213867307,13344.5706070554,5796.63173692149,693.10938249699,1977.28562911474,2482.69082400451,33199.6324774867,46556.4792320828,1558.39878541556,24802.1296523904,18518.4805057695,2986.70556564547,9054.72204260527,6027.81643810785,3928.01438143073,10811.2742240417,23069.0272844178,1604.89952674453,20810.1786053544,5399.42576881654,5598.02091623714,30989.1497275617,6446.41775277613,8813.3500583513,932.005892157274,21087.4273528786,1714.37754532399,1866.39106308534,34868.0659692042,885.298443424568,4882.68016685898,6288.02412151558,2209.4181975596,7031.83013456563,13335.4589939449,19258.9458702082,29862.6666885372,4620.91849428404,12233.0496953541,8826.77352349447,719.153116123223,1226.32704989982,9995.61821964787,1552.63236017053,2856.14860685559,15931.671547626,6680.10341022702,11432.4368129268,23437.767762053,1017.16811846792,1107.50094097432,4612.40421983972,13226.4777976959,41722.6703296506,4529.33442854582,14894.3367455931,2466.87354952478,3927.68034530776,7697.67864966756,6950.47164342651,1311.35711152271,2326.53888823625
1998,545.038752668709,1811.16814110069,3873.37315205246,39667.7947864206,15185.9586884861,4994.05303977392,34337.139432097,32376.329513091,3550.36406585758,808.324093467128,31480.7434485821,1862.7557348701,1293.57340354757,1348.1499270396,8322.08200374164,13776.0082816373,6589.63719694781,8481.96710891318,4205.69413084929,9419.1079072904,12384.7616737716,7185.27225389974,936.238262138212,33785.7463160833,39890.5375751659,15259.5408475535,4309.84717556826,2393.49895210221,1847.2189118451,472.923964475332,4042.77828134958,8863.26137405975,1179.84405666537,2999.62452467135,9053.85162450334,14485.9278282845,3415.54523948658,20212.7389751,15657.425612747,31129.5843976566,1974.56567647215,5462.69709371931,36361.2294471395,6012.69255026626,6069.77731672431,7307.16944535087,5884.8017830893,24284.8613174619,15593.0050531936,786.279002483723,29715.3414301803,31323.0776389757,11758.1601210366,30077.3845199802,4619.90479030964,2017.98955294768,1010.79190263154,1324.92449635651,1130.81268570957,9712.22621077315,19378.7099269518,5730.64575362661,30866.4284523889,3332.90671629571,12476.0465258677,1480.57692149792,11663.0285152537,5203.57944321451,2611.78138047992,31908.6479040328,8458.38635818096,2794.7864918705,31444.6159847251,24506.1607353234,30649.6291164165,6432.6529564669,7120.49369152888,32558.1866160658,8088.64803170691,1889.97310366846,3105.96104991312,1476.29600833162,19624.6915876868,33331.2986244481,2050.88381062929,6994.15693864753,772.676468284599,8545.48067270692,6831.22960817692,5440.22101891035,1922.67938128057,10382.117408001,44142.5603107013,10429.7666358074,4729.18293904048,3078.00963149897,1174.22722748086,11510.8773969856,7411.54800495136,1167.43257807046,18488.6658492767,1547.02833973273,5522.10439400571,2620.48905719967,1335.6607344147,1841.20748481956,13607.8846500047,986.028711725408,12129.6357854265,5859.88344869594,755.247969163888,2025.86492178969,2569.82833048217,34688.5519724783,48956.7293270778,1570.66349301421,24861.4157443302,20213.020377934,3035.45170157769,9560.33544683014,5926.73292228117,3852.63274317198,11413.2558993834,24586.2217783238,1579.93092964188,21782.1186965727,5321.9192550144,6051.88286305429,36448.0565388444,6407.46688174945,8557.4951509082,950.389473688911,22310.9178178419,1785.09957524691,1915.42965790462,33590.4819258856,882.729341181711,5077.8920578762,6603.71117893823,2228.90506332737,6975.5236979886,13822.1874047156,19851.0571234378,31187.1646276556,4712.53626448705,13801.1872520655,8742.97356066853,753.860799416204,1174.85273698303,9077.7477967745,1589.33155511695,3037.70433134861,17013.7547678161,6944.66089006728,11772.8300513344,24131.2199742003,1052.07501679565,1137.63815124113,4640.19919778576,13744.3211485163,43072.7580210956,4575.98680019894,14739.0506582181,2564.28445564975,4044.14841651859,8152.85388905369,7024.29551053247,1308.95146938519,2369.01912391686
1999,518.657866732878,1899.41520607372,4432.04263745532,42372.4392625826,14577.8322730293,5000.45244935948,35551.0195059737,33608.2965466276,3959.78147692477,772.317169998828,32571.6744997198,1881.69717862755,1318.71976131389,1412.98132124769,7921.76528334093,15263.7574913346,7025.97323493839,8689.71325192699,4146.47046669821,9441.75889899426,12237.948549252,7876.13851780229,967.843203629496,35345.7209562989,41091.6368773432,14846.4175283184,4466.73625021457,2417.45754507127,1902.26600633579,452.004421422413,3925.68643829626,8382.13986338989,1189.2566885002,3346.87992598612,9183.89504496481,14769.399758199,3623.5953800358,21147.5250716421,16102.5076382534,32087.6039588508,1930.50779212697,5584.02384859783,37523.4241694142,6419.78109287858,6421.508468349,6884.79262151431,6211.01580215799,25549.5396429093,15335.106288821,761.903274843306,30986.8883164753,32284.6116221356,10648.0894892769,30932.5362375682,4763.3505565953,2066.74120191922,1031.38254533899,1385.63177687098,1256.08249168794,11690.1351585363,20076.5593750824,5824.88328486933,31134.1662984318,3215.18473276036,12579.8767751366,1513.33182717616,12316.7239958745,5186.71340790409,2707.74063394365,35377.1621932825,8714.62664338724,3157.11246136115,32186.9311218945,24644.2042730325,31340.481406664,6485.32282006973,7340.49368937669,32394.5154905404,8421.34806046392,1920.83394493269,3144.46115496837,1586.21045876944,21540.6925752225,33351.1949905453,2167.77962339752,7147.55479752894,848.421168136595,9064.06731938906,7111.86849843859,5488.51537319096,1923.90323254743,10336.3951624259,47061.1110566925,10707.7057375105,4720.77134761778,2949.90661080794,1206.89376146016,11894.2028489124,7732.04710320616,1192.31681889464,19254.3648063604,1667.66122635631,5142.72906840197,2801.86181469282,1301.5763001843,1954.22943072567,13572.6802812483,989.835926812808,12636.6071562709,5926.42773955225,736.917524763798,2034.82752406394,2748.12700024576,36409.076594084,51129.1828761108,1609.18027622043,25867.9927819408,21519.6708744851,3111.95857036277,9784.69411818765,5945.19533112336,3917.08864311008,12058.4197664512,26186.2995721067,1664.64215028779,22589.921617951,5150.40853577152,6204.6465617764,40135.174729466,6613.93288019736,9340.0293750332,975.835922473427,22058.5730682838,1837.49809537853,1978.09642159315,35156.1182739866,814.123267008335,5263.88675536426,5532.54132555933,2247.1224156595,7419.67573242055,13750.3330903464,20793.9180282206,32705.214948347,4827.28628565564,14235.7867662143,7960.29181725339,733.781232654736,1183.01296609916,9347.0609300166,1621.3205712536,3527.16046040025,18159.9159015183,7297.47460420524,11151.6736208847,25471.7812365692,1100.35320685852,1185.43126903932,4751.31624059898,13348.7562813671,44575.8486270216,4630.651445685,13669.4846042935,2641.3484975664,4080.21842165748,8035.61179862598,7234.28580399686,1373.8510250415,2323.00927537187
2000,502.372745598633,2013.63622951894,4808.47961481352,48888.0321474603,14368.9427373623,5139.82550006292,36603.0449959447,34796.259482554,4214.88886074828,739.760916340808,33719.7698385542,1908.93662092612,1275.48190817945,1485.30922045797,8410.7949775813,17021.7223794001,7082.03527219474,9110.97946126182,4173.54945562718,9834.4244366632,12600.0225899117,8044.14204336772,963.946180555058,36942.5622942857,43251.1037536027,15211.6232956044,4730.3543512023,2352.85633807193,1961.08786225271,414.046947048094,4159.22273739588,8496.79186144236,1204.40239235915,3583.58681863733,9319.76618884734,15378.2064270398,4009.3398762914,22326.7980432244,17056.1595018642,33367.2838090657,1880.99875054224,5696.95522360794,39021.1775521356,6788.0838992463,6834.55387976764,6908.24297556069,6593.5317930907,26994.8601202917,16806.9746197181,771.731486070366,32689.7688915662,33409.6814829309,10637.7997208308,31946.0363394414,4891.66405370768,2100.29307054519,1046.56706272681,1440.86192167419,1230.64062943992,12914.8512921307,20965.3318066981,5860.2718525717,32894.0107687047,3335.71536975409,13244.540749737,1520.72923536376,13129.2731078331,5384.38666045489,2753.08550705882,38806.5013574153,9104.76299117977,3649.49294748339,33108.2909910372,26058.8405870726,32716.9800507895,6531.28475813797,7621.84061961081,33210.8078159904,9309.4194651858,1914.8863918102,3246.38306906804,1659.08908983484,23108.0175367617,35844.7475240851,2262.23564902541,7405.70702632181,971.933016146115,9770.98043889931,7191.27473062504,5841.0941387742,1967.43327436145,10806.8738960776,50063.824076531,11309.7403901285,4753.63825365122,2989.53479831132,1238.77641282628,12613.3960519094,8083.78972481525,1153.04614535542,20434.5494704823,1843.494517528,6046.14222843826,2936.06277869726,1196.01487944941,1934.74203577032,14272.3009237175,967.087207836506,13474.7014620996,5971.81478654905,693.376547623471,2144.82540433565,2858.5269124027,37899.9503776595,54039.9607277985,1676.7456451079,26823.0174593025,24186.3653983285,3154.51158006955,9898.78778060818,6038.24442697661,4033.56089188223,12732.1667641745,27392.4588351012,1657.14443577225,23372.0401422301,4896.42954805479,5377.3935104174,45788.122704193,7089.94612573642,10552.8846095804,1023.61822713066,23904.515387401,1951.46580110464,1983.52404748961,37772.7596926971,828.793864301684,5403.7147358137,6059.58302217881,2218.81962079457,8193.51577587947,13904.9853726498,21501.3367278983,34202.6042369012,4894.52073798417,14379.8320383995,7668.07165178925,716.042363333227,1150.36591070506,9627.10431781556,1723.35632964691,4173.19459953499,19179.918727575,7548.43784225814,11904.0081810757,26787.4456724356,1148.68017009953,1191.95387984613,5165.80815372985,13050.0639035873,45886.470498289,4667.25991024069,13992.6088079489,2773.10163510792,4212.10545572376,8472.58915291704,7582.77814341639,1428.5023540793,2211.19619342415
2001,489.681996907494,2162.4850193097,5285.80909643499,51263.3765676032,13651.980987935,5457.5100620274,37275.9912489095,35272.223953776,4498.79437699741,730.427815532519,33923.3420447507,1928.09663053527,1283.38218124855,1551.19647671542,8832.2905643203,18152.9626577984,7129.38678024182,9462.37390691753,4166.49166382304,9953.30948413253,12112.1810849842,8082.82383350878,952.511809067716,37307.2059332395,44398.6387814687,15448.008813318,4995.1447248206,2342.82754867755,2028.54738427422,403.6018922542,4256.65537117082,8528.03353336023,1217.49922137723,3799.03262567008,9451.61527423279,15999.6403817145,4231.32383338684,23095.7359540682,17868.567585214,34260.287632777,1845.69908201712,5799.81622910731,39425.8652231536,6917.03038105384,7218.24576822021,7131.19397513224,6914.9367688433,28153.553612966,17696.610116415,783.896390654161,33481.6786598323,33920.0974065616,11104.5530426954,32660.4413700224,5125.12737032545,2143.10623922565,1090.65199691792,1495.091836157,1233.07198500692,21167.7413539634,21913.7976809227,5882.71970593542,32734.2004669401,3365.2329927455,13817.6807648672,1501.1024655367,13933.5612624548,5526.14733616869,2837.85553114995,40966.3329700636,9620.62666318207,4147.64851953066,33794.4514558188,25427.3193823666,33511.4332968447,6615.19295637707,7982.74070250386,33246.3920663478,10589.102835279,1972.38110614001,3357.99300904187,1726.47128431892,23804.4376851571,37225.8694104754,2365.10333635458,7836.82660349531,1097.24958690587,10354.4825766246,7014.28807615872,5620.96581354052,1997.35760955142,11606.728929678,50527.6639414198,12103.8281717161,5042.07310981944,3150.63143439343,1290.10644550925,12565.4651720556,7835.02693452275,1309.25583970687,20413.0500283147,1996.37368678253,6429.56114185043,3133.55591215071,1219.38101904879,1964.44562689687,14347.6108176173,899.230502895667,13307.2148606427,5888.43206519597,723.311358292809,2282.82301829164,2944.24452676668,38636.2211485955,56578.3770899479,1738.31417941039,27167.3185349053,26431.1005102425,3176.94677658726,9804.55881472249,6010.2250324861,4090.21832899351,13017.5842506949,29517.0484479777,1704.37326161717,23751.3717255471,4918.04592470595,4626.30313629487,50525.7058393558,7860.44322611658,11391.1945034735,1067.2347821601,24191.9958170021,2075.62212564054,2009.94228319219,36864.5751243973,923.045794079924,5550.18682788689,6542.67954226357,2245.60631651899,8850.15878773968,14361.9012127386,22006.9537877351,34666.662647202,4976.9049481718,14221.1627064738,7509.3042432845,783.055164226116,1115.5502532021,9818.72053622492,1845.47821894097,5014.06245100545,19736.6794680486,7848.09446652532,10950.9920936764,26203.975908064,1213.62687531406,1255.88443421343,5793.65975965037,12463.9190398091,45878.0091539558,4725.25250141258,14298.0369575809,2915.68614024151,4249.03386204103,8827.67545976337,7839.62528898219,1504.4498690487,2193.73848050911
2002,796.816563246003,2522.67186079884,5608.96234460107,54077.4668569886,12094.7728377935,6082.14618880966,38567.0654883377,35823.5873741604,4880.39989008972,737.286025078912,34419.6937518547,1934.39674920161,1255.55709087869,1621.26697138793,9471.76566143597,19487.8412319234,7391.59216627075,9870.30851582536,4193.75487923169,10245.0689172829,12025.4732659756,8604.06700130627,928.771638513173,38123.9864239412,44934.3167460536,15509.8247751724,5343.11225782478,2298.45658483479,2084.9206379621,413.825212735492,4458.63422368835,8630.54242975466,1229.85592357994,3998.26172756936,9591.55331784741,16595.3987787566,4369.04030104837,23828.0731487583,18431.0271659203,34590.930161486,1824.45508650037,5771.37483841747,39709.3692887464,7327.36595752144,7814.83816030878,7359.70723294288,7142.68639186596,28753.3227520684,18589.1494781568,793.914897598955,33986.5540804914,34152.7744560049,11141.4626736169,33271.3025477883,5406.95332679979,2192.0202661421,1148.54467847906,1473.40067435036,1196.23250656114,24845.0422260709,22893.9591178651,5980.24200772415,33038.1500493214,3431.2512263029,14683.8377031207,1494.18367730333,14899.3062651013,5720.28186272957,2870.92363332569,43012.8146170694,10467.3706415522,4631.65253834669,33470.4947731286,24823.552894204,33780.053991221,6660.76302247247,8394.05508411191,33195.4004758957,11640.1800956766,1961.89493984161,3299.24599974929,1770.95711376549,25250.637414954,39943.1481627285,2486.98919138709,8248.10023107528,1342.75876125062,10787.6747325271,7141.75453706084,5721.30869094318,1959.02789399239,12490.6211630176,51709.7358539688,13015.4745034051,5140.8725323116,3373.70915976774,1110.82169780867,12645.5035832451,7964.07776566032,1321.33882657338,20873.9841350751,2175.88343276733,6897.7249603766,3401.94645323707,1199.73312271067,1967.44830873416,14196.040774451,886.197835153292,13809.8720511973,6069.32028106386,734.591580570774,2609.12944509355,2969.4575848692,38653.1236907639,58840.4142077243,1709.77869937907,28065.8559551482,27141.8429085551,3265.68661537707,9879.4543564848,6274.41848688914,4181.37574820598,13415.5709344415,30218.0131048046,1710.94957201576,23896.4596400125,5571.42745782661,3842.14637313306,57541.103389298,8673.61874341077,12259.4769155872,1154.10609348501,24053.9739107906,2205.57236117614,1959.61409887651,37829.9043369914,1101.75037870797,5751.06066526152,7155.57619129481,2250.08942977175,9487.50452228319,14984.7311249787,22725.3119846003,35569.7739556535,5136.72484601096,14581.4113899369,7529.70161488188,831.829185503165,1081.74451524629,10276.398308003,1982.88366574433,5795.6409686451,21052.4491412585,7916.67949611709,11753.9536089193,27425.8059143979,1293.20506586684,1301.05882786418,6262.98242480859,11399.5807247074,46266.2958914322,4777.28858267154,12856.0491874285,3070.6934784829,4292.09886040895,9266.38958967027,8171.20670729586,1579.02276445964,2025.31775378879
2003,842.805165479659,2711.92831057414,6004.64523899215,59823.2672586407,13088.5650108326,6743.24097825047,39523.6551974459,36063.1204896524,5408.52298962295,703.561533674986,34588.4760210267,1919.61510267392,1277.58086076763,1710.73135124973,10080.7830238223,21391.6119255484,7551.40808041512,10492.9870044001,4230.37247612464,10354.5953584982,12094.8192388593,9042.51973342875,845.505545088412,38559.975902687,45441.5992803626,15809.1777684547,5649.46323912719,2263.09256669759,2143.98004322433,436.028486254343,4467.9039644057,8855.21744466881,1240.05133670709,4185.48911914342,9831.24960233995,17407.0738500695,4506.67585407021,24347.0754079938,19344.0901639673,34716.440546216,1945.66548268343,6321.95568469259,39983.1433535389,7324.69734804766,8590.17752627433,7468.50353760932,7365.80272539069,29371.8649278598,19771.742979817,764.528275336036,34607.2193260329,34292.0301314489,11665.8322643403,34232.4266600062,6013.00915262526,2256.81729672897,1146.3352913077,1478.95622846008,1181.94349571599,27571.1590436026,24380.0663273618,6004.14467312046,33594.3162606475,3527.12179068521,15740.4985591124,1495.89212797309,15829.8999364802,5938.87779623063,3035.92251602408,44372.7564064811,11502.8521586098,3782.45263801471,33920.7086714993,24545.2450475457,33917.7993668408,6908.66675257455,8669.62464947069,33619.9480705683,12726.2868256999,1997.77682002573,3464.82014694552,1850.20428837473,25679.2465612007,48809.7127623089,2625.34821863314,8671.18778941922,851.910950210634,12870.5745261769,7602.12897509949,5963.56971257806,2003.08991926606,13917.5076600235,51717.0330582578,14142.1245473969,5386.85038008371,3575.26801047987,1198.44325057469,12793.9556189455,8160.41284762656,1391.26347128294,21273.1342998917,2410.56976205422,7445.05011825545,3775.43793474293,1155.70369460544,2076.2331265156,14623.3085050732,905.795457341719,14362.1556614413,6082.42632114583,758.114331368533,2848.28129737176,3049.14999132693,38803.9585855585,60852.2595201344,1747.77660138511,28876.2869520371,27313.979688054,3437.9918213429,10153.772014301,6472.340881282,4333.21381169289,14035.636389116,30688.1010511307,1729.62207872068,23677.5188524351,5726.99001157431,4158.29931188102,62234.2138242042,9369.2331638451,13521.2389447687,1130.04140421816,27367.0937506739,2373.05687474222,2025.02345473418,38950.7459376797,1156.51911986097,5957.20113760037,7637.83224410049,2363.18241757288,10390.94231786,15773.0947996538,23257.421804062,36435.7540472928,5377.55761734061,13835.9936483827,6986.52380066229,925.512616305639,1114.46381917196,10868.8355383604,2135.90828146068,6784.56100135347,23814.0666734985,8281.71526314928,12380.2068319438,28348.8525078052,1369.93908161501,1335.03049678079,7029.57052379711,11438.6861385091,47157.9952711394,4844.72995129688,11728.1830056233,3242.2854696511,4326.51048912559,9686.03068286466,8451.45249857443,1698.55156609439,1700.95585834871
2004,869.039272786813,3064.29865043472,6419.87039572498,64925.6714203607,14183.225137777,7229.6482263198,40887.725336397,36957.1122496145,5971.47460310057,709.737212679528,35740.3524626094,1923.71929539071,1268.68662703978,1812.62466142731,10853.7851534274,23389.602406732,7857.37828637402,11615.6855851322,4330.55577332936,10949.6601198874,12078.7354449274,9329.50921397854,853.182021590341,39491.5700305462,47263.5967262545,16478.9727867052,6067.59116137029,2280.78804896129,2198.23602014264,463.996975838844,4560.51251418364,9211.27911250038,1247.27494837471,4368.05476736032,10086.7836653535,18389.2276767644,4561.01672175189,25355.2401840482,20555.0355651635,35528.713472379,2097.12337871016,6602.70000484951,41178.562625218,7441.44762923987,9182.29418389124,7958.92070338642,7661.85985868625,30088.0926352499,20803.7575925869,771.465196083397,35888.6131934003,35093.8241349767,12022.5071831266,34865.7826780862,6342.70816986243,2329.5156743128,1159.82503467527,1585.79921991557,1194.67079177702,33419.8857944737,25780.3850930784,6070.19423096165,36052.9912182901,3686.66686118623,16628.574443674,1439.20765878902,16999.0055142185,6180.90997114531,3212.51103363416,47028.8647351759,12404.3236607682,6061.55461844611,36209.2439176958,25210.8787561371,34472.1275698319,7004.98453646445,9288.61659605206,34313.5568847059,13929.7297570139,2066.21019811963,3632.1470955154,1965.87863893349,26646.5032864598,55911.7935999109,2784.68009144169,9491.61065217681,760.875776109511,14193.2590078302,8322.34545011215,6191.96644316594,2004.06017812124,14995.7669761907,52624.1624829064,15371.1813266083,5584.15384967664,3813.43113404425,1239.89697488554,13287.5999017971,8561.38365472568,1366.98306657794,21233.0010143525,2664.94125386245,8193.74969155216,4334.23138375912,1125.83211784106,2185.95025896162,14854.6136879255,922.761274523614,15087.2514335779,6712.77178402593,725.131636267338,3136.62742586954,3220.26103652372,39682.3761124684,64824.1444301464,1802.14384785063,29806.7352654402,28607.0843640724,3664.53343212702,10769.5231825041,6731.00468731625,4562.50267556433,14906.0942167897,32110.8369560604,1753.69193369254,24142.7665709259,5876.6602742802,4358.51757480248,74372.9325180593,10531.1718022169,14880.9787045091,1159.02810839957,30233.5109211299,2461.30030002733,2074.95381162079,42111.1662234909,1197.15292990557,6145.97987183393,8512.16789709297,2408.76066405067,11428.9411847508,16570.8618948388,24150.5840374106,38016.0634678384,5559.47008346137,13735.8975558394,7051.42847759348,1200.27255858474,1121.80584889235,11408.3257048843,2301.29208623307,7781.74382479198,25403.2691213553,8705.08413958555,13423.7946262089,29975.1378251336,1464.38536693869,1364.68519311037,8049.39537703245,11955.3094385533,48492.7171226118,5068.20862801946,13713.0452363689,3437.6644223215,4371.39558377315,10317.2289426921,8877.92099152592,1828.30986246116,1604.50302473472
2005,964.4081099473,3708.77058194222,6858.46704735724,65599.0579137263,15344.1571340567,8006.96042553147,41904.4458707113,37642.7621500192,7553.62639595617,691.619745779627,36338.3831150495,1875.91932393658,1309.98364411208,1925.60616962229,11758.0840652969,25230.9000521677,8057.68282513265,12629.5580479522,4445.3477399957,11305.7717240731,12379.450180872,9798.08706427939,858.523700017484,40485.0192403627,49273.902359387,17137.4860414664,6626.59182113053,2312.84263401067,2222.91085339381,490.690494007437,4820.70728800517,9524.72270675406,1265.68670368259,4659.39618737281,10308.3740618732,19774.0611780511,4713.70630431508,26164.2095500793,22128.5801149977,36205.5749842271,2126.80514473055,6697.5345115596,42264.6302503897,8156.4309532226,9969.62260937367,8256.7776955984,8021.88348042856,30885.6020395599,22518.5412416604,829.243199289146,36787.2574094618,35495.4647291773,12437.9596840368,35623.6255859275,6849.78904677909,2411.28764907302,1186.60479343225,1541.61159787083,1226.56088586415,35569.7076236273,26091.524171943,6130.48233756792,38191.8984279571,3851.05543126779,17581.3583511818,1461.80004935298,18140.6174178646,6482.01208389293,3396.64870230215,49223.3830552297,13110.1423477105,6441.41021617748,37884.0569691753,25686.4057017676,34872.1266069489,7073.77027017016,9860.80814524952,34857.7558196049,15233.8407630047,2157.84156954474,3554.18565533234,2144.84498618071,27443.283376883,62959.6014217313,2948.69961823626,9933.0818904607,755.223591044875,16538.5566293337,8418.91148122006,6491.19823388765,2013.80775709797,16417.9484262796,53262.0939309969,17069.6571716176,5708.03114095666,4073.6736093451,1276.48678813932,13655.8011574628,8984.54517600414,1414.79273856253,21905.2153011515,2947.0989157759,9002.21820467631,4822.23356906816,1107.53380416932,2371.00667703416,14725.164159799,920.049945368313,15651.118044539,6807.57570891404,757.243914388136,3347.82046684666,3370.77750867683,40679.4895208284,68108.5555436812,1836.30571517462,30270.2473188373,30392.5600695084,3883.93451491353,11389.2439515475,7091.13329682565,4721.00072707225,15580.9367179274,32013.5408598791,1808.06182579764,24377.9498732741,5922.79084970594,4589.62582749303,76808.4200141651,11313.8224191907,16243.1004941064,1210.51054312556,32700.3325983716,2642.52081684144,2121.1586016431,44698.8385991564,1223.70153268588,6441.49581866886,9198.41447412235,2532.87064781944,12426.2807051923,17649.5203820258,24966.9387886715,39258.9920102221,5867.23342892405,15172.5631757869,7037.71822979878,1266.10503289822,1119.80426909117,11742.128093661,2416.86704371227,8791.67584575014,26651.8330097668,8983.38417225937,14487.7582879573,31374.4544216119,1554.15231589586,1451.09732627394,8496.67633895713,12757.4986400662,49654.7614251066,5284.00490923942,14944.3394893285,3637.65637930508,4485.58279570808,10881.8672632825,9393.69335105247,1970.01867888223,1496.03426670055
2006,1057.09655092876,4592.33730566167,7347.33012304625,67830.9261711711,16490.4735815761,8798.75018914713,42650.9859308496,38866.8493387811,10160.3460024994,703.360986438243,37051.9022458534,1870.53250067736,1322.63719662771,2057.698392171,12706.1816028396,26840.124270106,8410.80100462965,13792.5535713094,4581.90216631769,11766.6057327589,12889.8767011124,10665.6795265079,881.485165116962,41247.1492966809,51862.9647705908,17920.8031312197,7271.03565197081,2343.92693945415,2269.5179519697,515.258365852912,5016.05763935475,10039.6831173261,1388.00263430292,5140.87064423494,10880.476701231,21409.4276158362,5416.14119161822,27142.0175822413,23888.1639654084,38014.1368531027,2342.21916058477,7133.78125507,44025.4826886383,9059.88442531908,10385.7791083296,8521.55980047244,8509.61435797397,31907.4235097587,24578.8162003913,880.654443623401,38160.7025906611,36166.1596810097,12342.7793300667,36214.0687946763,7398.05264239695,2503.95769706587,1188.48457591907,1530.68440032576,1233.81323787354,36615.7057037176,27731.110923369,6305.81859145986,40172.8543686446,4045.29762505078,18707.4908615648,1493.03818834523,19253.0631373937,6782.62453186025,3629.41107589385,51296.194414648,14185.7533135321,7117.61350547781,38707.2131386317,26571.255443271,35713.8041829319,7286.96668258715,10404.5617208557,35333.1130923739,16786.5547650933,2255.25856515838,3594.56523758805,2286.38466639636,28516.4837755568,68546.1428873113,2896.13547876231,10236.8682762669,769.292953529305,18657.0616505443,9135.33953073251,6904.03613976896,2056.32966356963,17916.0591594461,54920.8100246559,19128.6892442587,6076.95253367062,4243.07044830711,1322.47951936824,14287.5582684683,9466.26408739089,1438.20793270406,22233.7176167616,3246.69342175902,10307.6469729876,5426.8536054692,1099.34178265069,2807.19893810202,15042.5413976305,929.476192560891,16353.9240954902,7208.68850110528,771.419659945295,3564.63234245633,3525.553651962,42286.5100798292,71310.5289506898,1884.18716679371,30798.6310699084,33374.8938759397,4062.66645699341,12195.7468428312,7560.89717559048,4908.6168623321,16711.4479880685,32195.1605985568,1778.49565915524,24809.0395891879,6128.64243161289,4193.15374550199,90120.917983189,12823.231839342,18008.3360751598,1261.76091707443,34483.0435442961,2903.80089133278,2104.43690696656,48073.5880877817,1247.25275616654,6782.23121360351,9902.42608751295,2713.76185065576,13749.9222701026,19099.4276773689,26182.7796675607,40992.2994828768,6187.76615845552,16824.6125397852,6901.77786540412,1225.51631209176,1144.8814458855,12180.7113589908,2524.84473749478,9752.35547849855,29792.4229764353,9420.02315098333,15425.1887111932,32867.3671239113,1621.99654449678,1501.38549955738,9355.98792545807,13223.7807645771,50489.8600218329,5535.12177857377,16253.6857538536,3828.90767342617,4497.25933050225,11598.9793154583,9978.47096719098,2133.5938846454,1455.7286141876
2007,1259.99674275737,5773.54828908847,7866.15774715018,65412.8010247111,17891.9434108489,9713.21328027296,44033.5837617713,40305.2743067797,12699.4977767115,700.958723533608,38082.8733357485,1904.54958156751,1308.52031683132,2194.42233788701,13785.2276032698,28884.6973671033,8811.8612403594,14856.9557737779,4713.44839397914,12500.0063684,12917.4389781365,11602.0682465784,897.478307013892,41806.8652058092,54509.5396598574,18487.9007351472,7895.71289269742,2380.11539400898,2315.60687676106,546.036795512044,4844.9702396029,10602.3048784126,1382.53908934196,5597.85026687062,11584.6766598599,23146.2074966742,5635.68825410267,28109.9961293314,25382.8075313842,39752.2067371978,2396.01808306678,7698.77358491076,44481.4687719655,9866.45803030943,10974.7422866613,8633.58439957286,9130.59790865429,32735.4330979339,26177.8716752253,936.374352424554,39998.5253860533,36845.6850868943,13455.6124838169,36816.6770751283,8300.14388042897,2553.16586239898,1253.40771871762,1557.84736603492,1252.57394537585,41277.7556536689,28822.915641556,6545.75235326108,42230.8863498807,4237.30196547177,19984.0374311963,1541.7674392198,19763.7906657122,7157.31320175037,3870.69894569603,52322.2312530697,15467.1074241692,7587.60567342558,41111.154331722,27624.883102167,36310.7349426204,7402.17840857208,10938.8043833142,35892.7127732509,18181.0598215399,2380.77633261763,3831.49481986061,2422.75650105003,29716.5704202778,73096.8709734517,3389.36406691748,11276.5066867525,768.207040845143,20731.7177828003,9377.89582437484,7283.6321055447,2106.84014026248,20138.4724101225,58369.7014803495,21042.3664707057,6228.43166689224,4342.74557466005,1384.18500367718,14684.7279561377,10099.4070442874,1441.20593670952,23048.2634324635,3542.58842689859,12027.4293764959,6196.58922501625,1067.96645622593,2875.03472380011,15519.4186473893,982.391645260718,17209.5845534414,7509.5268108824,766.18694338525,3817.48352250735,3729.85143334289,44008.7517311309,74879.8086232955,1927.38650311044,31784.4408190404,36424.9793543135,4160.36516936913,13492.3829777693,8138.36496876731,5172.66187101869,18067.4279841252,32511.1143067625,1746.92756249456,25477.2059958743,6383.48520557356,4250.98872605992,97912.6904920719,14418.8299767795,20018.122985683,1291.19332531318,36070.3170659639,3233.6976821794,2137.67164678246,51844.0617998722,1320.75766231695,7139.18213958217,10768.9423788207,2752.0877005857,15215.9245149548,21109.9388472468,27832.7637848008,42399.8444419738,6467.8203887397,18832.8258637132,6779.53709553894,1422.34078974323,1145.92064503615,12694.7146347803,2647.20938715616,10829.3757801065,30806.1738107431,9932.93816771539,16090.83483799,34761.311365655,1754.462648525,1569.82984070588,10355.8184466736,13976.3925787319,50901.7447045065,5907.99891121655,17386.0852764399,4037.23285915626,4516.14364565707,12461.6697082661,10576.2912718102,2318.62707352624,1422.1553208298
2008,1319.60736728553,6743.74819580277,8522.12984128861,63862.0848407714,18520.3040835795,10080.8128333688,44421.6404707281,40964.793352369,14072.6265772429,708.678590044511,38117.3484155223,1920.30605578009,1315.45371606898,2321.05045875432,14761.7147267543,30612.4978133559,9199.26167960717,16223.9968078839,4924.03232286497,13164.0113425742,12786.1073702401,12385.1497252572,901.851345375175,41896.4255869481,56054.8838155727,18804.0293633295,8190.11209450594,2435.27051839537,2352.79945998997,578.848721083029,5081.13158781301,10846.7376868879,1419.36709608481,5985.10681677699,11935.1577856167,24256.8832231041,6004.89386182453,28736.9745200427,26186.0453787816,40715.4341729467,2463.44491789316,8454.06265375164,44246.3986882078,10225.5288424606,11475.0024058251,9103.87168745247,9698.01663832814,32844.326112024,24429.0222103868,989.980387603017,40129.6533382812,36761.7920646086,13330.2547689156,36264.7905577883,8461.91734250787,2725.78842608382,1290.4037004352,1618.44448244572,1270.72275565182,47562.3195289018,28907.9250256727,6604.68242304308,42635.4802560587,4358.76294231582,20717.3157388307,1555.49319297435,20380.6317638976,7633.16579599593,4030.65437807006,49583.1415262939,15739.9838815813,8587.26471999696,40810.2290862093,27857.6186676969,35942.9393461282,7353.10712687864,11378.2562593997,35496.22745171,18665.7653320354,2357.23254112996,4046.72078648019,2482.00683128514,30117.7285767672,75138.1196927745,3614.47682688708,12479.1077133745,811.158033784576,25140.5988288157,9931.68418247749,7622.40893241253,2177.85735056552,20879.8024701771,56383.1908193867,20342.1982902556,6530.97807194875,4652.45725879469,1458.785339507,14808.0899633769,10674.2083593048,1460.49598003884,23674.5943056588,3585.76522166707,13550.3563815497,6982.14643001293,1031.36220648499,2895.66499160281,15957.9602249536,1017.82081007633,17865.6408788889,7618.0309766976,809.450392071507,4084.20026035943,3856.55228301069,44840.7113700654,76522.0634426551,2021.15408379838,31444.6332354074,40909.9379307961,4224.40480371735,14466.9673417838,8812.6181817338,5328.68244964514,19011.5460919055,32604.0900621038,1794.65737167766,25590.8804355362,6713.03020771669,4287.20919659314,107402.056105853,16347.3435343349,21563.4619154372,1364.74501289332,39393.4288564951,3478.88758155617,2146.79146464314,52180.1731759185,1363.48755538923,7312.65583506175,11650.228005412,2925.88578119554,16226.6969238689,22231.9881558054,28473.5957291968,42189.9639876837,6791.39216467607,18687.3909992838,6600.37871990147,1422.23120099355,1150.35785293882,12768.1290769284,2801.77617916365,12426.718788804,31434.3039014147,10294.921446404,16182.7328044146,34762.3673061918,1848.17452737512,1679.39947788346,10824.07646107,14869.9266663094,50275.7463371433,6278.27324306742,18019.090180914,4200.23523093943,4549.00898704836,13125.1433532934,10977.1467973144,2504.75698144433,1197.52606766824
2009,1557.32063657228,7087.60411258477,8859.47159720472,58860.5359332809,17328.97575242,8399.08687296095,44686.541383463,39463.6569569054,15384.2930387916,709.032596229251,36998.6492622988,1888.77577922789,1287.36782837249,2448.88687843863,14363.2584268303,31729.5663186993,9018.50624592515,16088.7250281006,5011.33827045302,13180.8909280227,12094.3239528322,11494.7565430293,898.700480180656,40312.6216510629,55171.5007076847,18184.4813776621,8734.04062380443,2508.82212576133,2370.13051001594,595.016055121906,5379.00417690191,10894.1022875402,1455.28233833545,5926.50648910424,11638.0018944272,23659.4751223026,6248.30439273606,27735.0329180202,25093.8628770043,38962.9387026632,2521.50471546992,8511.85813036361,42090.1732883123,10365.6748748019,11907.021496637,9081.37048705939,10159.0021939519,31669.6906208215,20538.0480903784,1043.53185328484,36662.6133108038,35534.927151601,13617.8961017338,34402.3579787811,8062.08378622631,2793.87094487804,1255.24185529761,1692.64234911445,1292.02929357256,47161.2847380668,27839.8975169695,6488.64623816622,41076.2343431408,4200.16053781867,19501.5885947662,1604.11272090479,19461.0703282429,7935.8442915134,4270.70779382876,47375.7345392526,16575.0711200409,9268.7091555216,37701.8510818847,27644.6974945809,34055.2255728452,7115.37307299018,11651.249751168,33590.0109446027,18750.5402835771,2404.62957991628,4075.83393999403,2433.30612513675,29967.5630702629,70072.729383949,3843.82974993866,14039.3461712922,838.45203626212,26403.7880429989,10061.6341760363,7796.64742403445,2199.39485848654,17983.3490419283,52731.3894946846,17582.1116698334,6741.46026999185,4342.52789927954,1367.68625725195,14026.9889625081,10657.8779394197,1477.41837438766,22927.6550231366,3673.43665669723,13459.4991586417,7126.80870575009,991.745235314568,2855.5746047563,16029.2638862743,1061.94946131428,17430.4445622656,7548.12893855305,775.253442693546,4416.34699161145,3771.94704872872,43178.5069457815,76625.6338761654,2085.24361411454,31233.0758303917,44244.6465509869,4288.46181926384,14515.7660210727,8836.01660756411,5338.30624330191,19718.4644386794,32648.1044323416,1768.88974979975,24902.4569203545,6376.94154252225,4426.31681516476,115283.416602271,15866.126776608,20335.5577008682,1384.25885121371,39671.5553186176,3580.18781084994,2129.33639483785,51344.4780400612,1378.35793886063,7166.15919423682,11576.5888058709,2949.88671635222,15416.6045227984,20953.0366618401,25905.5126735662,40116.3106765379,7011.09530160533,18743.9969153866,6586.51834804181,1533.17948604512,1165.88883371318,12543.3986128863,2853.88848045587,13188.4478549552,29657.4630620824,10533.2178252313,15188.4204477249,33974.4541088222,1946.84813162394,1757.38624301723,9381.2249754413,15143.996123102,48452.9335040747,6618.09760107262,17242.9448266908,4360.06172503739,4593.54271001873,14028.4195469653,10873.0463476725,2743.32192102064,1285.04658864784
2010,1627.67163410066,7520.66576967863,9222.97275207776,60112.4019297104,18979.9917029921,8330.81117545937,45400.2233987967,40288.3492939002,16153.8365683861,717.611506458785,37739.3274928982,1854.66557072809,1326.19751726465,2599.2083634666,14686.46106311,34057.7132274499,8982.45785298652,17172.4603419332,5141.7588806556,14215.6125814475,11954.3219747655,12544.7273633297,910.310378860757,41209.4261814782,57219.4983120623,18909.8472762053,9658.41859928433,2555.01628907294,2420.1328496142,637.129849905218,5738.16299309802,11191.6864065695,1432.56242087922,6033.72016394143,12031.5709094675,24573.3094849798,6578.19058371151,27630.1039230086,25922.3940505696,41109.5818188755,2543.87329499783,8768.4774130931,42932.3971449613,11276.4608119942,12587.744251356,9327.21276477354,10719.2912921624,31786.404048037,20713.4255637266,1106.38308513908,37615.1133841486,36086.7266181515,14926.6996403551,34754.472260544,8443.4360888918,2946.03934323595,1291.69622840926,1772.72685288389,1329.37240931896,42037.8974036049,26517.465079651,6526.45756959102,43170.5515342809,4305.89204178179,19511.3503059546,1556.5504333413,20036.3346536633,8386.43318624644,4525.74547680769,48623.8105155844,17751.3307950819,10274.3303048734,36272.687011482,28575.531463221,34765.9378953919,7025.93017720906,11601.0875374148,35011.4025017665,19964.5299229886,2579.53091765354,3977.64889256546,2426.686966285,31537.7729271793,68865.3096214215,4114.0102760815,15622.3671051114,854.234972865737,29157.1420833813,10058.6231678806,8319.70286162119,2313.88212836641,18663.7609461325,54086.3372966413,17140.226514887,6931.55829013224,4615.3240443619,1349.61983373752,14697.2981108457,11038.289575824,1504.99561226943,23632.6246390662,3772.99854122546,14509.7655644148,7830.06414593609,956.530484693982,2982.74880048641,16269.3201536387,1091.58764533483,18574.2996268691,7905.54089768257,810.157252880308,4904.86586262996,3916.96592569171,43812.3491681747,78476.1453149578,2152.27458744838,31586.0893267896,46182.1601222189,4354.26695082655,15169.124712276,9507.7801294655,5694.04672885807,20608.6930947394,33195.4427877743,1751.43628161136,25463.1631021506,7139.02684353373,4548.53105311676,134802.78185179,16377.3280225609,21737.3839189731,1416.39230711648,42737.6547241473,3707.30267812284,2151.32470542,58612.7310490197,1421.15205985533,7351.11455771672,11963.5550659209,3093.34521518149,16344.5231418523,21941.2121615904,26000.9206515416,42634.7544626351,7192.75195176725,20147.1781530807,6520.61227745012,1720.33434710546,1191.14492660954,13343.546749821,2975.92680864722,14397.1490969721,30235.9946901819,10721.8113442216,16528.1192728259,37385.4893579484,2068.86366158353,1831.29070046743,9601.20860859582,16415.6288317348,49266.9158622061,7002.85955287285,17105.5793278233,4571.84858405268,4812.34539486658,14250.7894532533,11318.6045492623,3032.06792913034,1401.85651907259
2011,1792,8016,9484,65307,20003,8465,46132,41446,16176,719,38130,1836,1344,2772,15112,36372,8961,17918,5331,14831,11870,13376,909,42197,58686,19705,10221,2444,2494,681,5875,11788,1479,6295,12366,25289,6928,27272,26725,43189,2590,8944,43575,11679,13204,9985,10737,31600,21997,1199,38432,36691,16403,34971,8946,3283,1347,1669,1413,43841,24349,6650,44532,4421,19813,1648,20886,8849,4768,48980,18024,11484,36740,29370,35151,7141,11615,34979,21302,2712,4142,2496,32225,77126,4401,16230,820,12893,10255,8918,2346,20243,54031,18428,7226,4892,1347,15210,11321,1500,23871,3884,15747,9484,925,3104,16483,1102,19390,8203,799,5136,4189,44591,80623,2189,32057,44454,4464,16762,10044,5851,21837,33981,1756.61080668874,25133,7377,4863,155533,17174,23130,1449,48470,3669,2123,61672,1479,7607,12463,3179,17391,22483,26004,42079,7389,21545,5979,1661,1227,13318,3111,16518,29745,10437,17919,38565,2227,1890,10333,17211,49675,7396,17746,4786,4088,14540,11838,3205,1515
2012,1945,8376.94607723474,9634.33370462354,66006.9973938294,19573.9631854518,9076.43308146957,47045.1294679427,41540.9419379778,16364.5322162617,727,38173.2339164272,1867,1387.61705538104,2914.04877948998,15314.524722925,36711.3916621356,8894.93140141553,18245.0075205127,5503.90836808894,14985.4983398531,11860,13134.4063195563,916,42476.3450506687,58750.9384333805,20690.7962302479,10946.8339714906,2648.77437549762,2536.54681699579,714.789691311185,6300.04923368205,12129.809173045,1509,6273,12800.0475243605,25211.4047786095,7138,25933.4946834009,26483.3804690022,43288.3199199093,2654,8823,43509.6123819857,11854.3658261704,13392.9447019401,10398.9478008272,10774.5299124852,30645.215366245,22784.3000102148,1291.77690111998,37715.0109909915,36625.9268983289,16682.3078992928,35243.6421425481,9497.12123319261,3467.10425874,1397,1725,1361,46255,22746.2062950648,6718.33223911709,44795.1102949275,4518,19413.8924362517,1674,20731.670063284,9272.00911977256,4982.08317492358,47360.089597748,17556.5330188044,12521.5412281834,36933.8939571062,29580.8352993748,34010.0351871531,7119.50555379656,11704.6570710159,35537.4387641568,22089.9237188043,2754.76453397186,4103.81989752539,2649.30607812111,32826.4816505138,80657.134437754,4670,16284.7630230297,853,25302.5162618618,10067,9599.04479397157,2456,21305.0029889157,53675.4598020414,19970.0304134941,7355.32597285302,4914.03795816787,1350.63804000471,15547.9945212814,11255.7010474341,1449.19594973114,24629.7773695443,4091.20181810201,15421,10493,964.582332241387,3213,17021.2462280476,1089.30642089448,20162.1778664827,8482.41525464921,849.797741264797,5216.31562104109,4376,43968.2537766979,81725.2185056822,2258,32714.7326094428,47427.583109669,4538.34565925404,18051,10605.5886969872,6155.82949334634,22169.8256016437,34395,1770.92094154285,24211.4375382567,7232.37609714551,5054,154339.816050374,17580.9323000955,24020.3111837986,1528.55195947096,49835.0474161016,2982.55927429635,2141.3882665162,62855.5234633307,1665,7726,12438.2559125303,3217,17984.6395576493,22745.2035926412,25269.2323059742,41523.1432786696,7552,22130,4443.68592877888,1742.65404890509,1263,14202.2506555619,3283.90928244405,17333.7278215815,30944.2217594101,10750.8498218162,18539.2219737781,39291.1839186158,2271.46429693781,1878.8959287812,10381.6381853513,17776.0274914004,50436.4354973145,7847.07458092857,18486.4582027052,4987.96428728723,4064.34230642927,14331,11938.2253602724,3344.86517430286,1749.85661223482
2013,2025,8463.94194708287,9748.72726226394,66825.3035052399,19821.6424799123,9395.08663600735,47260.9548315437,41301.9421470415,17146.2234833288,738,38169.8301651538,1939,1424.21319978017,3057.46982659788,15314.1547505525,37704.2118257463,9113.05502997638,18456.4106674994,5775.75143564467,15305.4140259367,11809,14355.7596920613,567,43008.8300107412,59120.0614448131,21171.061311926,11731.2945974884,2821.87622755065,2590.71006545277,756.905997487746,6140.18659900545,12633.4815400684,1619,6234,12952.7464841528,25237.0689967378,7379,24281.8117914162,26467.6284346787,43359.1365062327,2724,9145,43743.6093285817,12290.1421456646,13508.2644494376,10761.3505099264,10871.1449098746,30327.4518490542,23204.1107488606,1385.15791245598,37203.145013812,36647.2178013021,16964.4460977482,35660.5571670387,9856.67887601039,3621.60092782498,1421,1767,1378,43209,22335.2703641764,6813.4116056826,45997.888813594,4561,19402.9380243738,1722,21163.564092773,9676.14724124614,5224.14472668818,48181.2359810126,16842.8969252181,12877.2045916092,38245.4973492935,30316.6015743432,33317.2441250394,7147.53380579895,10834.4260200055,36312.3465158189,23110.0254089938,2786.13720644141,4509.75150150729,2813.67038851812,33711.6554867756,80098.638377761,4961,15145.5693582568,900,20190.0902279681,10037,9898.52336637136,2559,22285.6843207158,53973.3943515365,20581.917289478,7599.72430902503,5414.35053541537,1345.35094504452,15614.7816875798,11568.1686437751,1444.18790183162,25611.1214237404,4371.0027364623,16064,11545,1003.72869467622,3319,17555.5541658734,1112.70390400254,20819.1633193354,8788.87472272233,861.015605626731,5356.38865645687,4527,43782.9682622725,81564.2937502866,2316,33109.2612966599,48900.7566650783,4638.16185459358,18979,11173.437975921,6465.51799100967,22378.3041948035,34736,1781.30084534494,24119.9608360869,7735.56473358514,5054,155657.127766831,17691.4428945403,24389.9735879033,1552.4253481053,50021.1199773476,2973.45762246642,2127.38639494298,64821.9276146262,1965,7845,12860.4507831787,3314,18324.2704275127,22860.5252890303,24975.3624222094,41661.8065623952,7805,23036,3487.6809823836,1776.09208306419,1292,14504.183137306,3464.20694103038,17080.4622105199,31976.9535798483,10881.5104500578,19855.7176363446,40140.7305376876,2353.341573786,1895.46440555426,10405.3893144376,18553.332642626,51010.7981034705,8340.98818310055,18484.2339887434,5199.77903079473,4139.82317542453,14500,12048.068706129,3409.31384389593,1766.37892879615
2014,2022,8548.29282203195,9942.27611537283,67791.3869284411,19112.2329000231,9745.13558723059,47753.8457765661,41250.5059739566,17451.1004237186,748,38599.4240779156,2008,1443.29625892665,3216.89233410973,15550.3456469975,38364.829470911,9228.81794432688,18805.178759987,5988.27754731521,15251.8896097391,11780,14929.6774198477,561,43800.6391739772,59775.5392721926,21337.7594600898,12515.198304796,2995.15011909529,2657.40300775622,784.559309315362,6428.49606703942,12981.564966086,1647,6262,13241.9920808305,25808.5372084064,7628,24114.5861805505,27030.1897439371,44132.7562440191,2823,9507,44215.6337612243,13011.5217294368,13760.3837900798,11016.1606467006,11135.7271242619,30842.182876356,23982.8275760007,1488.93334698229,36907.9224094377,36818.5394708425,17098.1426818773,36521.861164607,10307.6030864321,3627.83826929283,1399,1743,1355,41907,22591.5969093695,6978.10584290415,46941.5844771142,4620,19403.5946624681,1749,22118.7500481996,10050.7168537237,5524.11458359642,50732.3459551996,17449.9374731015,12559.5034833289,38463.0284437091,30906.1482254502,33310.7050299991,7198.43028977491,9765.81069666581,36440.2154003201,23819.7478726059,2852.93301646244,4644.32613502304,2982.72858537496,34573.0884123438,79103.4171782548,5251,13586.2737683662,884,15154.0982457912,10035,10437.8105577612,2644,23273.1721423626,54100.0863834922,21168.5360000669,7714.63188823598,5744.25177982027,1354.1408001074,15883.876915367,11968.0662777446,1505.66772723261,27007.8909672946,4684.6431220073,16437,12283,1049.19348871797,3459,18192.1874742992,1142.98065962801,21769.0058666996,9134.85465843867,884.345768400345,5550.72697521467,4685,44245.5589170104,82311.3249778542,2421,33591.3202116652,48528.4104469355,4750.87816991938,19855,11389.862201766,6760.76282258917,23247.8180652457,34787,1791.34364009763,24442.3862471507,8047.59347316289,4939,157712.909127896,18487.2596507864,24135.035740844,1601.39379948615,50790.9904658296,3031.03738274639,2191.97663248206,66498.5557490569,2007,7935,12717.7262295958,3474,18281.4687409711,23453.0407001122,25638.6603161614,42346.83738208,7927,24250,3384.41440014388,1829.83465901925,1334,14571.9710446526,3631.87941650833,17536.7655064105,32878.2024674337,11084.7813959578,20557.4013155252,41930.8393225681,2436.45636667721,1941.19043936136,9817.45939384198,19104.3132118841,51796.6192178084,8831.60115291657,17579.2233473063,5465.48358251313,4019.39985874748,14627,12034.1492753322,3461.08998106686,1789.00477334693
2015,1928,8319.56735504803,10192.5291797694,71319.60611268,19423.6669777037,10076.351909722,48145.5309992905,41255.7166647847,17463.7573866259,694,39160.3230281366,2055,1456.93029013748,3402.32135124408,16186.4094631602,38369.6598922288,9639.47764904347,18122.86404612,6176.26705563787,14583.9819674662,11849,13980.0363703304,576,43761.527090364,60070.8653929929,21574.0177869608,13325.4317481911,3182.10768275296,2718.30543054213,806.769466475822,6079.45748940572,13237.2909988674,1696,6266,13557.9230265995,27144.9487281603,7889,25081.5029869386,28437.6029684947,44405.1667158815,2941,9319,44940.8876734883,13765.1188953152,14007.8935064565,10878.7652773244,11312.8479909515,32057.0982556419,24473.6598994807,1601.26378357407,36986.6984644378,37077.8896956108,17179.9992796007,37101.224938474,10629.59397829,3610.6459671995,1364,1786,1393,37822,22696.2022994034,7126.99252856071,47653.6964015745,4706,20025.7534646876,1742,22993.375076318,10432.3047911677,5869.84653186925,53196.5993760562,16922.8810138568,12574.5074340703,39756.5271274222,31050.4079469287,33620.7408537474,7268.23118336626,9307.24809785033,37053.1740467391,23782.5617551756,2921.34265341809,4772.7598979719,3149.87416649858,35357.5198627973,78261.1982710639,5559,12982.7211890765,865,14720.5476148738,10185,10784.1845999995,2710,23968.8471560785,54251.4480192401,22179.4202137782,7959.5277682139,5784.49167947923,1360.75450068519,16235.0043413265,12412.9406707946,1555.80456866451,28906.4811271255,4984.66883238677,17249,12398,1090.39775326332,3424,18828.0009011762,1144.32412941612,22550.3421780567,9333.58279398517,888.368496667237,5558.02566746232,4866,44912.6652330096,82983.9952350843,2455,34248.4772011029,49926.876575049,4889.9149990737,20723,11713.5701890174,7070.47578900237,24285.1415102141,35384,1762.51667533842,24983.7021465007,8188.4036187355,5003,159800.188708662,19162.1865106698,23607.9540489436,1708.34665174923,51941.5989034615,3087.5115855377,2262.31231715216,67673.9413532459,1563,8109,13013.8537952096,3545,17920.4397908633,24647.7189150012,26186.2486939555,43782.4570738971,7969,25690,3464.03768542064,1802.32120014557,1370,14960.9084338143,3784.34360788818,17857.2599091797,32480.5906366575,11063.0809263614,21519.3305057265,42438.4602039025,2505.9724287439,2026.80515341418,8959.173499131,19123.6029327346,52808.154135429,9381.3468642144,16333.0829428767,5776.46496827942,2820.61722118743,14971,12009.9104568699,3454.35270731836,1798.78718645551
2016,1931.2438124834,7819.14730305939,10547.2552096775,74292.9520428913,18819.6428869525,10113.0505064223,48675.1353283578,41545.4987022567,16770.8504902045,704.635026920074,39456.8633726728,2061.90358138439,1500.02350201851,3598.51033883852,16795.8232850053,38805.3906548486,9966.36592048597,17701.9593168985,6337.79861292775,13990.6467728271,12124.6936181215,14752.1886065497,592.923451618686,43702.0795984309,60647.6402593232,21715.7137916762,14138.9546372735,3328.97950270855,2758.02900759267,783.034144542483,5315.17014398085,13367.4456944415,1705.74027180946,6461.35061688365,13959.3418861907,27732.6257100875,7928.04988676795,26607.5554216892,29097.5043798794,45030.4682616668,3084.54245322423,9567.25138336841,46018.9834038023,14530.0999094903,14198.2727612004,10603.8058770182,11458.447735786,33002.6743470795,25196.1537732171,1722.30919630768,37924.151065413,37343.8402371787,16995.2378472392,37593.906583539,10945.465518139,3640.77902482867,1472.95301889483,1770.36448958669,1443.42402083808,33206.635897435,22679.8098204854,7186.6599930709,48385.1150246024,4803.28043081604,20915.2273189076,1748.72692737215,23568.9257427087,10849.6695811754,6326.06442337151,53686.8435115724,17738.0594595156,14173.7622454778,41682.8677687261,31822.8748026582,34120.4221768589,7381.33241824725,9149.41215916899,37384.5570542166,23731.5113952677,2975.47946717408,4925.40944747001,3312.08149190508,36255.2383631498,79289.1733374591,5859.66331823327,13073.5561555305,843.526230083184,14219.171598321,10486.9554082396,11236.1195233573,2774.59956499597,24886.8400842498,55516.0960316446,22913.0230383413,7912.22209069393,6102.69453753903,1379.36983425936,16705.0464647827,12752.5850751572,1602.78191459766,29207.2702818468,5252.8322087646,17777.4169285553,12313.5435935755,1102.81731018121,3376.7524621544,19525.3151905227,1138.73629946876,23251.9029840136,9152.54836624414,903.571548725605,5337.12944295536,5015.86432445672,45654.4688928012,83213.0125924677,2443.43248176895,34879.9380406397,51382.7360663662,5030.83531500595,21445.1247474899,12132.0351109526,7463.51818800498,25020.6203257842,35594.5219528839,1821.21208790605,25568.6948248787,8438.70944690592,5316.98831938771,160051.235409427,19825.6025546891,23610.3688230742,1774.9014560703,51959.0747121649,3139.75024205745,2335.86530126743,69211.0465967401,1622.42034698104,8289.27332502234,13518.9496981024,3629.33815743989,17987.4839657188,25087.7139863877,27004.7160998092,44131.0319723809,7993.14950571139,28588.6029786127,3380.55344383095,1648.03836357921,1412.98781157171,15411.5337959337,3978.55576993459,17484.6455086984,30158.1259186002,11064.0237155029,21937.1612967414,43262.193509298,2592.661946216,1953.09652166495,9221.60818646614,19393.9819007856,53301.0150669515,9845.35219226057,13428.7885764867,6089.62318030299,2495.4993729405,15537.3657213975,11908.1114036069,3476.85135349099,1782.83012490987
2017,1909.73301493299,7535.61241080035,10958.306302702,73973.2923428169,19150.5204834216,10894.9567384872,49001.9004397101,42216.9196973467,16647.0165931736,715.094537298609,39940.8233942861,2115.58681973505,1548.48101221467,3808.87285430631,17386.2707949023,39553.2397111363,10305.9323353051,18193.2731001726,6503.38722488086,14062.7496390642,12157.3121266801,15121.6618343104,608.285644671695,44493.651115996,60903.2212110003,21709.4271393485,15030.4474223136,3450.22001281251,2779.54823827466,785.129281216023,4977.34238027352,13380.6424137192,1764.70285891716,6676.98594729553,14372.6796137445,28926.4915601496,8075.46478242115,27872.8126931252,30531.3835746113,46065.1001106479,3197.97935681691,8877.88142950837,47022.0115296853,15053.8323976072,14149.914954508,10715.1501297381,11545.5934303108,33924.1354190987,26661.6267511985,1840.36967218337,39043.1929318156,38037.3351879726,16576.1760363508,38283.9367169894,11479.4253153417,3841.87956063897,1583.54824178829,1805.88121666396,1492.03918372833,30206.8716574579,22972.8896160208,7279.73995393735,49841.4560726087,4949.02528596173,21852.0205680614,1767.92300450607,24641.1980565353,11292.2584085245,6638.72771649265,55465.6518261059,18416.4787078331,13403.6372628459,42419.3844799599,32549.8184503554,34754.7701679821,7433.14710487027,9186.47642490901,38078.9622718879,24396.7787940787,3020.98177824961,5104.14018994814,3488.59514298576,37296.0457130962,74427.0271345162,6168.17039874989,13209.2839119369,848.295223998968,18455.9525304356,10796.2470851273,11868.2016651069,2654.4136349032,26318.0230277918,55037.1867136331,23893.8315626937,8222.67023214699,6425.86544902602,1398.01834267172,16900.1310098121,12878.0210177995,1642.51814855594,31495.4943851064,5503.63189695411,18640.1958637962,12728.355138058,1114.36842277104,3495.22297075382,20259.8873394489,1153.0430247576,24301.55892981,8882.61685099763,913.811523462254,5248.68840331656,5174.22393723062,46706.4385993937,84600.7073973956,2632.34082160169,35573.9634475061,50502.6802795039,5189.93690240922,22331.2170727293,12390.0333177246,7865.81487147214,26310.1137300086,35248.3968882207,1749.05952798693,26529.9867513719,8741.24486477908,5269.60267260282,153819.1022436,23003.6952058536,24013.9672746727,1799.47399393079,50593.2695958698,3068.75112260918,2435.96055473476,72292.0362293825,1643.3286980212,8454.19985759183,13876.6504839544,3707.3597802752,18368.7157506612,25788.7556834011,28288.8903174346,44658.4826806731,8092.3403401568,30072.2260649251,3422.17734321467,1555.71416400746,1433.79171175857,15994.506156893,4192.40172136711,18104.432935983,28618.1764787155,11194.3648219128,23278.9966595557,44618.2898444558,2683.05355607951,1998.59944386479,9477.5102140071,19656.6265554217,54152.3645189081,10182.6928160122,11363.9691782685,6437.73885041765,2314.96728159521,16128.6351129292,11867.5221674482,3489.85470880141,1843.94622981129
2018,1888.81392781004,7180.35523463413,11426.9201046629,74206.4849384389,18460.8690085816,11490.3686867219,49614.3859762769,43032.2164038714,16753.209691209,730.904597680514,40471.9145977923,2192.26100610074,1605.35882249929,4056.64651583115,17982.4232930487,39501.1759224843,10718.777861222,18809.4950008515,6679.43837385169,14197.5497185134,12029.747514768,15515.6225563021,619.187463509806,45087.8867903665,62185.4779890113,22175.6650149286,15977.0077986206,3497.89280814182,2815.31620431417,796.892439478272,4637.72602759118,13485.7025564709,1801.69111376848,6848.75694243514,14583.1440096097,29842.957803434,8262.98849329285,29089.975508621,31405.0891527104,46377.390852847,3308.11699537558,9153.23241767807,47717.4586121246,15944.7443535605,14083.7727370514,10716.9038120744,11895.3119183497,34553.6259279774,27596.4103735165,1936.8275667246,39430.9068244268,38555.4654320885,16253.8973406651,38704.6026746137,12035.7151882156,3983.12163359081,1642.10479202666,1886.05320520815,1511.86683268524,27353.8448101747,23403.6120652991,7399.19803415379,50847.7213555702,5052.20569642083,22678.0343509445,1773.1095485143,25995.509005591,11768.467550581,7046.43640845891,58083.4476951844,18154.5329004163,13724.7420709978,43321.062831854,33227.1251166187,35149.822737797,7569.06275093349,9174.50142395984,38403.6811950071,25142.7065132083,3120.43138273172,5226.48054648726,3692.42995283913,38214.325405214,75163.9807694536,6454.77786700154,13236.6916138166,842.375723561809,19504.5556423631,11060.5105365813,12051.5468242391,2582.51200929179,27631.4604326873,54625.9621585668,25039.8656785119,8385.94955729587,6760.11139533735,1407.44242589475,17055.1163959898,13238.0339169245,1673.87747031251,32292.8226226053,5803.43107038438,19617.2151099016,13419.5777012153,1122.58557079207,3567.10137045521,21040.6379969629,1172.67128479011,25175.7995683596,8805.33386430024,942.548604409886,5215.37559870875,4930.4296328494,47528.9029975917,84739.9197007047,2800.85968223826,36420.0487349719,50135.4019234338,5299.07072626749,22843.7504443346,12677.8745706712,8234.92809333248,27880.8350952392,34190.10901478,1668.54457376405,27329.6903742046,8915.66848621881,5218.15643271628,152453.805636697,24000.4559947952,24690.0822933775,1908.04894034183,50906.4833364608,2908.52898267483,2514.80717884057,74518.1522472353,1660.42701907989,8644.79046975612,14579.8590396635,3756.81400530703,18906.761390342,26790.6514742993,29461.344295008,45003.4923944541,8219.49942003793,31524.8767040136,3418.69542496187,1541.47161782377,1466.34097591411,16610.0505118626,4440.15677340269,18064.1083339636,27863.4340770027,11376.2896621898,23650.4894239522,45817.9361735674,2785.18231766408,2036.33124496627,9827.1713938812,19697.7599660763,55454.6694379417,10682.4178940575,9446.18771493432,6842.13881332731,2281.54486474153,16824.5537389236,11873.2998675638,3521.50500574481,1900.19919069741
2019,2031.73734930784,6886.95413602085,11715.3063184704,74396.1438626708,17912.6357651773,12399.2318370355,49814.6699559704,43488.6681205035,17029.906373505,738.983077949222,41155.526780402,2276.10386796335,1651.11732587712,4242.75169968392,18840.7627326942,39499.7070766894,11048.2354467179,19130.393987789,6730.80906187384,14257.8713067639,12040.2776665007,15747.3244710062,623.559823350293,45284.213482154,62448.5993632049,21924.4075792293,16879.5397015323,3703.08752863884,2832.0767416447,806.479015430905,4583.33714556619,13603.9933090762,1832.43569492134,7297.27914555011,14775.292070225,30607.3143158752,8257.78503291757,30284.7948146515,32226.5524107359,46761.9460555775,3436.95012252388,9575.09302377262,48238.6578689967,16587.2364850783,14000.2791479729,10586.9368616612,12300.2010706008,34957.4655282215,28505.604119981,2030.67753190001,39874.8021818492,39084.6554204832,16449.7143549789,39113.0117326641,12631.6636834279,4143.37727883272,1690.88372513856,1952.32605585443,1543.41760401843,25006.340783876,23869.7928493908,7565.84602291671,49631.0615893162,5099.81430239239,23590.2774566472,1719.44622285325,27272.312084521,12250.2781639634,7293.98958630237,59733.9117677939,17400.4143296287,14203.6175863782,43136.6069573725,33951.890251753,35407.2411287195,7641.08164602984,9166.06666996271,38332.9352636429,26026.0639904436,3207.26229393104,5412.7081542012,3896.79780385753,38935.9920612693,73748.43881057,6706.00634474445,12854.796577079,807.349404012926,16971.5022795175,10977.818959254,11939.5496602688,2514.22436802109,28986.052459,54751.6023313033,25858.6016838995,8540.80344389477,7078.22992553958,1434.2703140961,16802.0142766556,13751.2279962772,1706.01050603629,33220.2845696283,6140.88470107278,20448.5480958977,13871.330127962,1118.63032823277,3659.10314894174,21624.8422144801,1205.47707153797,25986.4114178941,8567.79342556282,964.324343317027,5197.08251279875,4721.72740634063,48142.6717599608,85115.3230859659,2953.56023015333,36912.0757185327,48596.5289565896,5219.53410714604,23218.4307781181,12680.353829006,8602.14553420231,29142.0242497419,35041.3281431301,1666.81437717366,28056.0561098584,8776.07592218164,5176.97955765663,150732.220338105,23267.5154591147,25244.118677579,2042.85296218397,50123.3364359394,2757.38631291996,2559.81773602248,74649.7354848292,1707.37138434813,8849.8339485884,15293.2462445532,3781.22759828506,19369.4286693932,27429.2252548125,30229.2986639432,45434.4029480744,8375.42530386101,32745.87089387,3385.41929187784,1543.80287875174,1501.86675662552,16905.2923275744,4695.54278792435,17264.1709174308,27582.5678551837,11451.8975746959,23497.503357727,47200.2528694642,2894.64727352539,2128.90859485153,10139.7612299336,19714.1489487961,56469.2636592551,11219.2428995472,7061.76153334756,7266.04839623892,2265.34302039354,17524.212183229,11739.9355084975,3466.2364125529,1753.02444855712
2020,1928.45468284413,6279.92908499299,11372.5414213064,70188.2727278283,15975.8387725535,11546.175309736,48268.9450765119,40503.0408055729,16189.5110466338,720.445974397284,38763.4425749273,2297.76973286759,1638.82788641917,4418.96425469931,18203.8329720928,36890.5029525378,10736.1683122288,19053.1570205092,6062.06482775822,13685.925743511,10487.3864032307,14162.6851908202,613.789341974361,42493.6306173863,60521.2626602176,20205.8686944782,17225.9682769427,3682.13528948849,2769.28678875043,794.271417443201,4203.11020391166,12377.1349498098,1869.94403088906,5831.99844129222,13996.3893601739,29043.4407996161,7364.10558763986,28634.4566124042,30365.3682434726,44996.4296207847,3426.6960805342,7974.30680651991,47171.0870728459,15325.6545655599,13086.2928011668,9646.06516043359,12234.5034817027,30834.5131974243,28261.5825720425,2121.8590445605,38871.7018478207,35913.8193694193,15745.7486396099,34651.1830491111,11770.7822789239,4069.25190241155,1726.50825466548,1914.19685670454,1531.30951256049,23300.2976489895,21767.2201652719,7309.36819330842,46550.2560387652,4567.88569067124,21672.4779377293,1641.76170500388,26091.4003299994,11895.0753306976,6730.54682201476,55134.8564989063,17296.2637113276,11717.3752963146,39368.3993990269,32730.9425413735,32385.3270951066,6880.48835271308,8896.38255102744,36826.6389692139,25124.4865450627,3129.5852831151,4899.0611852046,3728.19841617349,38606.9833203548,66365.9908246503,6824.14415411606,10182.6368761013,768.405446224404,11741.8644851397,8164.9064327428,11447.2493287732,2297.38302745904,28971.8442372642,53489.3317439286,25453.065151316,7849.20793121245,6560.74776968675,1300.54283641142,15253.6913131363,13125.8305280423,1638.93045029763,29703.7620040118,6282.81171320345,17355.6238743236,12990.3285632304,1076.694042528,3532.29773513121,18445.9749097331,1186.68271787337,24279.3156330182,7734.60547976822,962.782290038482,4976.32235844951,4575.1863250968,46014.4842869007,83543.0983294295,2832.86094476391,35853.6929927152,46133.2098038145,5242.69508229642,18840.7390950544,11136.9910902462,7624.41356494838,28577.1413858914,33787.3982257393,1584.377085405,25700.283841675,8603.07896866248,4490.75481028814,143118.523743067,24799.7118328902,24625.3843682691,1935.2662175116,46723.9294048797,2586.89550937335,2524.26554762123,71964.6992199707,1635.71298171314,8137.97450103832,15256.4210283038,3826.37537695738,18851.2423390417,26468.2951047398,28733.3025521436,44128.3319669478,8167.68963896655,29647.4821926868,2903.73983553172,1463.53126504038,1482.75149531333,15815.9148595292,4828.39375592514,16580.840638802,25548.5103986146,10354.2390963813,23721.8804978406,48779.4386865065,2948.47248975052,2032.26188240507,9769.82794569084,18460.0383492167,54379.2065124558,11341.9194017277,4952.52959463196,7395.36152659698,2031.44361301639,16757.9385523423,10839.1330806975,3270.59922349995,1585.97280415754
2021,1485.54700630816,6137.00384465022,12455.9165536791,72460.0406882181,17470.6824151873,12242.4774722192,50704.934853449,42184.6961214896,16971.724514572,723.19207410926,40970.8057833041,2395.16621333511,1706.96325376644,4684.00301024777,19753.9944646969,37323.1039243003,11553.7607086497,19541.914363355,6355.61521053972,14292.9350590379,10386.5261713722,15612.0777736517,606.859105151282,44379.5948708567,62595.3100393776,22324.9614330869,18666.6045694826,3853.16267699803,2791.79010028351,817.432228683087,4168.02435849684,13553.3994282833,1886.06081817543,6173.23012358778,14931.9560232048,30071.3760573973,7485.82078791566,30252.325663827,31452.5563545455,46159.0518809143,3541.57124159078,8419.47300425071,49258.7496587633,17046.6460256345,13337.2618338984,9937.6964730908,12868.2614190964,32553.0510281635,30499.1570565719,2190.67517903773,39977.8548881836,38242.1347477576,15597.7710654441,37134.3283802194,12994.7724217991,4190.57829675246,1769.86232471939,1964.49366993667,1593.81857804725,22537.5405933053,23732.201072604,7764.69611634589,50006.3479248602,5062.11872929809,25059.9466649754,1591.76001531958,28085.9622261249,12233.9685932949,7315.1213627107,57278.4234586267,18052.368971168,12355.5869490596,40412.6167447661,34969.0140630838,34827.1349694271,7193.10627375964,9019.89487021807,37678.2757984495,25936.3827604878,3292.75843679599,5035.92728981148,3796.48438877529,40277.9521182031,66418.2057341951,6961.12141822525,10573.8611313567,790.284116936443,14797.0974646119,9067.72075035536,11751.9486190918,2311.89088424953,30557.0300586146,55346.675082633,26738.6144624428,8391.29466453273,7557.38553254587,1343.44385784738,15853.3763293067,13692.0458495545,1643.01437211731,33031.1817247111,5113.33684775278,19656.5572877982,12992.1665600573,1073.56996438119,3527.42783189627,19069.048309685,1211.20925392886,24764.6496985662,7796.06158987141,941.257517436465,5029.08820703286,4978.84140892313,48001.8381500411,86334.5932512676,2902.05017222503,37837.4580660753,46573.5757638282,5463.77452761607,21539.0707663531,12550.4608899758,7894.17795244597,30687.6628625035,34095.4910100159,1577.13211047099,27138.478461995,8845.65915842836,4698.93260464745,143468.756460503,26102.5876430824,26119.9476386955,2106.97364604572,49841.1456183865,2532.70578743457,2607.23208916868,77945.485939299,1665.10477335035,9017.39142174899,16563.8287271075,3821.0011049889,19871.1017816633,27365.6226058327,31019.9430025664,46226.5446571126,8725.72467687463,30125.9538148002,2682.33982343848,1402.67317110642,1534.82364710111,16019.5187549168,5205.60584566686,17169.0600843758,25237.6641683782,10726.2562201682,26175.9304755498,51943.8822886389,3008.1130797545,2083.82818966425,10133.8847202138,19222.2958348679,57522.704625517,12076.0915768601,4896.80187880547,7507.75870737035,1972.21025392371,18491.6817735284,11273.1591124078,3321.59449582601,1687.25315401305
2022,1357.98782252128,6118.90489662941,12978.1007294332,77203.670240773,18292.3178246598,13837.5775893106,52049.427952179,43792.8563998972,17682.9401991466,717.228428707548,41872.3928492211,2477.09022784723,1704.96588493844,4925.72118554755,20592.4551948141,38651.6010481737,12142.8632010773,18699.7982366127,6481.39044234345,14640.0761225773,11545.8472770902,16351.9103610852,596.392998733351,45529.6456083503,63323.2528018089,22740.721423691,19238.1787826934,4011.71227319495,2812.21473914537,844.171977464922,4187.50699885862,14468.9638982714,1900.39825449142,7202.76719886066,15496.8205707942,30640.913369701,7648.70416432311,31523.4972315705,32247.3952416585,46647.7919166514,3623.06024417447,8879.6457843607,50689.6798872857,17713.5202994622,13506.4443893158,10124.0765622106,13205.4063983131,34123.3867095281,30067.3954097423,2289.40903790425,40701.4660026205,39065.7095824676,15720.9010581501,38406.5319487771,14360.3597327785,4242.41066928283,1809.26656683393,2010.53223469345,1625.3875971487,22707.220253155,25283.9068808416,7969.43118486926,48289.3823123452,5186.5302634501,26986.7513446859,1546.42219420341,29451.8557871879,12801.6709344686,7765.5929620733,60257.0837152077,18473.0654524946,13071.9400653723,42145.5935463207,36648.9169553897,36224.2937180058,7481.66835778115,9151.47880096496,38268.7883014908,26491.8568103925,3403.92380734096,5304.84070213543,3944.24677029696,41320.8977731091,71533.5138641709,7168.19063742672,10341.1593779737,811.214617195139,12755.2037868672,10452.1645863241,10705.4814831373,2312.9582259665,30863.321016062,55484.7781012864,27220.303606278,8400.12697093134,6674.87128770983,1367.09378322633,16235.4553927099,14050.9952204943,1651.94130906271,34496.338374993,5177.43282180404,20941.804623317,13442.9062413435,1087.83600208026,3680.36624622412,20643.0939502995,1190.05084769319,26628.7075754027,7979.32820884189,1007.72094745425,5070.49291576575,5092.84122731329,49669.8685550184,88366.2193284725,3013.51776751618,38250.1223937228,47988.6477007496,5531.72297331885,23557.0195535025,12762.9668198949,8370.66611892013,32468.402693294,35280.6664231249,1568.84698959985,28992.0582921732,8762.77147361427,4775.2020591456,149171.105701032,26197.9049502886,25437.1080222891,2198.06626384608,53516.9090370175,2405.27497133916,2660.6817250525,80320.0872024852,1690.49818660557,9218.90549881459,17097.6858725569,3751.64281866516,19354.7080711856,27519.2879373967,32673.7607894557,47126.1270671554,8522.44972818944,31055.3902628489,2494.76129464092,1393.56341558017,1586.58884753219,16421.0729937064,5507.54519983288,17234.5555712289,25773.0049989918,10913.8454890859,27361.9876594548,53142.9829609783,3057.32872518492,2122.0279296678,7749.09944522578,20181.9396629378,58487.4658608951,12559.4015495778,5267.17530464425,8050.35883066389,1959.31949801565,19352.383894078,11415.8868951899,3342.4213246285,1703.52937256919
