Population,Afghanistan,Angola,Albania,United Arab Emirates,Argentina,Armenia,Australia,Austria,Azerbaijan,Burundi,Belgium,Benin,Burkina Faso,Bangladesh,Bulgaria,Bahrain,Bosnia and Herzegovina,Belarus,Bolivia (Plurinational State of),Brazil,Barbados,Botswana,Central African Republic,Canada,Switzerland,Chile,China,Côte d'Ivoire,Cameroon,D.R. of the Congo,Congo,Colombia,Comoros,Cabo Verde,Costa Rica,Czechoslovakia,Cuba,Cyprus,Czech Republic,Germany,Djibouti,Dominica,Denmark,Dominican Republic,Algeria,Ecuador,Egypt,Spain,Estonia,Ethiopia,Finland,France,Gabon,United Kingdom,Georgia,Ghana,Guinea,Gambia,Guinea-Bissau,Equatorial Guinea,Greece,Guatemala,"China, Hong Kong SAR",Honduras,Croatia,Haiti,Hungary,Indonesia,India,Ireland,Iran (Islamic Republic of),Iraq,Iceland,Israel,Italy,Jamaica,Jordan,Japan,Kazakhstan,Kenya,Kyrgyzstan,Cambodia,Republic of Korea,Kuwait,Lao People's DR,Lebanon,Liberia,Libya,Saint Lucia,Sri Lanka,Lesotho,Lithuania,Luxembourg,Latvia,Morocco,Republic of Moldova,Madagascar,Mexico,TFYR of Macedonia,Mali,Malta,Myanmar,Montenegro,Mongolia,Mozambique,Mauritania,Mauritius,Malawi,Malaysia,Namibia,Niger,Nigeria,Nicaragua,Netherlands,Norway,Nepal,New Zealand,Oman,Pakistan,Panama,Peru,Philippines,Poland,Puerto Rico,D.P.R. of Korea,Portugal,Paraguay,State of Palestine,Qatar,Romania,Russian Federation,Rwanda,Saudi Arabia,Sudan (Former),Senegal,Singapore,Sierra Leone,El Salvador,Serbia,Sao Tome and Principe,Former USSR,Slovakia,Slovenia,Sweden,Swaziland,Seychelles,Syrian Arab Republic,Chad,Togo,Thailand,Tajikistan,Turkmenistan,Trinidad and Tobago,Tunisia,Turkey,"Taiwan, Province of China",U.R. of Tanzania: Mainland,Uganda,Ukraine,Uruguay,United States,Uzbekistan,Venezuela (Bolivarian Republic of),Viet Nam,Yemen,Former Yugoslavia,South Africa,Zambia,Zimbabwe
Region,South and South East Asia,Sub Saharan Africa,Eastern Europe,Middle East and North Africa,Latin America,Eastern Europe,Western Offshoots,Western Europe,Eastern Europe,Sub Saharan Africa,Western Europe,Sub Saharan Africa,Sub Saharan Africa,South and South East Asia,Eastern Europe,Middle East and North Africa,Eastern Europe,Eastern Europe,Latin America,Latin America,Latin America,Sub Saharan Africa,Sub Saharan Africa,Western Offshoots,Western Europe,Latin America,East Asia,Sub Saharan Africa,Sub Saharan Africa,Sub Saharan Africa,Sub Saharan Africa,Latin America,Sub Saharan Africa,Sub Saharan Africa,Latin America,Eastern Europe,Latin America,Eastern Europe,Eastern Europe,Western Europe,Sub Saharan Africa,Latin America,Western Europe,Latin America,Middle East and North Africa,Latin America,Middle East and North Africa,Western Europe,Eastern Europe,Sub Saharan Africa,Western Europe,Western Europe,Sub Saharan Africa,Western Europe,Eastern Europe,Sub Saharan Africa,Sub Saharan Africa,Sub Saharan Africa,Sub Saharan Africa,Sub Saharan Africa,Western Europe,Latin America,East Asia,Latin America,Eastern Europe,Latin America,Eastern Europe,South and South East Asia,South and South East Asia,Western Europe,Middle East and North Africa,Middle East and North Africa,Western Europe,Middle East and North Africa,Western Europe,Latin America,Middle East and North Africa,East Asia,Eastern Europe,Sub Saharan Africa,Eastern Europe,South and South East Asia,East Asia,Middle East and North Africa,South and South East Asia,Middle East and North Africa,Sub Saharan Africa,Middle East and North Africa,Latin America,South and South East Asia,Sub Saharan Africa,Eastern Europe,Western Europe,Eastern Europe,Middle East and North Africa,Eastern Europe,Sub Saharan Africa,Latin America,Eastern Europe,Sub Saharan Africa,Western Europe,South and South East Asia,Eastern Europe,South and South East Asia,Sub Saharan Africa,Sub Saharan Africa,Sub Saharan Africa,Sub Saharan Africa,South and South East Asia,Sub Saharan Africa,Sub Saharan Africa,Sub Saharan Africa,Latin America,Western Europe,Western Europe,South and South East Asia,Western Offshoots,Middle East and North Africa,South and South East Asia,Latin America,Latin America,South and South East Asia,Eastern Europe,Latin America,East Asia,Western Europe,Latin America,Middle East and North Africa,Middle East and North Africa,Eastern Europe,Eastern Europe,Sub Saharan Africa,Middle East and North Africa,Sub Saharan Africa,Sub Saharan Africa,South and South East Asia,Sub Saharan Africa,Latin America,Eastern Europe,Sub Saharan Africa,Eastern Europe,Eastern Europe,Eastern Europe,Western Europe,Sub Saharan Africa,Sub Saharan Africa,Middle East and North Africa,Sub Saharan Africa,Sub Saharan Africa,South and South East Asia,Eastern Europe,Eastern Europe,Latin America,Middle East and North Africa,Middle East and North Africa,East Asia,Sub Saharan Africa,Sub Saharan Africa,Eastern Europe,Latin America,Western Offshoots,Eastern Europe,Latin America,South and South East Asia,Middle East and North Africa,Eastern Europe,Sub Saharan Africa,Sub Saharan Africa,Sub Saharan Africa
year,AFG,AGO,ALB,ARE,ARG,ARM,AUS,AUT,AZE,BDI,BEL,BEN,BFA,BGD,BGR,BHR,BIH,BLR,BOL,BRA,BRB,BWA,CAF,CAN,CHE,CHL,CHN,CIV,CMR,COD,COG,COL,COM,CPV,CRI,CSK,CUB,CYP,CZE,DEU,DJI,DMA,DNK,DOM,DZA,ECU,EGY,ESP,EST,ETH,FIN,FRA,GAB,GBR,GEO,GHA,GIN,GMB,GNB,GNQ,GRC,GTM,HKG,HND,HRV,HTI,HUN,IDN,IND,IRL,IRN,IRQ,ISL,ISR,ITA,JAM,JOR,JPN,KAZ,KEN,KGZ,KHM,KOR,KWT,LAO,LBN,LBR,LBY,LCA,LKA,LSO,LTU,LUX,LVA,MAR,MDA,MDG,MEX,MKD,MLI,MLT,MMR,MNE,MNG,MOZ,MRT,MUS,MWI,MYS,NAM,NER,NGA,NIC,NLD,NOR,NPL,NZL,OMN,PAK,PAN,PER,PHL,POL,PRI,PRK,PRT,PRY,PSE,QAT,ROU,RUS,RWA,SAU,SDN,SEN,SGP,SLE,SLV,SRB,STP,SUN,SVK,SVN,SWE,SWZ,SYC,SYR,TCD,TGO,THA,TJK,TKM,TTO,TUN,TUR,TWN,TZA,UGA,UKR,URY,USA,UZB,VEN,VNM,YEM,YUG,ZAF,ZMB,ZWE
1,,,200,,,,360,500,,,300,,,,500,,,,,,,,,80,300,,59600,,,,,,,,,1000,,,,3000,,,180,,2000,,4500,3750,,500,20,5000,,800,,,,,,,2000,,,,,,300,2800,75000,,4000,1000,,,8000,,,3000,,,,,,,,,,400,,,,,,,1000,,,2200,,,,,,,50,,,,,,,,,200,100,,,,,,,,450,,,400,,,,800,,,,2000,,,,,,,3900,,,200,,,,,,,,,,800,8000,,,,,,680,,,,,1500,100,,
730,,,,,,,,,,,,,,,,,,,,,,,,,,,,,,,,,,,,,,,,,,,,,,,,,,,,,,,,,,,,,,,,,,,,,,,,,,,,,,,,,,,,,,,,,,,,,,,,,,,,,,,,,,,,,,,,,,,,,,,,,,,,,,,,,,,,,,,,,,,,,,,,,,,,,,,,,,,,,,,,,,,,,,,,,
1000,,,200,,,,400,700,,,400,,,,800,,,,,700,,,,160,300,,59000,,,,,,,,,1250,,,,3500,,,360,,2000,,5000,4000,,1000,40,6500,,2000,,,,,,,1000,,,,,,500,5200,75000,,4500,2000,,,5000,,,7500,,,,,,,,,,500,,,,,,,2000,,200,4500,,,,,,,300,,,,,,,,,300,200,,10,,,,3000,,1200,,,600,,,,800,,,,3000,,,,,,,7100,,,400,,,,,,,,,,1000,7000,,,,,,1300,,,,,1750,300,,
1090,,,,,,,,,,,,,,,,,,,,,,,,,,,,,,,,,,,,,,,,,,,,,,,,,,,,,,,,,,,,,,,,,,,,,,,,,,,,,,,,,,,,,,,,,,,,,,,,,,,,,,,,,,,,,,,,,,,,,,,,,,,,,,,,,,,,,,,,,,,,,,,,,,,,,,,,,,,,,,,,,,,,,,,,,
1150,,,,,,,,,,,,,,,,,,,,,,,,,,,,,,,,,,,,,,,,,,,,,,,,,,,,,,,,,,,,,,,,,,,,,,,,,,,,,,,,,,,,,,,,,,,,,,,,,,,,,,,,,,,,,,,,,,,,,,,,,,,,,,,,,,,,,,,,,,,,,,,,,,,,,,,,,,,,,,,,,,,,,,,,,
,,,,,,,,,,,,,,,,,,,,,,,,,,,,,,,,,,,,,,,,,,,,,,,,,,,,,,,,,,,,,,,,,,,,,,,,,,,,,,,,,,,,,,,,,,,,,,,,,,,,,,,,,,,,,,,,,,,,,,,,,,,,,,,,,,,,,,,,,,,,,,,,,,,,,,,,,,,,,,,,,,,,,,,,,
1252,,,,,,,,,,,,,,,,,,,,,,,,,,,,,,,,,,,,,,,,,,,,,,,,,,,,,,,,,,,,,,,,,,,,,,,,,,,,,,,,,,,,,,,,,,,,,,,,,,,,,,,,,,,,,,,,,,,,,,,,,,,,,,,,,,,,,,,,,,,,,,,,,,,,,,,,,,,,,,,,,,,,,,,,,
1253,,,,,,,,,,,,,,,,,,,,,,,,,,,,,,,,,,,,,,,,,,,,,,,,,,,,,,,,,,,,,,,,,,,,,,,,,,,,,,,,,,,,,,,,,,,,,,,,,,,,,,,,,,,,,,,,,,,,,,,,,,,,,,,,,,,,,,,,,,,,,,,,,,,,,,,,,,,,,,,,,,,,,,,,,
1254,,,,,,,,,,,,,,,,,,,,,,,,,,,,,,,,,,,,,,,,,,,,,,,,,,,,,,,,,,,,,,,,,,,,,,,,,,,,,,,,,,,,,,,,,,,,,,,,,,,,,,,,,,,,,,,,,,,,,,,,,,,,,,,,,,,,,,,,,,,,,,,,,,,,,,,,,,,,,,,,,,,,,,,,,
1255,,,,,,,,,,,,,,,,,,,,,,,,,,,,,,,,,,,,,,,,,,,,,,,,,,,,,,,,,,,,,,,,,,,,,,,,,,,,,,,,,,,,,,,,,,,,,,,,,,,,,,,,,,,,,,,,,,,,,,,,,,,,,,,,,,,,,,,,,,,,,,,,,,,,,,,,,,,,,,,,,,,,,,,,,
1256,,,,,,,,,,,,,,,,,,,,,,,,,,,,,,,,,,,,,,,,,,,,,,,,,,,,,,,,,,,,,,,,,,,,,,,,,,,,,,,,,,,,,,,,,,,,,,,,,,,,,,,,,,,,,,,,,,,,,,,,,,,,,,,,,,,,,,,,,,,,,,,,,,,,,,,,,,,,,,,,,,,,,,,,,
1257,,,,,,,,,,,,,,,,,,,,,,,,,,,,,,,,,,,,,,,,,,,,,,,,,,,,,,,,,,,,,,,,,,,,,,,,,,,,,,,,,,,,,,,,,,,,,,,,,,,,,,,,,,,,,,,,,,,,,,,,,,,,,,,,,,,,,,,,,,,,,,,,,,,,,,,,,,,,,,,,,,,,,,,,,
1258,,,,,,,,,,,,,,,,,,,,,,,,,,,,,,,,,,,,,,,,,,,,,,,,,,,,,,,,,,,,,,,,,,,,,,,,,,,,,,,,,,,,,,,,,,,,,,,,,,,,,,,,,,,,,,,,,,,,,,,,,,,,,,,,,,,,,,,,,,,,,,,,,,,,,,,,,,,,,,,,,,,,,,,,,
1259,,,,,,,,,,,,,,,,,,,,,,,,,,,,,,,,,,,,,,,,,,,,,,,,,,,,,,,,,,,,,,,,,,,,,,,,,,,,,,,,,,,,,,,,,,,,,,,,,,,,,,,,,,,,,,,,,,,,,,,,,,,,,,,,,,,,,,,,,,,,,,,,,,,,,,,,,,,,,,,,,,,,,,,,,
1260,,,,,,,,,,,,,,,,,,,,,,,,,,,,,,,,,,,,,,,,,,,,,,,,,,,,,,,,,,,,,,,,,,,,,,,,,,,,,,,,,,,,,,,,,,,,,,,,,,,,,,,,,,,,,,,,,,,,,,,,,,,,,,,,,,,,,,,,,,,,,,,,,,,,,,,,,,,,,,,,,,,,,,,,,
1261,,,,,,,,,,,,,,,,,,,,,,,,,,,,,,,,,,,,,,,,,,,,,,,,,,,,,,,,,,,,,,,,,,,,,,,,,,,,,,,,,,,,,,,,,,,,,,,,,,,,,,,,,,,,,,,,,,,,,,,,,,,,,,,,,,,,,,,,,,,,,,,,,,,,,,,,,,,,,,,,,,,,,,,,,
1262,,,,,,,,,,,,,,,,,,,,,,,,,,,,,,,,,,,,,,,,,,,,,,,,,,,,,,,,,,,,,,,,,,,,,,,,,,,,,,,,,,,,,,,,,,,,,,,,,,,,,,,,,,,,,,,,,,,,,,,,,,,,,,,,,,,,,,,,,,,,,,,,,,,,,,,,,,,,,,,,,,,,,,,,,
1263,,,,,,,,,,,,,,,,,,,,,,,,,,,,,,,,,,,,,,,,,,,,,,,,,,,,,,,,,,,,,,,,,,,,,,,,,,,,,,,,,,,,,,,,,,,,,,,,,,,,,,,,,,,,,,,,,,,,,,,,,,,,,,,,,,,,,,,,,,,,,,,,,,,,,,,,,,,,,,,,,,,,,,,,,
1264,,,,,,,,,,,,,,,,,,,,,,,,,,,,,,,,,,,,,,,,,,,,,,,,,,,,,,,,,,,,,,,,,,,,,,,,,,,,,,,,,,,,,,,,,,,,,,,,,,,,,,,,,,,,,,,,,,,,,,,,,,,,,,,,,,,,,,,,,,,,,,,,,,,,,,,,,,,,,,,,,,,,,,,,,
1265,,,,,,,,,,,,,,,,,,,,,,,,,,,,,,,,,,,,,,,,,,,,,,,,,,,,,,,,,,,,,,,,,,,,,,,,,,,,,,,,,,,,,,,,,,,,,,,,,,,,,,,,,,,,,,,,,,,,,,,,,,,,,,,,,,,,,,,,,,,,,,,,,,,,,,,,,,,,,,,,,,,,,,,,,
1266,,,,,,,,,,,,,,,,,,,,,,,,,,,,,,,,,,,,,,,,,,,,,,,,,,,,,,,,,,,,,,,,,,,,,,,,,,,,,,,,,,,,,,,,,,,,,,,,,,,,,,,,,,,,,,,,,,,,,,,,,,,,,,,,,,,,,,,,,,,,,,,,,,,,,,,,,,,,,,,,,,,,,,,,,
1267,,,,,,,,,,,,,,,,,,,,,,,,,,,,,,,,,,,,,,,,,,,,,,,,,,,,,,,,,,,,,,,,,,,,,,,,,,,,,,,,,,,,,,,,,,,,,,,,,,,,,,,,,,,,,,,,,,,,,,,,,,,,,,,,,,,,,,,,,,,,,,,,,,,,,,,,,,,,,,,,,,,,,,,,,
1268,,,,,,,,,,,,,,,,,,,,,,,,,,,,,,,,,,,,,,,,,,,,,,,,,,,,,,,,,,,,,,,,,,,,,,,,,,,,,,,,,,,,,,,,,,,,,,,,,,,,,,,,,,,,,,,,,,,,,,,,,,,,,,,,,,,,,,,,,,,,,,,,,,,,,,,,,,,,,,,,,,,,,,,,,
1269,,,,,,,,,,,,,,,,,,,,,,,,,,,,,,,,,,,,,,,,,,,,,,,,,,,,,,,,,,,,,,,,,,,,,,,,,,,,,,,,,,,,,,,,,,,,,,,,,,,,,,,,,,,,,,,,,,,,,,,,,,,,,,,,,,,,,,,,,,,,,,,,,,,,,,,,,,,,,,,,,,,,,,,,,
1270,,,,,,,,,,,,,,,,,,,,,,,,,,,,,,,,,,,,,,,,,,,,,,,,,,,,,,,,,,,,,,,,,,,,,,,,,,,,,,,,,,,,,,,,,,,,,,,,,,,,,,,,,,,,,,,,,,,,,,,,,,,,,,,,,,,,,,,,,,,,,,,,,,,,,,,,,,,,,,,,,,,,,,,,,
1271,,,,,,,,,,,,,,,,,,,,,,,,,,,,,,,,,,,,,,,,,,,,,,,,,,,,,,,,,,,,,,,,,,,,,,,,,,,,,,,,,,,,,,,,,,,,,,,,,,,,,,,,,,,,,,,,,,,,,,,,,,,,,,,,,,,,,,,,,,,,,,,,,,,,,,,,,,,,,,,,,,,,,,,,,
1272,,,,,,,,,,,,,,,,,,,,,,,,,,,,,,,,,,,,,,,,,,,,,,,,,,,,,,,,,,,,,,,,,,,,,,,,,,,,,,,,,,,,,,,,,,,,,,,,,,,,,,,,,,,,,,,,,,,,,,,,,,,,,,,,,,,,,,,,,,,,,,,,,,,,,,,,,,,,,,,,,,,,,,,,,
1273,,,,,,,,,,,,,,,,,,,,,,,,,,,,,,,,,,,,,,,,,,,,,,,,,,,,,,,,,,,,,,,,,,,,,,,,,,,,,,,,,,,,,,,,,,,,,,,,,,,,,,,,,,,,,,,,,,,,,,,,,,,,,,,,,,,,,,,,,,,,,,,,,,,,,,,,,,,,,,,,,,,,,,,,,
1274,,,,,,,,,,,,,,,,,,,,,,,,,,,,,,,,,,,,,,,,,,,,,,,,,,,,,,,,,,,,,,,,,,,,,,,,,,,,,,,,,,,,,,,,,,,,,,,,,,,,,,,,,,,,,,,,,,,,,,,,,,,,,,,,,,,,,,,,,,,,,,,,,,,,,,,,,,,,,,,,,,,,,,,,,
1275,,,,,,,,,,,,,,,,,,,,,,,,,,,,,,,,,,,,,,,,,,,,,,,,,,,,,,,,,,,,,,,,,,,,,,,,,,,,,,,,,,,,,,,,,,,,,,,,,,,,,,,,,,,,,,,,,,,,,,,,,,,,,,,,,,,,,,,,,,,,,,,,,,,,,,,,,,,,,,,,,,,,,,,,,
1276,,,,,,,,,,,,,,,,,,,,,,,,,,,,,,,,,,,,,,,,,,,,,,,,,,,,,,,,,,,,,,,,,,,,,,,,,,,,,,,,,,,,,,,,,,,,,,,,,,,,,,,,,,,,,,,,,,,,,,,,,,,,,,,,,,,,,,,,,,,,,,,,,,,,,,,,,,,,,,,,,,,,,,,,,
1277,,,,,,,,,,,,,,,,,,,,,,,,,,,,,,,,,,,,,,,,,,,,,,,,,,,,,,,,,,,,,,,,,,,,,,,,,,,,,,,,,,,,,,,,,,,,,,,,,,,,,,,,,,,,,,,,,,,,,,,,,,,,,,,,,,,,,,,,,,,,,,,,,,,,,,,,,,,,,,,,,,,,,,,,,
1278,,,,,,,,,,,,,,,,,,,,,,,,,,,,,,,,,,,,,,,,,,,,,,,,,,,,,,,,,,,,,,,,,,,,,,,,,,,,,,,,,,,,,,,,,,,,,,,,,,,,,,,,,,,,,,,,,,,,,,,,,,,,,,,,,,,,,,,,,,,,,,,,,,,,,,,,,,,,,,,,,,,,,,,,,
1279,,,,,,,,,,,,,,,,,,,,,,,,,,,,,,,,,,,,,,,,,,,,,,,,,,,,,,,,,,,,,,,,,,,,,,,,,,,,,,,,,,,,,,,,,,,,,,,,,,,,,,,,,,,,,,,,,,,,,,,,,,,,,,,,,,,,,,,,,,,,,,,,,,,,,,,,,,,,,,,,,,,,,,,,,
1280,,,,,,,,,,,,,,,,,,,,,,,,,,,,,,,,,,,,,,,,,,,,,,,,,,,,,,,,,,,,,,,,,,,,,,,,,,,,,,,,,,,,,,,,,,,,,,,,,,,,,,,,,,,,,,,,,,,,,,,,,,,,,,,,,,,,,,,,,,,,,,,,,,,,,,,,,,,,,,,,,,,,,,,,,
1281,,,,,,,,,,,,,,,,,,,,,,,,,,,,,,,,,,,,,,,,,,,,,,,,,,,,,,,,,,,,,,,,,,,,,,,,,,,,,,,,,,,,,,,,,,,,,,,,,,,,,,,,,,,,,,,,,,,,,,,,,,,,,,,,,,,,,,,,,,,,,,,,,,,,,,,,,,,,,,,,,,,,,,,,,
1282,,,,,,,,,,,,,,,,,,,,,,,,,,,,,,,,,,,,,,,,,,,,,,,,,,,,,,,,,,,,,,,,,,,,,,,,,,,,,,,,,,,,,,,,,,,,,,,,,,,,,,,,,,,,,,,,,,,,,,,,,,,,,,,,,,,,,,,,,,,,,,,,,,,,,,,,,,,,,,,,,,,,,,,,,
1283,,,,,,,,,,,,,,,,,,,,,,,,,,,,,,,,,,,,,,,,,,,,,,,,,,,,,,,,,,,,,,,,,,,,,,,,,,,,,,,,,,,,,,,,,,,,,,,,,,,,,,,,,,,,,,,,,,,,,,,,,,,,,,,,,,,,,,,,,,,,,,,,,,,,,,,,,,,,,,,,,,,,,,,,,
1284,,,,,,,,,,,,,,,,,,,,,,,,,,,,,,,,,,,,,,,,,,,,,,,,,,,,,,,,,,,,,,,,,,,,,,,,,,,,,,,,,,,,,,,,,,,,,,,,,,,,,,,,,,,,,,,,,,,,,,,,,,,,,,,,,,,,,,,,,,,,,,,,,,,,,,,,,,,,,,,,,,,,,,,,,
1285,,,,,,,,,,,,,,,,,,,,,,,,,,,,,,,,,,,,,,,,,,,,,,,,,,,,,,,,,,,,,,,,,,,,,,,,,,,,,,,,,,,,,,,,,,,,,,,,,,,,,,,,,,,,,,,,,,,,,,,,,,,,,,,,,,,,,,,,,,,,,,,,,,,,,,,,,,,,,,,,,,,,,,,,,
1286,,,,,,,,,,,,,,,,,,,,,,,,,,,,,,,,,,,,,,,,,,,,,,,,,,,,,,,,,,,,,,,,,,,,,,,,,,,,,,,,,,,,,,,,,,,,,,,,,,,,,,,,,,,,,,,,,,,,,,,,,,,,,,,,,,,,,,,,,,,,,,,,,,,,,,,,,,,,,,,,,,,,,,,,,
1287,,,,,,,,,,,,,,,,,,,,,,,,,,,,,,,,,,,,,,,,,,,,,,,,,,,,,,,,,,,,,,,,,,,,,,,,,,,,,,,,,,,,,,,,,,,,,,,,,,,,,,,,,,,,,,,,,,,,,,,,,,,,,,,,,,,,,,,,,,,,,,,,,,,,,,,,,,,,,,,,,,,,,,,,,
1288,,,,,,,,,,,,,,,,,,,,,,,,,,,,,,,,,,,,,,,,,,,,,,,,,,,,,,,,,,,,,,,,,,,,,,,,,,,,,,,,,,,,,,,,,,,,,,,,,,,,,,,,,,,,,,,,,,,,,,,,,,,,,,,,,,,,,,,,,,,,,,,,,,,,,,,,,,,,,,,,,,,,,,,,,
1289,,,,,,,,,,,,,,,,,,,,,,,,,,,,,,,,,,,,,,,,,,,,,,,,,,,,,,,,,,,,,,,,,,,,,,,,,,,,,,,,,,,,,,,,,,,,,,,,,,,,,,,,,,,,,,,,,,,,,,,,,,,,,,,,,,,,,,,,,,,,,,,,,,,,,,,,,,,,,,,,,,,,,,,,,
1290,,,,,,,,,,,,,,,,,,,,,,,,,,,,,,,,,,,,,,,,,,,,,,,,,,,,,,,,,,,,,,,,,,,,,,,,,,,,,,,,,,,,,,,,,,,,,,,,,,,,,,,,,,,,,,,,,,,,,,,,,,,,,,,,,,,,,,,,,,,,,,,,,,,,,,,,,,,,,,,,,,,,,,,,,
1291,,,,,,,,,,,,,,,,,,,,,,,,,,,,,,,,,,,,,,,,,,,,,,,,,,,,,,,,,,,,,,,,,,,,,,,,,,,,,,,,,,,,,,,,,,,,,,,,,,,,,,,,,,,,,,,,,,,,,,,,,,,,,,,,,,,,,,,,,,,,,,,,,,,,,,,,,,,,,,,,,,,,,,,,,
1292,,,,,,,,,,,,,,,,,,,,,,,,,,,,,,,,,,,,,,,,,,,,,,,,,,,,,,,,,,,,,,,,,,,,,,,,,,,,,,,,,,,,,,,,,,,,,,,,,,,,,,,,,,,,,,,,,,,,,,,,,,,,,,,,,,,,,,,,,,,,,,,,,,,,,,,,,,,,,,,,,,,,,,,,,
1293,,,,,,,,,,,,,,,,,,,,,,,,,,,,,,,,,,,,,,,,,,,,,,,,,,,,,,,,,,,,,,,,,,,,,,,,,,,,,,,,,,,,,,,,,,,,,,,,,,,,,,,,,,,,,,,,,,,,,,,,,,,,,,,,,,,,,,,,,,,,,,,,,,,,,,,,,,,,,,,,,,,,,,,,,
1294,,,,,,,,,,,,,,,,,,,,,,,,,,,,,,,,,,,,,,,,,,,,,,,,,,,,,,,,,,,,,,,,,,,,,,,,,,,,,,,,,,,,,,,,,,,,,,,,,,,,,,,,,,,,,,,,,,,,,,,,,,,,,,,,,,,,,,,,,,,,,,,,,,,,,,,,,,,,,,,,,,,,,,,,,
1295,,,,,,,,,,,,,,,,,,,,,,,,,,,,,,,,,,,,,,,,,,,,,,,,,,,,,,,,,,,,,,,,,,,,,,,,,,,,,,,,,,,,,,,,,,,,,,,,,,,,,,,,,,,,,,,,,,,,,,,,,,,,,,,,,,,,,,,,,,,,,,,,,,,,,,,,,,,,,,,,,,,,,,,,,
1296,,,,,,,,,,,,,,,,,,,,,,,,,,,,,,,,,,,,,,,,,,,,,,,,,,,,,,,,,,,,,,,,,,,,,,,,,,,,,,,,,,,,,,,,,,,,,,,,,,,,,,,,,,,,,,,,,,,,,,,,,,,,,,,,,,,,,,,,,,,,,,,,,,,,,,,,,,,,,,,,,,,,,,,,,
1297,,,,,,,,,,,,,,,,,,,,,,,,,,,,,,,,,,,,,,,,,,,,,,,,,,,,,,,,,,,,,,,,,,,,,,,,,,,,,,,,,,,,,,,,,,,,,,,,,,,,,,,,,,,,,,,,,,,,,,,,,,,,,,,,,,,,,,,,,,,,,,,,,,,,,,,,,,,,,,,,,,,,,,,,,
1298,,,,,,,,,,,,,,,,,,,,,,,,,,,,,,,,,,,,,,,,,,,,,,,,,,,,,,,,,,,,,,,,,,,,,,,,,,,,,,,,,,,,,,,,,,,,,,,,,,,,,,,,,,,,,,,,,,,,,,,,,,,,,,,,,,,,,,,,,,,,,,,,,,,,,,,,,,,,,,,,,,,,,,,,,
1299,,,,,,,,,,,,,,,,,,,,,,,,,,,,,,,,,,,,,,,,,,,,,,,,,,,,,,,,,,,,,,,,,,,,,,,,,,,,,,,,,,,,,,,,,,,,,,,,,,,,,,,,,,,,,,,,,,,,,,,,,,,,,,,,,,,,,,,,,,,,,,,,,,,,,,,,,,,,,,,,,,,,,,,,,
1300,,,,,,,,,,,,,,,,,,,,,,,,,,,,,,,,,,,,,,,,,,,,,,,,,,,,,,,,,,,,,,,,,,,,,,,,,,,,,,,,,,,,,,,,,,,,,,,,,,,,,,,,,,,,,,,,,,,,,,,,,,,,,,,,,,,,,,,,,,,,,,,,,,,,,,,,,,,,,,,,,,,,,,,,,
1301,,,,,,,,,,,,,,,,,,,,,,,,,,,,,,,,,,,,,,,,,,,,,,,,,,,,,,,,,,,,,,,,,,,,,,,,,,,,,,,,,,,,,,,,,,,,,,,,,,,,,,,,,,,,,,,,,,,,,,,,,,,,,,,,,,,,,,,,,,,,,,,,,,,,,,,,,,,,,,,,,,,,,,,,,
1302,,,,,,,,,,,,,,,,,,,,,,,,,,,,,,,,,,,,,,,,,,,,,,,,,,,,,,,,,,,,,,,,,,,,,,,,,,,,,,,,,,,,,,,,,,,,,,,,,,,,,,,,,,,,,,,,,,,,,,,,,,,,,,,,,,,,,,,,,,,,,,,,,,,,,,,,,,,,,,,,,,,,,,,,,
1303,,,,,,,,,,,,,,,,,,,,,,,,,,,,,,,,,,,,,,,,,,,,,,,,,,,,,,,,,,,,,,,,,,,,,,,,,,,,,,,,,,,,,,,,,,,,,,,,,,,,,,,,,,,,,,,,,,,,,,,,,,,,,,,,,,,,,,,,,,,,,,,,,,,,,,,,,,,,,,,,,,,,,,,,,
1304,,,,,,,,,,,,,,,,,,,,,,,,,,,,,,,,,,,,,,,,,,,,,,,,,,,,,,,,,,,,,,,,,,,,,,,,,,,,,,,,,,,,,,,,,,,,,,,,,,,,,,,,,,,,,,,,,,,,,,,,,,,,,,,,,,,,,,,,,,,,,,,,,,,,,,,,,,,,,,,,,,,,,,,,,
1305,,,,,,,,,,,,,,,,,,,,,,,,,,,,,,,,,,,,,,,,,,,,,,,,,,,,,,,,,,,,,,,,,,,,,,,,,,,,,,,,,,,,,,,,,,,,,,,,,,,,,,,,,,,,,,,,,,,,,,,,,,,,,,,,,,,,,,,,,,,,,,,,,,,,,,,,,,,,,,,,,,,,,,,,,
1306,,,,,,,,,,,,,,,,,,,,,,,,,,,,,,,,,,,,,,,,,,,,,,,,,,,,,,,,,,,,,,,,,,,,,,,,,,,,,,,,,,,,,,,,,,,,,,,,,,,,,,,,,,,,,,,,,,,,,,,,,,,,,,,,,,,,,,,,,,,,,,,,,,,,,,,,,,,,,,,,,,,,,,,,,
1307,,,,,,,,,,,,,,,,,,,,,,,,,,,,,,,,,,,,,,,,,,,,,,,,,,,,,,,,,,,,,,,,,,,,,,,,,,,,,,,,,,,,,,,,,,,,,,,,,,,,,,,,,,,,,,,,,,,,,,,,,,,,,,,,,,,,,,,,,,,,,,,,,,,,,,,,,,,,,,,,,,,,,,,,,
1308,,,,,,,,,,,,,,,,,,,,,,,,,,,,,,,,,,,,,,,,,,,,,,,,,,,,,,,,,,,,,,,,,,,,,,,,,,,,,,,,,,,,,,,,,,,,,,,,,,,,,,,,,,,,,,,,,,,,,,,,,,,,,,,,,,,,,,,,,,,,,,,,,,,,,,,,,,,,,,,,,,,,,,,,,
1309,,,,,,,,,,,,,,,,,,,,,,,,,,,,,,,,,,,,,,,,,,,,,,,,,,,,,,,,,,,,,,,,,,,,,,,,,,,,,,,,,,,,,,,,,,,,,,,,,,,,,,,,,,,,,,,,,,,,,,,,,,,,,,,,,,,,,,,,,,,,,,,,,,,,,,,,,,,,,,,,,,,,,,,,,
1310,,,,,,,,,,,,,,,,,,,,,,,,,,,,,,,,,,,,,,,,,,,,,,,,,,,,,,,,,,,,,,,,,,,,,,,,,,,,,,,,,,,,,,,,,,,,,,,,,,,,,,,,,,,,,,,,,,,,,,,,,,,,,,,,,,,,,,,,,,,,,,,,,,,,,,,,,,,,,,,,,,,,,,,,,
1311,,,,,,,,,,,,,,,,,,,,,,,,,,,,,,,,,,,,,,,,,,,,,,,,,,,,,,,,,,,,,,,,,,,,,,,,,,,,,,,,,,,,,,,,,,,,,,,,,,,,,,,,,,,,,,,,,,,,,,,,,,,,,,,,,,,,,,,,,,,,,,,,,,,,,,,,,,,,,,,,,,,,,,,,,
1312,,,,,,,,,,,,,,,,,,,,,,,,,,,,,,,,,,,,,,,,,,,,,,,,,,,,,,,,,,,,,,,,,,,,,,,,,,,,,,,,,,,,,,,,,,,,,,,,,,,,,,,,,,,,,,,,,,,,,,,,,,,,,,,,,,,,,,,,,,,,,,,,,,,,,,,,,,,,,,,,,,,,,,,,,
1313,,,,,,,,,,,,,,,,,,,,,,,,,,,,,,,,,,,,,,,,,,,,,,,,,,,,,,,,,,,,,,,,,,,,,,,,,,,,,,,,,,,,,,,,,,,,,,,,,,,,,,,,,,,,,,,,,,,,,,,,,,,,,,,,,,,,,,,,,,,,,,,,,,,,,,,,,,,,,,,,,,,,,,,,,
1314,,,,,,,,,,,,,,,,,,,,,,,,,,,,,,,,,,,,,,,,,,,,,,,,,,,,,,,,,,,,,,,,,,,,,,,,,,,,,,,,,,,,,,,,,,,,,,,,,,,,,,,,,,,,,,,,,,,,,,,,,,,,,,,,,,,,,,,,,,,,,,,,,,,,,,,,,,,,,,,,,,,,,,,,,
1315,,,,,,,,,,,,,,,,,,,,,,,,,,,,,,,,,,,,,,,,,,,,,,,,,,,,,,,,,,,,,,,,,,,,,,,,,,,,,,,,,,,,,,,,,,,,,,,,,,,,,,,,,,,,,,,,,,,,,,,,,,,,,,,,,,,,,,,,,,,,,,,,,,,,,,,,,,,,,,,,,,,,,,,,,
1316,,,,,,,,,,,,,,,,,,,,,,,,,,,,,,,,,,,,,,,,,,,,,,,,,,,,,,,,,,,,,,,,,,,,,,,,,,,,,,,,,,,,,,,,,,,,,,,,,,,,,,,,,,,,,,,,,,,,,,,,,,,,,,,,,,,,,,,,,,,,,,,,,,,,,,,,,,,,,,,,,,,,,,,,,
1317,,,,,,,,,,,,,,,,,,,,,,,,,,,,,,,,,,,,,,,,,,,,,,,,,,,,,,,,,,,,,,,,,,,,,,,,,,,,,,,,,,,,,,,,,,,,,,,,,,,,,,,,,,,,,,,,,,,,,,,,,,,,,,,,,,,,,,,,,,,,,,,,,,,,,,,,,,,,,,,,,,,,,,,,,
1318,,,,,,,,,,,,,,,,,,,,,,,,,,,,,,,,,,,,,,,,,,,,,,,,,,,,,,,,,,,,,,,,,,,,,,,,,,,,,,,,,,,,,,,,,,,,,,,,,,,,,,,,,,,,,,,,,,,,,,,,,,,,,,,,,,,,,,,,,,,,,,,,,,,,,,,,,,,,,,,,,,,,,,,,,
1319,,,,,,,,,,,,,,,,,,,,,,,,,,,,,,,,,,,,,,,,,,,,,,,,,,,,,,,,,,,,,,,,,,,,,,,,,,,,,,,,,,,,,,,,,,,,,,,,,,,,,,,,,,,,,,,,,,,,,,,,,,,,,,,,,,,,,,,,,,,,,,,,,,,,,,,,,,,,,,,,,,,,,,,,,
1320,,,,,,,,,,,,,,,,,,,,,,,,,,,,,,,,,,,,,,,,,,,,,,,,,,,,,,,,,,,,,,,,,,,,,,,,,,,,,,,,,,,,,,,,,,,,,,,,,,,,,,,,,,,,,,,,,,,,,,,,,,,,,,,,,,,,,,,,,,,,,,,,,,,,,,,,,,,,,,,,,,,,,,,,,
1321,,,,,,,,,,,,,,,,,,,,,,,,,,,,,,,,,,,,,,,,,,,,,,,,,,,,,,,,,,,,,,,,,,,,,,,,,,,,,,,,,,,,,,,,,,,,,,,,,,,,,,,,,,,,,,,,,,,,,,,,,,,,,,,,,,,,,,,,,,,,,,,,,,,,,,,,,,,,,,,,,,,,,,,,,
1322,,,,,,,,,,,,,,,,,,,,,,,,,,,,,,,,,,,,,,,,,,,,,,,,,,,,,,,,,,,,,,,,,,,,,,,,,,,,,,,,,,,,,,,,,,,,,,,,,,,,,,,,,,,,,,,,,,,,,,,,,,,,,,,,,,,,,,,,,,,,,,,,,,,,,,,,,,,,,,,,,,,,,,,,,
1323,,,,,,,,,,,,,,,,,,,,,,,,,,,,,,,,,,,,,,,,,,,,,,,,,,,,,,,,,,,,,,,,,,,,,,,,,,,,,,,,,,,,,,,,,,,,,,,,,,,,,,,,,,,,,,,,,,,,,,,,,,,,,,,,,,,,,,,,,,,,,,,,,,,,,,,,,,,,,,,,,,,,,,,,,
1324,,,,,,,,,,,,,,,,,,,,,,,,,,,,,,,,,,,,,,,,,,,,,,,,,,,,,,,,,,,,,,,,,,,,,,,,,,,,,,,,,,,,,,,,,,,,,,,,,,,,,,,,,,,,,,,,,,,,,,,,,,,,,,,,,,,,,,,,,,,,,,,,,,,,,,,,,,,,,,,,,,,,,,,,,
1325,,,,,,,,,,,,,,,,,,,,,,,,,,,,,,,,,,,,,,,,,,,,,,,,,,,,,,,,,,,,,,,,,,,,,,,,,,,,,,,,,,,,,,,,,,,,,,,,,,,,,,,,,,,,,,,,,,,,,,,,,,,,,,,,,,,,,,,,,,,,,,,,,,,,,,,,,,,,,,,,,,,,,,,,,
1326,,,,,,,,,,,,,,,,,,,,,,,,,,,,,,,,,,,,,,,,,,,,,,,,,,,,,,,,,,,,,,,,,,,,,,,,,,,,,,,,,,,,,,,,,,,,,,,,,,,,,,,,,,,,,,,,,,,,,,,,,,,,,,,,,,,,,,,,,,,,,,,,,,,,,,,,,,,,,,,,,,,,,,,,,
1327,,,,,,,,,,,,,,,,,,,,,,,,,,,,,,,,,,,,,,,,,,,,,,,,,,,,,,,,,,,,,,,,,,,,,,,,,,,,,,,,,,,,,,,,,,,,,,,,,,,,,,,,,,,,,,,,,,,,,,,,,,,,,,,,,,,,,,,,,,,,,,,,,,,,,,,,,,,,,,,,,,,,,,,,,
1328,,,,,,,,,,,,,,,,,,,,,,,,,,,,,,,,,,,,,,,,,,,,,,,,,,,,,,,,,,,,,,,,,,,,,,,,,,,,,,,,,,,,,,,,,,,,,,,,,,,,,,,,,,,,,,,,,,,,,,,,,,,,,,,,,,,,,,,,,,,,,,,,,,,,,,,,,,,,,,,,,,,,,,,,,
1329,,,,,,,,,,,,,,,,,,,,,,,,,,,,,,,,,,,,,,,,,,,,,,,,,,,,,,,,,,,,,,,,,,,,,,,,,,,,,,,,,,,,,,,,,,,,,,,,,,,,,,,,,,,,,,,,,,,,,,,,,,,,,,,,,,,,,,,,,,,,,,,,,,,,,,,,,,,,,,,,,,,,,,,,,
1330,,,,,,,,,,,,,,,,,,,,,,,,,,,,,,,,,,,,,,,,,,,,,,,,,,,,,,,,,,,,,,,,,,,,,,,,,,,,,,,,,,,,,,,,,,,,,,,,,,,,,,,,,,,,,,,,,,,,,,,,,,,,,,,,,,,,,,,,,,,,,,,,,,,,,,,,,,,,,,,,,,,,,,,,,
1331,,,,,,,,,,,,,,,,,,,,,,,,,,,,,,,,,,,,,,,,,,,,,,,,,,,,,,,,,,,,,,,,,,,,,,,,,,,,,,,,,,,,,,,,,,,,,,,,,,,,,,,,,,,,,,,,,,,,,,,,,,,,,,,,,,,,,,,,,,,,,,,,,,,,,,,,,,,,,,,,,,,,,,,,,
1332,,,,,,,,,,,,,,,,,,,,,,,,,,,,,,,,,,,,,,,,,,,,,,,,,,,,,,,,,,,,,,,,,,,,,,,,,,,,,,,,,,,,,,,,,,,,,,,,,,,,,,,,,,,,,,,,,,,,,,,,,,,,,,,,,,,,,,,,,,,,,,,,,,,,,,,,,,,,,,,,,,,,,,,,,
1333,,,,,,,,,,,,,,,,,,,,,,,,,,,,,,,,,,,,,,,,,,,,,,,,,,,,,,,,,,,,,,,,,,,,,,,,,,,,,,,,,,,,,,,,,,,,,,,,,,,,,,,,,,,,,,,,,,,,,,,,,,,,,,,,,,,,,,,,,,,,,,,,,,,,,,,,,,,,,,,,,,,,,,,,,
1334,,,,,,,,,,,,,,,,,,,,,,,,,,,,,,,,,,,,,,,,,,,,,,,,,,,,,,,,,,,,,,,,,,,,,,,,,,,,,,,,,,,,,,,,,,,,,,,,,,,,,,,,,,,,,,,,,,,,,,,,,,,,,,,,,,,,,,,,,,,,,,,,,,,,,,,,,,,,,,,,,,,,,,,,,
1335,,,,,,,,,,,,,,,,,,,,,,,,,,,,,,,,,,,,,,,,,,,,,,,,,,,,,,,,,,,,,,,,,,,,,,,,,,,,,,,,,,,,,,,,,,,,,,,,,,,,,,,,,,,,,,,,,,,,,,,,,,,,,,,,,,,,,,,,,,,,,,,,,,,,,,,,,,,,,,,,,,,,,,,,,
1336,,,,,,,,,,,,,,,,,,,,,,,,,,,,,,,,,,,,,,,,,,,,,,,,,,,,,,,,,,,,,,,,,,,,,,,,,,,,,,,,,,,,,,,,,,,,,,,,,,,,,,,,,,,,,,,,,,,,,,,,,,,,,,,,,,,,,,,,,,,,,,,,,,,,,,,,,,,,,,,,,,,,,,,,,
1337,,,,,,,,,,,,,,,,,,,,,,,,,,,,,,,,,,,,,,,,,,,,,,,,,,,,,,,,,,,,,,,,,,,,,,,,,,,,,,,,,,,,,,,,,,,,,,,,,,,,,,,,,,,,,,,,,,,,,,,,,,,,,,,,,,,,,,,,,,,,,,,,,,,,,,,,,,,,,,,,,,,,,,,,,
1338,,,,,,,,,,,,,,,,,,,,,,,,,,,,,,,,,,,,,,,,,,,,,,,,,,,,,,,,,,,,,,,,,,,,,,,,,,,,,,,,,,,,,,,,,,,,,,,,,,,,,,,,,,,,,,,,,,,,,,,,,,,,,,,,,,,,,,,,,,,,,,,,,,,,,,,,,,,,,,,,,,,,,,,,,
1339,,,,,,,,,,,,,,,,,,,,,,,,,,,,,,,,,,,,,,,,,,,,,,,,,,,,,,,,,,,,,,,,,,,,,,,,,,,,,,,,,,,,,,,,,,,,,,,,,,,,,,,,,,,,,,,,,,,,,,,,,,,,,,,,,,,,,,,,,,,,,,,,,,,,,,,,,,,,,,,,,,,,,,,,,
1340,,,,,,,,,,,,,,,,,,,,,,,,,,,,,,,,,,,,,,,,,,,,,,,,,,,,,,,,,,,,,,,,,,,,,,,,,,,,,,,,,,,,,,,,,,,,,,,,,,,,,,,,,,,,,,,,,,,,,,,,,,,,,,,,,,,,,,,,,,,,,,,,,,,,,,,,,,,,,,,,,,,,,,,,,
1341,,,,,,,,,,,,,,,,,,,,,,,,,,,,,,,,,,,,,,,,,,,,,,,,,,,,,,,,,,,,,,,,,,,,,,,,,,,,,,,,,,,,,,,,,,,,,,,,,,,,,,,,,,,,,,,,,,,,,,,,,,,,,,,,,,,,,,,,,,,,,,,,,,,,,,,,,,,,,,,,,,,,,,,,,
1342,,,,,,,,,,,,,,,,,,,,,,,,,,,,,,,,,,,,,,,,,,,,,,,,,,,,,,,,,,,,,,,,,,,,,,,,,,,,,,,,,,,,,,,,,,,,,,,,,,,,,,,,,,,,,,,,,,,,,,,,,,,,,,,,,,,,,,,,,,,,,,,,,,,,,,,,,,,,,,,,,,,,,,,,,
1343,,,,,,,,,,,,,,,,,,,,,,,,,,,,,,,,,,,,,,,,,,,,,,,,,,,,,,,,,,,,,,,,,,,,,,,,,,,,,,,,,,,,,,,,,,,,,,,,,,,,,,,,,,,,,,,,,,,,,,,,,,,,,,,,,,,,,,,,,,,,,,,,,,,,,,,,,,,,,,,,,,,,,,,,,
1344,,,,,,,,,,,,,,,,,,,,,,,,,,,,,,,,,,,,,,,,,,,,,,,,,,,,,,,,,,,,,,,,,,,,,,,,,,,,,,,,,,,,,,,,,,,,,,,,,,,,,,,,,,,,,,,,,,,,,,,,,,,,,,,,,,,,,,,,,,,,,,,,,,,,,,,,,,,,,,,,,,,,,,,,,
1345,,,,,,,,,,,,,,,,,,,,,,,,,,,,,,,,,,,,,,,,,,,,,,,,,,,,,,,,,,,,,,,,,,,,,,,,,,,,,,,,,,,,,,,,,,,,,,,,,,,,,,,,,,,,,,,,,,,,,,,,,,,,,,,,,,,,,,,,,,,,,,,,,,,,,,,,,,,,,,,,,,,,,,,,,
1346,,,,,,,,,,,,,,,,,,,,,,,,,,,,,,,,,,,,,,,,,,,,,,,,,,,,,,,,,,,,,,,,,,,,,,,,,,,,,,,,,,,,,,,,,,,,,,,,,,,,,,,,,,,,,,,,,,,,,,,,,,,,,,,,,,,,,,,,,,,,,,,,,,,,,,,,,,,,,,,,,,,,,,,,,
1347,,,,,,,,,,,,,,,,,,,,,,,,,,,,,,,,,,,,,,,,,,,,,,,,,,,,,,,,,,,,,,,,,,,,,,,,,,,,,,,,,,,,,,,,,,,,,,,,,,,,,,,,,,,,,,,,,,,,,,,,,,,,,,,,,,,,,,,,,,,,,,,,,,,,,,,,,,,,,,,,,,,,,,,,,
1348,,,,,,,,,,,,,,,,,,,,,,,,,,,,,,,,,,,,,,,,,,,,,,,,,,,,,,,,,,,,,,,,,,,,,,,,,,,,,,,,,,,,,,,,,,,,,,,,,,,,,,,,,,,,,,,,,,,,,,,,,,,,,,,,,,,,,,,,,,,,,,,,,,,,,,,,,,,,,,,,,,,,,,,,,
1349,,,,,,,,,,,,,,,,,,,,,,,,,,,,,,,,,,,,,,,,,,,,,,,,,,,,,,,,,,,,,,,,,,,,,,,,,,,,,,,,,,,,,,,,,,,,,,,,,,,,,,,,,,,,,,,,,,,,,,,,,,,,,,,,,,,,,,,,,,,,,,,,,,,,,,,,,,,,,,,,,,,,,,,,,
1350,,,,,,,,,,,,,,,,,,,,,,,,,,,,,,,,,,,,,,,,,,,,,,,,,,,,,,,,,,,,,,,,,,,,,,,,,,,,,,,,,,,,,,,,,,,,,,,,,,,,,,,,,,,,,,,,,,,,,,,,,,,,,,,,,,,,,,,,,,,,,,,,,,,,,,,,,,,,,,,,,,,,,,,,,
1351,,,,,,,,,,,,,,,,,,,,,,,,,,,,,,,,,,,,,,,,,,,,,,,,,,,,,,,,,,,,,,,,,,,,,,,,,,,,,,,,,,,,,,,,,,,,,,,,,,,,,,,,,,,,,,,,,,,,,,,,,,,,,,,,,,,,,,,,,,,,,,,,,,,,,,,,,,,,,,,,,,,,,,,,,
1352,,,,,,,,,,,,,,,,,,,,,,,,,,,,,,,,,,,,,,,,,,,,,,,,,,,,,,,,,,,,,,,,,,,,,,,,,,,,,,,,,,,,,,,,,,,,,,,,,,,,,,,,,,,,,,,,,,,,,,,,,,,,,,,,,,,,,,,,,,,,,,,,,,,,,,,,,,,,,,,,,,,,,,,,,
1353,,,,,,,,,,,,,,,,,,,,,,,,,,,,,,,,,,,,,,,,,,,,,,,,,,,,,,,,,,,,,,,,,,,,,,,,,,,,,,,,,,,,,,,,,,,,,,,,,,,,,,,,,,,,,,,,,,,,,,,,,,,,,,,,,,,,,,,,,,,,,,,,,,,,,,,,,,,,,,,,,,,,,,,,,
1354,,,,,,,,,,,,,,,,,,,,,,,,,,,,,,,,,,,,,,,,,,,,,,,,,,,,,,,,,,,,,,,,,,,,,,,,,,,,,,,,,,,,,,,,,,,,,,,,,,,,,,,,,,,,,,,,,,,,,,,,,,,,,,,,,,,,,,,,,,,,,,,,,,,,,,,,,,,,,,,,,,,,,,,,,
1355,,,,,,,,,,,,,,,,,,,,,,,,,,,,,,,,,,,,,,,,,,,,,,,,,,,,,,,,,,,,,,,,,,,,,,,,,,,,,,,,,,,,,,,,,,,,,,,,,,,,,,,,,,,,,,,,,,,,,,,,,,,,,,,,,,,,,,,,,,,,,,,,,,,,,,,,,,,,,,,,,,,,,,,,,
1356,,,,,,,,,,,,,,,,,,,,,,,,,,,,,,,,,,,,,,,,,,,,,,,,,,,,,,,,,,,,,,,,,,,,,,,,,,,,,,,,,,,,,,,,,,,,,,,,,,,,,,,,,,,,,,,,,,,,,,,,,,,,,,,,,,,,,,,,,,,,,,,,,,,,,,,,,,,,,,,,,,,,,,,,,
1357,,,,,,,,,,,,,,,,,,,,,,,,,,,,,,,,,,,,,,,,,,,,,,,,,,,,,,,,,,,,,,,,,,,,,,,,,,,,,,,,,,,,,,,,,,,,,,,,,,,,,,,,,,,,,,,,,,,,,,,,,,,,,,,,,,,,,,,,,,,,,,,,,,,,,,,,,,,,,,,,,,,,,,,,,
1358,,,,,,,,,,,,,,,,,,,,,,,,,,,,,,,,,,,,,,,,,,,,,,,,,,,,,,,,,,,,,,,,,,,,,,,,,,,,,,,,,,,,,,,,,,,,,,,,,,,,,,,,,,,,,,,,,,,,,,,,,,,,,,,,,,,,,,,,,,,,,,,,,,,,,,,,,,,,,,,,,,,,,,,,,
1359,,,,,,,,,,,,,,,,,,,,,,,,,,,,,,,,,,,,,,,,,,,,,,,,,,,,,,,,,,,,,,,,,,,,,,,,,,,,,,,,,,,,,,,,,,,,,,,,,,,,,,,,,,,,,,,,,,,,,,,,,,,,,,,,,,,,,,,,,,,,,,,,,,,,,,,,,,,,,,,,,,,,,,,,,
1360,,,,,,,,,,,,,,,,,,,,,,,,,,,,,,,,,,,,,,,,,,,,,,,,,,,,,,,,,,,,,,,,,,,,,,,,,,,,,,,,,,,,,,,,,,,,,,,,,,,,,,,,,,,,,,,,,,,,,,,,,,,,,,,,,,,,,,,,,,,,,,,,,,,,,,,,,,,,,,,,,,,,,,,,,
1361,,,,,,,,,,,,,,,,,,,,,,,,,,,,,,,,,,,,,,,,,,,,,,,,,,,,,,,,,,,,,,,,,,,,,,,,,,,,,,,,,,,,,,,,,,,,,,,,,,,,,,,,,,,,,,,,,,,,,,,,,,,,,,,,,,,,,,,,,,,,,,,,,,,,,,,,,,,,,,,,,,,,,,,,,
1362,,,,,,,,,,,,,,,,,,,,,,,,,,,,,,,,,,,,,,,,,,,,,,,,,,,,,,,,,,,,,,,,,,,,,,,,,,,,,,,,,,,,,,,,,,,,,,,,,,,,,,,,,,,,,,,,,,,,,,,,,,,,,,,,,,,,,,,,,,,,,,,,,,,,,,,,,,,,,,,,,,,,,,,,,
1363,,,,,,,,,,,,,,,,,,,,,,,,,,,,,,,,,,,,,,,,,,,,,,,,,,,,,,,,,,,,,,,,,,,,,,,,,,,,,,,,,,,,,,,,,,,,,,,,,,,,,,,,,,,,,,,,,,,,,,,,,,,,,,,,,,,,,,,,,,,,,,,,,,,,,,,,,,,,,,,,,,,,,,,,,
1364,,,,,,,,,,,,,,,,,,,,,,,,,,,,,,,,,,,,,,,,,,,,,,,,,,,,,,,,,,,,,,,,,,,,,,,,,,,,,,,,,,,,,,,,,,,,,,,,,,,,,,,,,,,,,,,,,,,,,,,,,,,,,,,,,,,,,,,,,,,,,,,,,,,,,,,,,,,,,,,,,,,,,,,,,
1365,,,,,,,,,,,,,,,,,,,,,,,,,,,,,,,,,,,,,,,,,,,,,,,,,,,,,,,,,,,,,,,,,,,,,,,,,,,,,,,,,,,,,,,,,,,,,,,,,,,,,,,,,,,,,,,,,,,,,,,,,,,,,,,,,,,,,,,,,,,,,,,,,,,,,,,,,,,,,,,,,,,,,,,,,
1366,,,,,,,,,,,,,,,,,,,,,,,,,,,,,,,,,,,,,,,,,,,,,,,,,,,,,,,,,,,,,,,,,,,,,,,,,,,,,,,,,,,,,,,,,,,,,,,,,,,,,,,,,,,,,,,,,,,,,,,,,,,,,,,,,,,,,,,,,,,,,,,,,,,,,,,,,,,,,,,,,,,,,,,,,
1367,,,,,,,,,,,,,,,,,,,,,,,,,,,,,,,,,,,,,,,,,,,,,,,,,,,,,,,,,,,,,,,,,,,,,,,,,,,,,,,,,,,,,,,,,,,,,,,,,,,,,,,,,,,,,,,,,,,,,,,,,,,,,,,,,,,,,,,,,,,,,,,,,,,,,,,,,,,,,,,,,,,,,,,,,
1368,,,,,,,,,,,,,,,,,,,,,,,,,,,,,,,,,,,,,,,,,,,,,,,,,,,,,,,,,,,,,,,,,,,,,,,,,,,,,,,,,,,,,,,,,,,,,,,,,,,,,,,,,,,,,,,,,,,,,,,,,,,,,,,,,,,,,,,,,,,,,,,,,,,,,,,,,,,,,,,,,,,,,,,,,
1369,,,,,,,,,,,,,,,,,,,,,,,,,,,,,,,,,,,,,,,,,,,,,,,,,,,,,,,,,,,,,,,,,,,,,,,,,,,,,,,,,,,,,,,,,,,,,,,,,,,,,,,,,,,,,,,,,,,,,,,,,,,,,,,,,,,,,,,,,,,,,,,,,,,,,,,,,,,,,,,,,,,,,,,,,
1370,,,,,,,,,,,,,,,,,,,,,,,,,,,,,,,,,,,,,,,,,,,,,,,,,,,,,,,,,,,,,,,,,,,,,,,,,,,,,,,,,,,,,,,,,,,,,,,,,,,,,,,,,,,,,,,,,,,,,,,,,,,,,,,,,,,,,,,,,,,,,,,,,,,,,,,,,,,,,,,,,,,,,,,,,
1371,,,,,,,,,,,,,,,,,,,,,,,,,,,,,,,,,,,,,,,,,,,,,,,,,,,,,,,,,,,,,,,,,,,,,,,,,,,,,,,,,,,,,,,,,,,,,,,,,,,,,,,,,,,,,,,,,,,,,,,,,,,,,,,,,,,,,,,,,,,,,,,,,,,,,,,,,,,,,,,,,,,,,,,,,
1372,,,,,,,,,,,,,,,,,,,,,,,,,,,,,,,,,,,,,,,,,,,,,,,,,,,,,,,,,,,,,,,,,,,,,,,,,,,,,,,,,,,,,,,,,,,,,,,,,,,,,,,,,,,,,,,,,,,,,,,,,,,,,,,,,,,,,,,,,,,,,,,,,,,,,,,,,,,,,,,,,,,,,,,,,
1373,,,,,,,,,,,,,,,,,,,,,,,,,,,,,,,,,,,,,,,,,,,,,,,,,,,,,,,,,,,,,,,,,,,,,,,,,,,,,,,,,,,,,,,,,,,,,,,,,,,,,,,,,,,,,,,,,,,,,,,,,,,,,,,,,,,,,,,,,,,,,,,,,,,,,,,,,,,,,,,,,,,,,,,,,
1374,,,,,,,,,,,,,,,,,,,,,,,,,,,,,,,,,,,,,,,,,,,,,,,,,,,,,,,,,,,,,,,,,,,,,,,,,,,,,,,,,,,,,,,,,,,,,,,,,,,,,,,,,,,,,,,,,,,,,,,,,,,,,,,,,,,,,,,,,,,,,,,,,,,,,,,,,,,,,,,,,,,,,,,,,
1375,,,,,,,,,,,,,,,,,,,,,,,,,,,,,,,,,,,,,,,,,,,,,,,,,,,,,,,,,,,,,,,,,,,,,,,,,,,,,,,,,,,,,,,,,,,,,,,,,,,,,,,,,,,,,,,,,,,,,,,,,,,,,,,,,,,,,,,,,,,,,,,,,,,,,,,,,,,,,,,,,,,,,,,,,
1376,,,,,,,,,,,,,,,,,,,,,,,,,,,,,,,,,,,,,,,,,,,,,,,,,,,,,,,,,,,,,,,,,,,,,,,,,,,,,,,,,,,,,,,,,,,,,,,,,,,,,,,,,,,,,,,,,,,,,,,,,,,,,,,,,,,,,,,,,,,,,,,,,,,,,,,,,,,,,,,,,,,,,,,,,
1377,,,,,,,,,,,,,,,,,,,,,,,,,,,,,,,,,,,,,,,,,,,,,,,,,,,,,,,,,,,,,,,,,,,,,,,,,,,,,,,,,,,,,,,,,,,,,,,,,,,,,,,,,,,,,,,,,,,,,,,,,,,,,,,,,,,,,,,,,,,,,,,,,,,,,,,,,,,,,,,,,,,,,,,,,
1378,,,,,,,,,,,,,,,,,,,,,,,,,,,,,,,,,,,,,,,,,,,,,,,,,,,,,,,,,,,,,,,,,,,,,,,,,,,,,,,,,,,,,,,,,,,,,,,,,,,,,,,,,,,,,,,,,,,,,,,,,,,,,,,,,,,,,,,,,,,,,,,,,,,,,,,,,,,,,,,,,,,,,,,,,
1379,,,,,,,,,,,,,,,,,,,,,,,,,,,,,,,,,,,,,,,,,,,,,,,,,,,,,,,,,,,,,,,,,,,,,,,,,,,,,,,,,,,,,,,,,,,,,,,,,,,,,,,,,,,,,,,,,,,,,,,,,,,,,,,,,,,,,,,,,,,,,,,,,,,,,,,,,,,,,,,,,,,,,,,,,
1380,,,,,,,,,,,,,,,,,,,,,,,,,,,,,,,,,,,,,,,,,,,,,,,,,,,,,,,,,,,,,,,,,,,,,,,,,,,,,,,,,,,,,,,,,,,,,,,,,,,,,,,,,,,,,,,,,,,,,,,,,,,,,,,,,,,,,,,,,,,,,,,,,,,,,,,,,,,,,,,,,,,,,,,,,
1381,,,,,,,,,,,,,,,,,,,,,,,,,,,,,,,,,,,,,,,,,,,,,,,,,,,,,,,,,,,,,,,,,,,,,,,,,,,,,,,,,,,,,,,,,,,,,,,,,,,,,,,,,,,,,,,,,,,,,,,,,,,,,,,,,,,,,,,,,,,,,,,,,,,,,,,,,,,,,,,,,,,,,,,,,
1382,,,,,,,,,,,,,,,,,,,,,,,,,,,,,,,,,,,,,,,,,,,,,,,,,,,,,,,,,,,,,,,,,,,,,,,,,,,,,,,,,,,,,,,,,,,,,,,,,,,,,,,,,,,,,,,,,,,,,,,,,,,,,,,,,,,,,,,,,,,,,,,,,,,,,,,,,,,,,,,,,,,,,,,,,
1383,,,,,,,,,,,,,,,,,,,,,,,,,,,,,,,,,,,,,,,,,,,,,,,,,,,,,,,,,,,,,,,,,,,,,,,,,,,,,,,,,,,,,,,,,,,,,,,,,,,,,,,,,,,,,,,,,,,,,,,,,,,,,,,,,,,,,,,,,,,,,,,,,,,,,,,,,,,,,,,,,,,,,,,,,
1384,,,,,,,,,,,,,,,,,,,,,,,,,,,,,,,,,,,,,,,,,,,,,,,,,,,,,,,,,,,,,,,,,,,,,,,,,,,,,,,,,,,,,,,,,,,,,,,,,,,,,,,,,,,,,,,,,,,,,,,,,,,,,,,,,,,,,,,,,,,,,,,,,,,,,,,,,,,,,,,,,,,,,,,,,
1385,,,,,,,,,,,,,,,,,,,,,,,,,,,,,,,,,,,,,,,,,,,,,,,,,,,,,,,,,,,,,,,,,,,,,,,,,,,,,,,,,,,,,,,,,,,,,,,,,,,,,,,,,,,,,,,,,,,,,,,,,,,,,,,,,,,,,,,,,,,,,,,,,,,,,,,,,,,,,,,,,,,,,,,,,
1386,,,,,,,,,,,,,,,,,,,,,,,,,,,,,,,,,,,,,,,,,,,,,,,,,,,,,,,,,,,,,,,,,,,,,,,,,,,,,,,,,,,,,,,,,,,,,,,,,,,,,,,,,,,,,,,,,,,,,,,,,,,,,,,,,,,,,,,,,,,,,,,,,,,,,,,,,,,,,,,,,,,,,,,,,
1387,,,,,,,,,,,,,,,,,,,,,,,,,,,,,,,,,,,,,,,,,,,,,,,,,,,,,,,,,,,,,,,,,,,,,,,,,,,,,,,,,,,,,,,,,,,,,,,,,,,,,,,,,,,,,,,,,,,,,,,,,,,,,,,,,,,,,,,,,,,,,,,,,,,,,,,,,,,,,,,,,,,,,,,,,
1388,,,,,,,,,,,,,,,,,,,,,,,,,,,,,,,,,,,,,,,,,,,,,,,,,,,,,,,,,,,,,,,,,,,,,,,,,,,,,,,,,,,,,,,,,,,,,,,,,,,,,,,,,,,,,,,,,,,,,,,,,,,,,,,,,,,,,,,,,,,,,,,,,,,,,,,,,,,,,,,,,,,,,,,,,
1389,,,,,,,,,,,,,,,,,,,,,,,,,,,,,,,,,,,,,,,,,,,,,,,,,,,,,,,,,,,,,,,,,,,,,,,,,,,,,,,,,,,,,,,,,,,,,,,,,,,,,,,,,,,,,,,,,,,,,,,,,,,,,,,,,,,,,,,,,,,,,,,,,,,,,,,,,,,,,,,,,,,,,,,,,
1390,,,,,,,,,,,,,,,,,,,,,,,,,,,,,,,,,,,,,,,,,,,,,,,,,,,,,,,,,,,,,,,,,,,,,,,,,,,,,,,,,,,,,,,,,,,,,,,,,,,,,,,,,,,,,,,,,,,,,,,,,,,,,,,,,,,,,,,,,,,,,,,,,,,,,,,,,,,,,,,,,,,,,,,,,
1391,,,,,,,,,,,,,,,,,,,,,,,,,,,,,,,,,,,,,,,,,,,,,,,,,,,,,,,,,,,,,,,,,,,,,,,,,,,,,,,,,,,,,,,,,,,,,,,,,,,,,,,,,,,,,,,,,,,,,,,,,,,,,,,,,,,,,,,,,,,,,,,,,,,,,,,,,,,,,,,,,,,,,,,,,
1392,,,,,,,,,,,,,,,,,,,,,,,,,,,,,,,,,,,,,,,,,,,,,,,,,,,,,,,,,,,,,,,,,,,,,,,,,,,,,,,,,,,,,,,,,,,,,,,,,,,,,,,,,,,,,,,,,,,,,,,,,,,,,,,,,,,,,,,,,,,,,,,,,,,,,,,,,,,,,,,,,,,,,,,,,
1393,,,,,,,,,,,,,,,,,,,,,,,,,,,,,,,,,,,,,,,,,,,,,,,,,,,,,,,,,,,,,,,,,,,,,,,,,,,,,,,,,,,,,,,,,,,,,,,,,,,,,,,,,,,,,,,,,,,,,,,,,,,,,,,,,,,,,,,,,,,,,,,,,,,,,,,,,,,,,,,,,,,,,,,,,
1394,,,,,,,,,,,,,,,,,,,,,,,,,,,,,,,,,,,,,,,,,,,,,,,,,,,,,,,,,,,,,,,,,,,,,,,,,,,,,,,,,,,,,,,,,,,,,,,,,,,,,,,,,,,,,,,,,,,,,,,,,,,,,,,,,,,,,,,,,,,,,,,,,,,,,,,,,,,,,,,,,,,,,,,,,
1395,,,,,,,,,,,,,,,,,,,,,,,,,,,,,,,,,,,,,,,,,,,,,,,,,,,,,,,,,,,,,,,,,,,,,,,,,,,,,,,,,,,,,,,,,,,,,,,,,,,,,,,,,,,,,,,,,,,,,,,,,,,,,,,,,,,,,,,,,,,,,,,,,,,,,,,,,,,,,,,,,,,,,,,,,
1396,,,,,,,,,,,,,,,,,,,,,,,,,,,,,,,,,,,,,,,,,,,,,,,,,,,,,,,,,,,,,,,,,,,,,,,,,,,,,,,,,,,,,,,,,,,,,,,,,,,,,,,,,,,,,,,,,,,,,,,,,,,,,,,,,,,,,,,,,,,,,,,,,,,,,,,,,,,,,,,,,,,,,,,,,
1397,,,,,,,,,,,,,,,,,,,,,,,,,,,,,,,,,,,,,,,,,,,,,,,,,,,,,,,,,,,,,,,,,,,,,,,,,,,,,,,,,,,,,,,,,,,,,,,,,,,,,,,,,,,,,,,,,,,,,,,,,,,,,,,,,,,,,,,,,,,,,,,,,,,,,,,,,,,,,,,,,,,,,,,,,
1398,,,,,,,,,,,,,,,,,,,,,,,,,,,,,,,,,,,,,,,,,,,,,,,,,,,,,,,,,,,,,,,,,,,,,,,,,,,,,,,,,,,,,,,,,,,,,,,,,,,,,,,,,,,,,,,,,,,,,,,,,,,,,,,,,,,,,,,,,,,,,,,,,,,,,,,,,,,,,,,,,,,,,,,,,
1399,,,,,,,,,,,,,,,,,,,,,,,,,,,,,,,,,,,,,,,,,,,,,,,,,,,,,,,,,,,,,,,,,,,,,,,,,,,,,,,,,,,,,,,,,,,,,,,,,,,,,,,,,,,,,,,,,,,,,,,,,,,,,,,,,,,,,,,,,,,,,,,,,,,,,,,,,,,,,,,,,,,,,,,,,
1400,,,,,,,,,,,,,,,,,,,,,,,,,,,,,,,,,,,,,,,,,,,,,,,,,,,,,,,,,,,,,,,,,,,,,,,,,,,,,,,,,,,,,,,,,,,,,,,,,,,,,,,,,,,,,,,,,,,,,,,,,,,,,,,,,,,,,,,,,,,,,,,,,,,,,,,,,,,,,,,,,,,,,,,,,
1401,,,,,,,,,,,,,,,,,,,,,,,,,,,,,,,,,,,,,,,,,,,,,,,,,,,,,,,,,,,,,,,,,,,,,,,,,,,,,,,,,,,,,,,,,,,,,,,,,,,,,,,,,,,,,,,,,,,,,,,,,,,,,,,,,,,,,,,,,,,,,,,,,,,,,,,,,,,,,,,,,,,,,,,,,
1402,,,,,,,,,,,,,,,,,,,,,,,,,,,,,,,,,,,,,,,,,,,,,,,,,,,,,,,,,,,,,,,,,,,,,,,,,,,,,,,,,,,,,,,,,,,,,,,,,,,,,,,,,,,,,,,,,,,,,,,,,,,,,,,,,,,,,,,,,,,,,,,,,,,,,,,,,,,,,,,,,,,,,,,,,
1403,,,,,,,,,,,,,,,,,,,,,,,,,,,,,,,,,,,,,,,,,,,,,,,,,,,,,,,,,,,,,,,,,,,,,,,,,,,,,,,,,,,,,,,,,,,,,,,,,,,,,,,,,,,,,,,,,,,,,,,,,,,,,,,,,,,,,,,,,,,,,,,,,,,,,,,,,,,,,,,,,,,,,,,,,
1404,,,,,,,,,,,,,,,,,,,,,,,,,,,,,,,,,,,,,,,,,,,,,,,,,,,,,,,,,,,,,,,,,,,,,,,,,,,,,,,,,,,,,,,,,,,,,,,,,,,,,,,,,,,,,,,,,,,,,,,,,,,,,,,,,,,,,,,,,,,,,,,,,,,,,,,,,,,,,,,,,,,,,,,,,
1405,,,,,,,,,,,,,,,,,,,,,,,,,,,,,,,,,,,,,,,,,,,,,,,,,,,,,,,,,,,,,,,,,,,,,,,,,,,,,,,,,,,,,,,,,,,,,,,,,,,,,,,,,,,,,,,,,,,,,,,,,,,,,,,,,,,,,,,,,,,,,,,,,,,,,,,,,,,,,,,,,,,,,,,,,
1406,,,,,,,,,,,,,,,,,,,,,,,,,,,,,,,,,,,,,,,,,,,,,,,,,,,,,,,,,,,,,,,,,,,,,,,,,,,,,,,,,,,,,,,,,,,,,,,,,,,,,,,,,,,,,,,,,,,,,,,,,,,,,,,,,,,,,,,,,,,,,,,,,,,,,,,,,,,,,,,,,,,,,,,,,
1407,,,,,,,,,,,,,,,,,,,,,,,,,,,,,,,,,,,,,,,,,,,,,,,,,,,,,,,,,,,,,,,,,,,,,,,,,,,,,,,,,,,,,,,,,,,,,,,,,,,,,,,,,,,,,,,,,,,,,,,,,,,,,,,,,,,,,,,,,,,,,,,,,,,,,,,,,,,,,,,,,,,,,,,,,
1408,,,,,,,,,,,,,,,,,,,,,,,,,,,,,,,,,,,,,,,,,,,,,,,,,,,,,,,,,,,,,,,,,,,,,,,,,,,,,,,,,,,,,,,,,,,,,,,,,,,,,,,,,,,,,,,,,,,,,,,,,,,,,,,,,,,,,,,,,,,,,,,,,,,,,,,,,,,,,,,,,,,,,,,,,
1409,,,,,,,,,,,,,,,,,,,,,,,,,,,,,,,,,,,,,,,,,,,,,,,,,,,,,,,,,,,,,,,,,,,,,,,,,,,,,,,,,,,,,,,,,,,,,,,,,,,,,,,,,,,,,,,,,,,,,,,,,,,,,,,,,,,,,,,,,,,,,,,,,,,,,,,,,,,,,,,,,,,,,,,,,
1410,,,,,,,,,,,,,,,,,,,,,,,,,,,,,,,,,,,,,,,,,,,,,,,,,,,,,,,,,,,,,,,,,,,,,,,,,,,,,,,,,,,,,,,,,,,,,,,,,,,,,,,,,,,,,,,,,,,,,,,,,,,,,,,,,,,,,,,,,,,,,,,,,,,,,,,,,,,,,,,,,,,,,,,,,
1411,,,,,,,,,,,,,,,,,,,,,,,,,,,,,,,,,,,,,,,,,,,,,,,,,,,,,,,,,,,,,,,,,,,,,,,,,,,,,,,,,,,,,,,,,,,,,,,,,,,,,,,,,,,,,,,,,,,,,,,,,,,,,,,,,,,,,,,,,,,,,,,,,,,,,,,,,,,,,,,,,,,,,,,,,
1412,,,,,,,,,,,,,,,,,,,,,,,,,,,,,,,,,,,,,,,,,,,,,,,,,,,,,,,,,,,,,,,,,,,,,,,,,,,,,,,,,,,,,,,,,,,,,,,,,,,,,,,,,,,,,,,,,,,,,,,,,,,,,,,,,,,,,,,,,,,,,,,,,,,,,,,,,,,,,,,,,,,,,,,,,
1413,,,,,,,,,,,,,,,,,,,,,,,,,,,,,,,,,,,,,,,,,,,,,,,,,,,,,,,,,,,,,,,,,,,,,,,,,,,,,,,,,,,,,,,,,,,,,,,,,,,,,,,,,,,,,,,,,,,,,,,,,,,,,,,,,,,,,,,,,,,,,,,,,,,,,,,,,,,,,,,,,,,,,,,,,
1414,,,,,,,,,,,,,,,,,,,,,,,,,,,,,,,,,,,,,,,,,,,,,,,,,,,,,,,,,,,,,,,,,,,,,,,,,,,,,,,,,,,,,,,,,,,,,,,,,,,,,,,,,,,,,,,,,,,,,,,,,,,,,,,,,,,,,,,,,,,,,,,,,,,,,,,,,,,,,,,,,,,,,,,,,
1415,,,,,,,,,,,,,,,,,,,,,,,,,,,,,,,,,,,,,,,,,,,,,,,,,,,,,,,,,,,,,,,,,,,,,,,,,,,,,,,,,,,,,,,,,,,,,,,,,,,,,,,,,,,,,,,,,,,,,,,,,,,,,,,,,,,,,,,,,,,,,,,,,,,,,,,,,,,,,,,,,,,,,,,,,
1416,,,,,,,,,,,,,,,,,,,,,,,,,,,,,,,,,,,,,,,,,,,,,,,,,,,,,,,,,,,,,,,,,,,,,,,,,,,,,,,,,,,,,,,,,,,,,,,,,,,,,,,,,,,,,,,,,,,,,,,,,,,,,,,,,,,,,,,,,,,,,,,,,,,,,,,,,,,,,,,,,,,,,,,,,
1417,,,,,,,,,,,,,,,,,,,,,,,,,,,,,,,,,,,,,,,,,,,,,,,,,,,,,,,,,,,,,,,,,,,,,,,,,,,,,,,,,,,,,,,,,,,,,,,,,,,,,,,,,,,,,,,,,,,,,,,,,,,,,,,,,,,,,,,,,,,,,,,,,,,,,,,,,,,,,,,,,,,,,,,,,
1418,,,,,,,,,,,,,,,,,,,,,,,,,,,,,,,,,,,,,,,,,,,,,,,,,,,,,,,,,,,,,,,,,,,,,,,,,,,,,,,,,,,,,,,,,,,,,,,,,,,,,,,,,,,,,,,,,,,,,,,,,,,,,,,,,,,,,,,,,,,,,,,,,,,,,,,,,,,,,,,,,,,,,,,,,
1419,,,,,,,,,,,,,,,,,,,,,,,,,,,,,,,,,,,,,,,,,,,,,,,,,,,,,,,,,,,,,,,,,,,,,,,,,,,,,,,,,,,,,,,,,,,,,,,,,,,,,,,,,,,,,,,,,,,,,,,,,,,,,,,,,,,,,,,,,,,,,,,,,,,,,,,,,,,,,,,,,,,,,,,,,
1420,,,,,,,,,,,,,,,,,,,,,,,,,,,,,,,,,,,,,,,,,,,,,,,,,,,,,,,,,,,,,,,,,,,,,,,,,,,,,,,,,,,,,,,,,,,,,,,,,,,,,,,,,,,,,,,,,,,,,,,,,,,,,,,,,,,,,,,,,,,,,,,,,,,,,,,,,,,,,,,,,,,,,,,,,
1421,,,,,,,,,,,,,,,,,,,,,,,,,,,,,,,,,,,,,,,,,,,,,,,,,,,,,,,,,,,,,,,,,,,,,,,,,,,,,,,,,,,,,,,,,,,,,,,,,,,,,,,,,,,,,,,,,,,,,,,,,,,,,,,,,,,,,,,,,,,,,,,,,,,,,,,,,,,,,,,,,,,,,,,,,
1422,,,,,,,,,,,,,,,,,,,,,,,,,,,,,,,,,,,,,,,,,,,,,,,,,,,,,,,,,,,,,,,,,,,,,,,,,,,,,,,,,,,,,,,,,,,,,,,,,,,,,,,,,,,,,,,,,,,,,,,,,,,,,,,,,,,,,,,,,,,,,,,,,,,,,,,,,,,,,,,,,,,,,,,,,
1423,,,,,,,,,,,,,,,,,,,,,,,,,,,,,,,,,,,,,,,,,,,,,,,,,,,,,,,,,,,,,,,,,,,,,,,,,,,,,,,,,,,,,,,,,,,,,,,,,,,,,,,,,,,,,,,,,,,,,,,,,,,,,,,,,,,,,,,,,,,,,,,,,,,,,,,,,,,,,,,,,,,,,,,,,
1424,,,,,,,,,,,,,,,,,,,,,,,,,,,,,,,,,,,,,,,,,,,,,,,,,,,,,,,,,,,,,,,,,,,,,,,,,,,,,,,,,,,,,,,,,,,,,,,,,,,,,,,,,,,,,,,,,,,,,,,,,,,,,,,,,,,,,,,,,,,,,,,,,,,,,,,,,,,,,,,,,,,,,,,,,
1425,,,,,,,,,,,,,,,,,,,,,,,,,,,,,,,,,,,,,,,,,,,,,,,,,,,,,,,,,,,,,,,,,,,,,,,,,,,,,,,,,,,,,,,,,,,,,,,,,,,,,,,,,,,,,,,,,,,,,,,,,,,,,,,,,,,,,,,,,,,,,,,,,,,,,,,,,,,,,,,,,,,,,,,,,
1426,,,,,,,,,,,,,,,,,,,,,,,,,,,,,,,,,,,,,,,,,,,,,,,,,,,,,,,,,,,,,,,,,,,,,,,,,,,,,,,,,,,,,,,,,,,,,,,,,,,,,,,,,,,,,,,,,,,,,,,,,,,,,,,,,,,,,,,,,,,,,,,,,,,,,,,,,,,,,,,,,,,,,,,,,
1427,,,,,,,,,,,,,,,,,,,,,,,,,,,,,,,,,,,,,,,,,,,,,,,,,,,,,,,,,,,,,,,,,,,,,,,,,,,,,,,,,,,,,,,,,,,,,,,,,,,,,,,,,,,,,,,,,,,,,,,,,,,,,,,,,,,,,,,,,,,,,,,,,,,,,,,,,,,,,,,,,,,,,,,,,
1428,,,,,,,,,,,,,,,,,,,,,,,,,,,,,,,,,,,,,,,,,,,,,,,,,,,,,,,,,,,,,,,,,,,,,,,,,,,,,,,,,,,,,,,,,,,,,,,,,,,,,,,,,,,,,,,,,,,,,,,,,,,,,,,,,,,,,,,,,,,,,,,,,,,,,,,,,,,,,,,,,,,,,,,,,
1429,,,,,,,,,,,,,,,,,,,,,,,,,,,,,,,,,,,,,,,,,,,,,,,,,,,,,,,,,,,,,,,,,,,,,,,,,,,,,,,,,,,,,,,,,,,,,,,,,,,,,,,,,,,,,,,,,,,,,,,,,,,,,,,,,,,,,,,,,,,,,,,,,,,,,,,,,,,,,,,,,,,,,,,,,
1430,,,,,,,,,,,,,,,,,,,,,,,,,,,,,,,,,,,,,,,,,,,,,,,,,,,,,,,,,,,,,,,,,,,,,,,,,,,,,,,,,,,,,,,,,,,,,,,,,,,,,,,,,,,,,,,,,,,,,,,,,,,,,,,,,,,,,,,,,,,,,,,,,,,,,,,,,,,,,,,,,,,,,,,,,
1431,,,,,,,,,,,,,,,,,,,,,,,,,,,,,,,,,,,,,,,,,,,,,,,,,,,,,,,,,,,,,,,,,,,,,,,,,,,,,,,,,,,,,,,,,,,,,,,,,,,,,,,,,,,,,,,,,,,,,,,,,,,,,,,,,,,,,,,,,,,,,,,,,,,,,,,,,,,,,,,,,,,,,,,,,
1432,,,,,,,,,,,,,,,,,,,,,,,,,,,,,,,,,,,,,,,,,,,,,,,,,,,,,,,,,,,,,,,,,,,,,,,,,,,,,,,,,,,,,,,,,,,,,,,,,,,,,,,,,,,,,,,,,,,,,,,,,,,,,,,,,,,,,,,,,,,,,,,,,,,,,,,,,,,,,,,,,,,,,,,,,
1433,,,,,,,,,,,,,,,,,,,,,,,,,,,,,,,,,,,,,,,,,,,,,,,,,,,,,,,,,,,,,,,,,,,,,,,,,,,,,,,,,,,,,,,,,,,,,,,,,,,,,,,,,,,,,,,,,,,,,,,,,,,,,,,,,,,,,,,,,,,,,,,,,,,,,,,,,,,,,,,,,,,,,,,,,
1434,,,,,,,,,,,,,,,,,,,,,,,,,,,,,,,,,,,,,,,,,,,,,,,,,,,,,,,,,,,,,,,,,,,,,,,,,,,,,,,,,,,,,,,,,,,,,,,,,,,,,,,,,,,,,,,,,,,,,,,,,,,,,,,,,,,,,,,,,,,,,,,,,,,,,,,,,,,,,,,,,,,,,,,,,
1435,,,,,,,,,,,,,,,,,,,,,,,,,,,,,,,,,,,,,,,,,,,,,,,,,,,,,,,,,,,,,,,,,,,,,,,,,,,,,,,,,,,,,,,,,,,,,,,,,,,,,,,,,,,,,,,,,,,,,,,,,,,,,,,,,,,,,,,,,,,,,,,,,,,,,,,,,,,,,,,,,,,,,,,,,
1436,,,,,,,,,,,,,,,,,,,,,,,,,,,,,,,,,,,,,,,,,,,,,,,,,,,,,,,,,,,,,,,,,,,,,,,,,,,,,,,,,,,,,,,,,,,,,,,,,,,,,,,,,,,,,,,,,,,,,,,,,,,,,,,,,,,,,,,,,,,,,,,,,,,,,,,,,,,,,,,,,,,,,,,,,
1437,,,,,,,,,,,,,,,,,,,,,,,,,,,,,,,,,,,,,,,,,,,,,,,,,,,,,,,,,,,,,,,,,,,,,,,,,,,,,,,,,,,,,,,,,,,,,,,,,,,,,,,,,,,,,,,,,,,,,,,,,,,,,,,,,,,,,,,,,,,,,,,,,,,,,,,,,,,,,,,,,,,,,,,,,
1438,,,,,,,,,,,,,,,,,,,,,,,,,,,,,,,,,,,,,,,,,,,,,,,,,,,,,,,,,,,,,,,,,,,,,,,,,,,,,,,,,,,,,,,,,,,,,,,,,,,,,,,,,,,,,,,,,,,,,,,,,,,,,,,,,,,,,,,,,,,,,,,,,,,,,,,,,,,,,,,,,,,,,,,,,
1439,,,,,,,,,,,,,,,,,,,,,,,,,,,,,,,,,,,,,,,,,,,,,,,,,,,,,,,,,,,,,,,,,,,,,,,,,,,,,,,,,,,,,,,,,,,,,,,,,,,,,,,,,,,,,,,,,,,,,,,,,,,,,,,,,,,,,,,,,,,,,,,,,,,,,,,,,,,,,,,,,,,,,,,,,
1440,,,,,,,,,,,,,,,,,,,,,,,,,,,,,,,,,,,,,,,,,,,,,,,,,,,,,,,,,,,,,,,,,,,,,,,,,,,,,,,,,,,,,,,,,,,,,,,,,,,,,,,,,,,,,,,,,,,,,,,,,,,,,,,,,,,,,,,,,,,,,,,,,,,,,,,,,,,,,,,,,,,,,,,,,
1441,,,,,,,,,,,,,,,,,,,,,,,,,,,,,,,,,,,,,,,,,,,,,,,,,,,,,,,,,,,,,,,,,,,,,,,,,,,,,,,,,,,,,,,,,,,,,,,,,,,,,,,,,,,,,,,,,,,,,,,,,,,,,,,,,,,,,,,,,,,,,,,,,,,,,,,,,,,,,,,,,,,,,,,,,
1442,,,,,,,,,,,,,,,,,,,,,,,,,,,,,,,,,,,,,,,,,,,,,,,,,,,,,,,,,,,,,,,,,,,,,,,,,,,,,,,,,,,,,,,,,,,,,,,,,,,,,,,,,,,,,,,,,,,,,,,,,,,,,,,,,,,,,,,,,,,,,,,,,,,,,,,,,,,,,,,,,,,,,,,,,
1443,,,,,,,,,,,,,,,,,,,,,,,,,,,,,,,,,,,,,,,,,,,,,,,,,,,,,,,,,,,,,,,,,,,,,,,,,,,,,,,,,,,,,,,,,,,,,,,,,,,,,,,,,,,,,,,,,,,,,,,,,,,,,,,,,,,,,,,,,,,,,,,,,,,,,,,,,,,,,,,,,,,,,,,,,
1444,,,,,,,,,,,,,,,,,,,,,,,,,,,,,,,,,,,,,,,,,,,,,,,,,,,,,,,,,,,,,,,,,,,,,,,,,,,,,,,,,,,,,,,,,,,,,,,,,,,,,,,,,,,,,,,,,,,,,,,,,,,,,,,,,,,,,,,,,,,,,,,,,,,,,,,,,,,,,,,,,,,,,,,,,
1445,,,,,,,,,,,,,,,,,,,,,,,,,,,,,,,,,,,,,,,,,,,,,,,,,,,,,,,,,,,,,,,,,,,,,,,,,,,,,,,,,,,,,,,,,,,,,,,,,,,,,,,,,,,,,,,,,,,,,,,,,,,,,,,,,,,,,,,,,,,,,,,,,,,,,,,,,,,,,,,,,,,,,,,,,
1446,,,,,,,,,,,,,,,,,,,,,,,,,,,,,,,,,,,,,,,,,,,,,,,,,,,,,,,,,,,,,,,,,,,,,,,,,,,,,,,,,,,,,,,,,,,,,,,,,,,,,,,,,,,,,,,,,,,,,,,,,,,,,,,,,,,,,,,,,,,,,,,,,,,,,,,,,,,,,,,,,,,,,,,,,
1447,,,,,,,,,,,,,,,,,,,,,,,,,,,,,,,,,,,,,,,,,,,,,,,,,,,,,,,,,,,,,,,,,,,,,,,,,,,,,,,,,,,,,,,,,,,,,,,,,,,,,,,,,,,,,,,,,,,,,,,,,,,,,,,,,,,,,,,,,,,,,,,,,,,,,,,,,,,,,,,,,,,,,,,,,
1448,,,,,,,,,,,,,,,,,,,,,,,,,,,,,,,,,,,,,,,,,,,,,,,,,,,,,,,,,,,,,,,,,,,,,,,,,,,,,,,,,,,,,,,,,,,,,,,,,,,,,,,,,,,,,,,,,,,,,,,,,,,,,,,,,,,,,,,,,,,,,,,,,,,,,,,,,,,,,,,,,,,,,,,,,
1449,,,,,,,,,,,,,,,,,,,,,,,,,,,,,,,,,,,,,,,,,,,,,,,,,,,,,,,,,,,,,,,,,,,,,,,,,,,,,,,,,,,,,,,,,,,,,,,,,,,,,,,,,,,,,,,,,,,,,,,,,,,,,,,,,,,,,,,,,,,,,,,,,,,,,,,,,,,,,,,,,,,,,,,,,
1450,,,,,,,,,,,,,,,,,,,,,,,,,,,,,,,,,,,,,,,,,,,,,,,,,,,,,,,,,,,,,,,,,,,,,,,,,,,,,,,,,,,,,,,,,,,,,,,,,,,,,,,,,,,,,,,,,,,,,,,,,,,,,,,,,,,,,,,,,,,,,,,,,,,,,,,,,,,,,,,,,,,,,,,,,
1451,,,,,,,,,,,,,,,,,,,,,,,,,,,,,,,,,,,,,,,,,,,,,,,,,,,,,,,,,,,,,,,,,,,,,,,,,,,,,,,,,,,,,,,,,,,,,,,,,,,,,,,,,,,,,,,,,,,,,,,,,,,,,,,,,,,,,,,,,,,,,,,,,,,,,,,,,,,,,,,,,,,,,,,,,
1452,,,,,,,,,,,,,,,,,,,,,,,,,,,,,,,,,,,,,,,,,,,,,,,,,,,,,,,,,,,,,,,,,,,,,,,,,,,,,,,,,,,,,,,,,,,,,,,,,,,,,,,,,,,,,,,,,,,,,,,,,,,,,,,,,,,,,,,,,,,,,,,,,,,,,,,,,,,,,,,,,,,,,,,,,
1453,,,,,,,,,,,,,,,,,,,,,,,,,,,,,,,,,,,,,,,,,,,,,,,,,,,,,,,,,,,,,,,,,,,,,,,,,,,,,,,,,,,,,,,,,,,,,,,,,,,,,,,,,,,,,,,,,,,,,,,,,,,,,,,,,,,,,,,,,,,,,,,,,,,,,,,,,,,,,,,,,,,,,,,,,
1454,,,,,,,,,,,,,,,,,,,,,,,,,,,,,,,,,,,,,,,,,,,,,,,,,,,,,,,,,,,,,,,,,,,,,,,,,,,,,,,,,,,,,,,,,,,,,,,,,,,,,,,,,,,,,,,,,,,,,,,,,,,,,,,,,,,,,,,,,,,,,,,,,,,,,,,,,,,,,,,,,,,,,,,,,
1455,,,,,,,,,,,,,,,,,,,,,,,,,,,,,,,,,,,,,,,,,,,,,,,,,,,,,,,,,,,,,,,,,,,,,,,,,,,,,,,,,,,,,,,,,,,,,,,,,,,,,,,,,,,,,,,,,,,,,,,,,,,,,,,,,,,,,,,,,,,,,,,,,,,,,,,,,,,,,,,,,,,,,,,,,
1456,,,,,,,,,,,,,,,,,,,,,,,,,,,,,,,,,,,,,,,,,,,,,,,,,,,,,,,,,,,,,,,,,,,,,,,,,,,,,,,,,,,,,,,,,,,,,,,,,,,,,,,,,,,,,,,,,,,,,,,,,,,,,,,,,,,,,,,,,,,,,,,,,,,,,,,,,,,,,,,,,,,,,,,,,
1457,,,,,,,,,,,,,,,,,,,,,,,,,,,,,,,,,,,,,,,,,,,,,,,,,,,,,,,,,,,,,,,,,,,,,,,,,,,,,,,,,,,,,,,,,,,,,,,,,,,,,,,,,,,,,,,,,,,,,,,,,,,,,,,,,,,,,,,,,,,,,,,,,,,,,,,,,,,,,,,,,,,,,,,,,
1458,,,,,,,,,,,,,,,,,,,,,,,,,,,,,,,,,,,,,,,,,,,,,,,,,,,,,,,,,,,,,,,,,,,,,,,,,,,,,,,,,,,,,,,,,,,,,,,,,,,,,,,,,,,,,,,,,,,,,,,,,,,,,,,,,,,,,,,,,,,,,,,,,,,,,,,,,,,,,,,,,,,,,,,,,
1459,,,,,,,,,,,,,,,,,,,,,,,,,,,,,,,,,,,,,,,,,,,,,,,,,,,,,,,,,,,,,,,,,,,,,,,,,,,,,,,,,,,,,,,,,,,,,,,,,,,,,,,,,,,,,,,,,,,,,,,,,,,,,,,,,,,,,,,,,,,,,,,,,,,,,,,,,,,,,,,,,,,,,,,,,
1460,,,,,,,,,,,,,,,,,,,,,,,,,,,,,,,,,,,,,,,,,,,,,,,,,,,,,,,,,,,,,,,,,,,,,,,,,,,,,,,,,,,,,,,,,,,,,,,,,,,,,,,,,,,,,,,,,,,,,,,,,,,,,,,,,,,,,,,,,,,,,,,,,,,,,,,,,,,,,,,,,,,,,,,,,
1461,,,,,,,,,,,,,,,,,,,,,,,,,,,,,,,,,,,,,,,,,,,,,,,,,,,,,,,,,,,,,,,,,,,,,,,,,,,,,,,,,,,,,,,,,,,,,,,,,,,,,,,,,,,,,,,,,,,,,,,,,,,,,,,,,,,,,,,,,,,,,,,,,,,,,,,,,,,,,,,,,,,,,,,,,
1462,,,,,,,,,,,,,,,,,,,,,,,,,,,,,,,,,,,,,,,,,,,,,,,,,,,,,,,,,,,,,,,,,,,,,,,,,,,,,,,,,,,,,,,,,,,,,,,,,,,,,,,,,,,,,,,,,,,,,,,,,,,,,,,,,,,,,,,,,,,,,,,,,,,,,,,,,,,,,,,,,,,,,,,,,
1463,,,,,,,,,,,,,,,,,,,,,,,,,,,,,,,,,,,,,,,,,,,,,,,,,,,,,,,,,,,,,,,,,,,,,,,,,,,,,,,,,,,,,,,,,,,,,,,,,,,,,,,,,,,,,,,,,,,,,,,,,,,,,,,,,,,,,,,,,,,,,,,,,,,,,,,,,,,,,,,,,,,,,,,,,
1464,,,,,,,,,,,,,,,,,,,,,,,,,,,,,,,,,,,,,,,,,,,,,,,,,,,,,,,,,,,,,,,,,,,,,,,,,,,,,,,,,,,,,,,,,,,,,,,,,,,,,,,,,,,,,,,,,,,,,,,,,,,,,,,,,,,,,,,,,,,,,,,,,,,,,,,,,,,,,,,,,,,,,,,,,
1465,,,,,,,,,,,,,,,,,,,,,,,,,,,,,,,,,,,,,,,,,,,,,,,,,,,,,,,,,,,,,,,,,,,,,,,,,,,,,,,,,,,,,,,,,,,,,,,,,,,,,,,,,,,,,,,,,,,,,,,,,,,,,,,,,,,,,,,,,,,,,,,,,,,,,,,,,,,,,,,,,,,,,,,,,
1466,,,,,,,,,,,,,,,,,,,,,,,,,,,,,,,,,,,,,,,,,,,,,,,,,,,,,,,,,,,,,,,,,,,,,,,,,,,,,,,,,,,,,,,,,,,,,,,,,,,,,,,,,,,,,,,,,,,,,,,,,,,,,,,,,,,,,,,,,,,,,,,,,,,,,,,,,,,,,,,,,,,,,,,,,
1467,,,,,,,,,,,,,,,,,,,,,,,,,,,,,,,,,,,,,,,,,,,,,,,,,,,,,,,,,,,,,,,,,,,,,,,,,,,,,,,,,,,,,,,,,,,,,,,,,,,,,,,,,,,,,,,,,,,,,,,,,,,,,,,,,,,,,,,,,,,,,,,,,,,,,,,,,,,,,,,,,,,,,,,,,
1468,,,,,,,,,,,,,,,,,,,,,,,,,,,,,,,,,,,,,,,,,,,,,,,,,,,,,,,,,,,,,,,,,,,,,,,,,,,,,,,,,,,,,,,,,,,,,,,,,,,,,,,,,,,,,,,,,,,,,,,,,,,,,,,,,,,,,,,,,,,,,,,,,,,,,,,,,,,,,,,,,,,,,,,,,
1469,,,,,,,,,,,,,,,,,,,,,,,,,,,,,,,,,,,,,,,,,,,,,,,,,,,,,,,,,,,,,,,,,,,,,,,,,,,,,,,,,,,,,,,,,,,,,,,,,,,,,,,,,,,,,,,,,,,,,,,,,,,,,,,,,,,,,,,,,,,,,,,,,,,,,,,,,,,,,,,,,,,,,,,,,
1470,,,,,,,,,,,,,,,,,,,,,,,,,,,,,,,,,,,,,,,,,,,,,,,,,,,,,,,,,,,,,,,,,,,,,,,,,,,,,,,,,,,,,,,,,,,,,,,,,,,,,,,,,,,,,,,,,,,,,,,,,,,,,,,,,,,,,,,,,,,,,,,,,,,,,,,,,,,,,,,,,,,,,,,,,
1471,,,,,,,,,,,,,,,,,,,,,,,,,,,,,,,,,,,,,,,,,,,,,,,,,,,,,,,,,,,,,,,,,,,,,,,,,,,,,,,,,,,,,,,,,,,,,,,,,,,,,,,,,,,,,,,,,,,,,,,,,,,,,,,,,,,,,,,,,,,,,,,,,,,,,,,,,,,,,,,,,,,,,,,,,
1472,,,,,,,,,,,,,,,,,,,,,,,,,,,,,,,,,,,,,,,,,,,,,,,,,,,,,,,,,,,,,,,,,,,,,,,,,,,,,,,,,,,,,,,,,,,,,,,,,,,,,,,,,,,,,,,,,,,,,,,,,,,,,,,,,,,,,,,,,,,,,,,,,,,,,,,,,,,,,,,,,,,,,,,,,
1473,,,,,,,,,,,,,,,,,,,,,,,,,,,,,,,,,,,,,,,,,,,,,,,,,,,,,,,,,,,,,,,,,,,,,,,,,,,,,,,,,,,,,,,,,,,,,,,,,,,,,,,,,,,,,,,,,,,,,,,,,,,,,,,,,,,,,,,,,,,,,,,,,,,,,,,,,,,,,,,,,,,,,,,,,
1474,,,,,,,,,,,,,,,,,,,,,,,,,,,,,,,,,,,,,,,,,,,,,,,,,,,,,,,,,,,,,,,,,,,,,,,,,,,,,,,,,,,,,,,,,,,,,,,,,,,,,,,,,,,,,,,,,,,,,,,,,,,,,,,,,,,,,,,,,,,,,,,,,,,,,,,,,,,,,,,,,,,,,,,,,
1475,,,,,,,,,,,,,,,,,,,,,,,,,,,,,,,,,,,,,,,,,,,,,,,,,,,,,,,,,,,,,,,,,,,,,,,,,,,,,,,,,,,,,,,,,,,,,,,,,,,,,,,,,,,,,,,,,,,,,,,,,,,,,,,,,,,,,,,,,,,,,,,,,,,,,,,,,,,,,,,,,,,,,,,,,
1476,,,,,,,,,,,,,,,,,,,,,,,,,,,,,,,,,,,,,,,,,,,,,,,,,,,,,,,,,,,,,,,,,,,,,,,,,,,,,,,,,,,,,,,,,,,,,,,,,,,,,,,,,,,,,,,,,,,,,,,,,,,,,,,,,,,,,,,,,,,,,,,,,,,,,,,,,,,,,,,,,,,,,,,,,
1477,,,,,,,,,,,,,,,,,,,,,,,,,,,,,,,,,,,,,,,,,,,,,,,,,,,,,,,,,,,,,,,,,,,,,,,,,,,,,,,,,,,,,,,,,,,,,,,,,,,,,,,,,,,,,,,,,,,,,,,,,,,,,,,,,,,,,,,,,,,,,,,,,,,,,,,,,,,,,,,,,,,,,,,,,
1478,,,,,,,,,,,,,,,,,,,,,,,,,,,,,,,,,,,,,,,,,,,,,,,,,,,,,,,,,,,,,,,,,,,,,,,,,,,,,,,,,,,,,,,,,,,,,,,,,,,,,,,,,,,,,,,,,,,,,,,,,,,,,,,,,,,,,,,,,,,,,,,,,,,,,,,,,,,,,,,,,,,,,,,,,
1479,,,,,,,,,,,,,,,,,,,,,,,,,,,,,,,,,,,,,,,,,,,,,,,,,,,,,,,,,,,,,,,,,,,,,,,,,,,,,,,,,,,,,,,,,,,,,,,,,,,,,,,,,,,,,,,,,,,,,,,,,,,,,,,,,,,,,,,,,,,,,,,,,,,,,,,,,,,,,,,,,,,,,,,,,
1480,,,,,,,,,,,,,,,,,,,,,,,,,,,,,,,,,,,,,,,,,,,,,,,,,,,,,,,,,,,,,,,,,,,,,,,,,,,,,,,,,,,,,,,,,,,,,,,,,,,,,,,,,,,,,,,,,,,,,,,,,,,,,,,,,,,,,,,,,,,,,,,,,,,,,,,,,,,,,,,,,,,,,,,,,
1481,,,,,,,,,,,,,,,,,,,,,,,,,,,,,,,,,,,,,,,,,,,,,,,,,,,,,,,,,,,,,,,,,,,,,,,,,,,,,,,,,,,,,,,,,,,,,,,,,,,,,,,,,,,,,,,,,,,,,,,,,,,,,,,,,,,,,,,,,,,,,,,,,,,,,,,,,,,,,,,,,,,,,,,,,
1482,,,,,,,,,,,,,,,,,,,,,,,,,,,,,,,,,,,,,,,,,,,,,,,,,,,,,,,,,,,,,,,,,,,,,,,,,,,,,,,,,,,,,,,,,,,,,,,,,,,,,,,,,,,,,,,,,,,,,,,,,,,,,,,,,,,,,,,,,,,,,,,,,,,,,,,,,,,,,,,,,,,,,,,,,
1483,,,,,,,,,,,,,,,,,,,,,,,,,,,,,,,,,,,,,,,,,,,,,,,,,,,,,,,,,,,,,,,,,,,,,,,,,,,,,,,,,,,,,,,,,,,,,,,,,,,,,,,,,,,,,,,,,,,,,,,,,,,,,,,,,,,,,,,,,,,,,,,,,,,,,,,,,,,,,,,,,,,,,,,,,
1484,,,,,,,,,,,,,,,,,,,,,,,,,,,,,,,,,,,,,,,,,,,,,,,,,,,,,,,,,,,,,,,,,,,,,,,,,,,,,,,,,,,,,,,,,,,,,,,,,,,,,,,,,,,,,,,,,,,,,,,,,,,,,,,,,,,,,,,,,,,,,,,,,,,,,,,,,,,,,,,,,,,,,,,,,
1485,,,,,,,,,,,,,,,,,,,,,,,,,,,,,,,,,,,,,,,,,,,,,,,,,,,,,,,,,,,,,,,,,,,,,,,,,,,,,,,,,,,,,,,,,,,,,,,,,,,,,,,,,,,,,,,,,,,,,,,,,,,,,,,,,,,,,,,,,,,,,,,,,,,,,,,,,,,,,,,,,,,,,,,,,
1486,,,,,,,,,,,,,,,,,,,,,,,,,,,,,,,,,,,,,,,,,,,,,,,,,,,,,,,,,,,,,,,,,,,,,,,,,,,,,,,,,,,,,,,,,,,,,,,,,,,,,,,,,,,,,,,,,,,,,,,,,,,,,,,,,,,,,,,,,,,,,,,,,,,,,,,,,,,,,,,,,,,,,,,,,
1487,,,,,,,,,,,,,,,,,,,,,,,,,,,,,,,,,,,,,,,,,,,,,,,,,,,,,,,,,,,,,,,,,,,,,,,,,,,,,,,,,,,,,,,,,,,,,,,,,,,,,,,,,,,,,,,,,,,,,,,,,,,,,,,,,,,,,,,,,,,,,,,,,,,,,,,,,,,,,,,,,,,,,,,,,
1488,,,,,,,,,,,,,,,,,,,,,,,,,,,,,,,,,,,,,,,,,,,,,,,,,,,,,,,,,,,,,,,,,,,,,,,,,,,,,,,,,,,,,,,,,,,,,,,,,,,,,,,,,,,,,,,,,,,,,,,,,,,,,,,,,,,,,,,,,,,,,,,,,,,,,,,,,,,,,,,,,,,,,,,,,
1489,,,,,,,,,,,,,,,,,,,,,,,,,,,,,,,,,,,,,,,,,,,,,,,,,,,,,,,,,,,,,,,,,,,,,,,,,,,,,,,,,,,,,,,,,,,,,,,,,,,,,,,,,,,,,,,,,,,,,,,,,,,,,,,,,,,,,,,,,,,,,,,,,,,,,,,,,,,,,,,,,,,,,,,,,
1490,,,,,,,,,,,,,,,,,,,,,,,,,,,,,,,,,,,,,,,,,,,,,,,,,,,,,,,,,,,,,,,,,,,,,,,,,,,,,,,,,,,,,,,,,,,,,,,,,,,,,,,,,,,,,,,,,,,,,,,,,,,,,,,,,,,,,,,,,,,,,,,,,,,,,,,,,,,,,,,,,,,,,,,,,
1491,,,,,,,,,,,,,,,,,,,,,,,,,,,,,,,,,,,,,,,,,,,,,,,,,,,,,,,,,,,,,,,,,,,,,,,,,,,,,,,,,,,,,,,,,,,,,,,,,,,,,,,,,,,,,,,,,,,,,,,,,,,,,,,,,,,,,,,,,,,,,,,,,,,,,,,,,,,,,,,,,,,,,,,,,
1492,,,,,,,,,,,,,,,,,,,,,,,,,,,,,,,,,,,,,,,,,,,,,,,,,,,,,,,,,,,,,,,,,,,,,,,,,,,,,,,,,,,,,,,,,,,,,,,,,,,,,,,,,,,,,,,,,,,,,,,,,,,,,,,,,,,,,,,,,,,,,,,,,,,,,,,,,,,,,,,,,,,,,,,,,
1493,,,,,,,,,,,,,,,,,,,,,,,,,,,,,,,,,,,,,,,,,,,,,,,,,,,,,,,,,,,,,,,,,,,,,,,,,,,,,,,,,,,,,,,,,,,,,,,,,,,,,,,,,,,,,,,,,,,,,,,,,,,,,,,,,,,,,,,,,,,,,,,,,,,,,,,,,,,,,,,,,,,,,,,,,
1494,,,,,,,,,,,,,,,,,,,,,,,,,,,,,,,,,,,,,,,,,,,,,,,,,,,,,,,,,,,,,,,,,,,,,,,,,,,,,,,,,,,,,,,,,,,,,,,,,,,,,,,,,,,,,,,,,,,,,,,,,,,,,,,,,,,,,,,,,,,,,,,,,,,,,,,,,,,,,,,,,,,,,,,,,
1495,,,,,,,,,,,,,,,,,,,,,,,,,,,,,,,,,,,,,,,,,,,,,,,,,,,,,,,,,,,,,,,,,,,,,,,,,,,,,,,,,,,,,,,,,,,,,,,,,,,,,,,,,,,,,,,,,,,,,,,,,,,,,,,,,,,,,,,,,,,,,,,,,,,,,,,,,,,,,,,,,,,,,,,,,
1496,,,,,,,,,,,,,,,,,,,,,,,,,,,,,,,,,,,,,,,,,,,,,,,,,,,,,,,,,,,,,,,,,,,,,,,,,,,,,,,,,,,,,,,,,,,,,,,,,,,,,,,,,,,,,,,,,,,,,,,,,,,,,,,,,,,,,,,,,,,,,,,,,,,,,,,,,,,,,,,,,,,,,,,,,
1497,,,,,,,,,,,,,,,,,,,,,,,,,,,,,,,,,,,,,,,,,,,,,,,,,,,,,,,,,,,,,,,,,,,,,,,,,,,,,,,,,,,,,,,,,,,,,,,,,,,,,,,,,,,,,,,,,,,,,,,,,,,,,,,,,,,,,,,,,,,,,,,,,,,,,,,,,,,,,,,,,,,,,,,,,
1498,,,,,,,,,,,,,,,,,,,,,,,,,,,,,,,,,,,,,,,,,,,,,,,,,,,,,,,,,,,,,,,,,,,,,,,,,,,,,,,,,,,,,,,,,,,,,,,,,,,,,,,,,,,,,,,,,,,,,,,,,,,,,,,,,,,,,,,,,,,,,,,,,,,,,,,,,,,,,,,,,,,,,,,,,
1499,,,,,,,,,,,,,,,,,,,,,,,,,,,,,,,,,,,,,,,,,,,,,,,,,,,,,,,,,,,,,,,,,,,,,,,,,,,,,,,,,,,,,,,,,,,,,,,,,,,,,,,,,,,,,,,,,,,,,,,,,,,,,,,,,,,,,,,,,,,,,,,,,,,,,,,,,,,,,,,,,,,,,,,,,
1500,,,200,,,,450,2000,,,1400,,,,800,,,,,1000,,,,250,650,,103000,,,,,,,,,3000,,,,12000,,,600,,1500,,4000,6800,,2000,300,15000,,3942,,,,,,,1000,,,,,,1250,10700,110000,800,4000,1000,,,10500,,,15400,,,,,,,,,,500,,,,,,,1500,,700,7500,,,,,,,1000,,,,,,,,,950,300,,100,,,,4000,,4000,,,1000,,,,2000,,,,4000,,,,,,,16950,,,550,,,,,,,,,,800,6300,,,,,,2000,,,,,2250,600,,
1501,,,,,,,,,,,,,,,,,,,,,,,,,,,,,,,,,,,,,,,,,,,,,,,,,,,,,,,,,,,,,,,,,,,,,,,,,,,,,,,,,,,,,,,,,,,,,,,,,,,,,,,,,,,,,,,,,,,,,,,,,,,,,,,,,,,,,,,,,,,,,,,,,,,,,,,,,,,,,,,,,,,,,,,,,
1502,,,,,,,,,,,,,,,,,,,,,,,,,,,,,,,,,,,,,,,,,,,,,,,,,,,,,,,,,,,,,,,,,,,,,,,,,,,,,,,,,,,,,,,,,,,,,,,,,,,,,,,,,,,,,,,,,,,,,,,,,,,,,,,,,,,,,,,,,,,,,,,,,,,,,,,,,,,,,,,,,,,,,,,,,
1503,,,,,,,,,,,,,,,,,,,,,,,,,,,,,,,,,,,,,,,,,,,,,,,,,,,,,,,,,,,,,,,,,,,,,,,,,,,,,,,,,,,,,,,,,,,,,,,,,,,,,,,,,,,,,,,,,,,,,,,,,,,,,,,,,,,,,,,,,,,,,,,,,,,,,,,,,,,,,,,,,,,,,,,,,
1504,,,,,,,,,,,,,,,,,,,,,,,,,,,,,,,,,,,,,,,,,,,,,,,,,,,,,,,,,,,,,,,,,,,,,,,,,,,,,,,,,,,,,,,,,,,,,,,,,,,,,,,,,,,,,,,,,,,,,,,,,,,,,,,,,,,,,,,,,,,,,,,,,,,,,,,,,,,,,,,,,,,,,,,,,
1505,,,,,,,,,,,,,,,,,,,,,,,,,,,,,,,,,,,,,,,,,,,,,,,,,,,,,,,,,,,,,,,,,,,,,,,,,,,,,,,,,,,,,,,,,,,,,,,,,,,,,,,,,,,,,,,,,,,,,,,,,,,,,,,,,,,,,,,,,,,,,,,,,,,,,,,,,,,,,,,,,,,,,,,,,
1506,,,,,,,,,,,,,,,,,,,,,,,,,,,,,,,,,,,,,,,,,,,,,,,,,,,,,,,,,,,,,,,,,,,,,,,,,,,,,,,,,,,,,,,,,,,,,,,,,,,,,,,,,,,,,,,,,,,,,,,,,,,,,,,,,,,,,,,,,,,,,,,,,,,,,,,,,,,,,,,,,,,,,,,,,
1507,,,,,,,,,,,,,,,,,,,,,,,,,,,,,,,,,,,,,,,,,,,,,,,,,,,,,,,,,,,,,,,,,,,,,,,,,,,,,,,,,,,,,,,,,,,,,,,,,,,,,,,,,,,,,,,,,,,,,,,,,,,,,,,,,,,,,,,,,,,,,,,,,,,,,,,,,,,,,,,,,,,,,,,,,
1508,,,,,,,,,,,,,,,,,,,,,,,,,,,,,,,,,,,,,,,,,,,,,,,,,,,,,,,,,,,,,,,,,,,,,,,,,,,,,,,,,,,,,,,,,,,,,,,,,,,,,,,,,,,,,,,,,,,,,,,,,,,,,,,,,,,,,,,,,,,,,,,,,,,,,,,,,,,,,,,,,,,,,,,,,
1509,,,,,,,,,,,,,,,,,,,,,,,,,,,,,,,,,,,,,,,,,,,,,,,,,,,,,,,,,,,,,,,,,,,,,,,,,,,,,,,,,,,,,,,,,,,,,,,,,,,,,,,,,,,,,,,,,,,,,,,,,,,,,,,,,,,,,,,,,,,,,,,,,,,,,,,,,,,,,,,,,,,,,,,,,
1510,,,,,,,,,,,,,,,,,,,,,,,,,,,,,,,,,,,,,,,,,,,,,,,,,,,,,,,,,,,,,,,,,,,,,,,,,,,,,,,,,,,,,,,,,,,,,,,,,,,,,,,,,,,,,,,,,,,,,,,,,,,,,,,,,,,,,,,,,,,,,,,,,,,,,,,,,,,,,,,,,,,,,,,,,
1511,,,,,,,,,,,,,,,,,,,,,,,,,,,,,,,,,,,,,,,,,,,,,,,,,,,,,,,,,,,,,,,,,,,,,,,,,,,,,,,,,,,,,,,,,,,,,,,,,,,,,,,,,,,,,,,,,,,,,,,,,,,,,,,,,,,,,,,,,,,,,,,,,,,,,,,,,,,,,,,,,,,,,,,,,
1512,,,,,,,,,,,,,,,,,,,,,,,,,,,,,,,,,,,,,,,,,,,,,,,,,,,,,,,,,,,,,,,,,,,,,,,,,,,,,,,,,,,,,,,,,,,,,,,,,,,,,,,,,,,,,,,,,,,,,,,,,,,,,,,,,,,,,,,,,,,,,,,,,,,,,,,,,,,,,,,,,,,,,,,,,
1513,,,,,,,,,,,,,,,,,,,,,,,,,,,,,,,,,,,,,,,,,,,,,,,,,,,,,,,,,,,,,,,,,,,,,,,,,,,,,,,,,,,,,,,,,,,,,,,,,,,,,,,,,,,,,,,,,,,,,,,,,,,,,,,,,,,,,,,,,,,,,,,,,,,,,,,,,,,,,,,,,,,,,,,,,
1514,,,,,,,,,,,,,,,,,,,,,,,,,,,,,,,,,,,,,,,,,,,,,,,,,,,,,,,,,,,,,,,,,,,,,,,,,,,,,,,,,,,,,,,,,,,,,,,,,,,,,,,,,,,,,,,,,,,,,,,,,,,,,,,,,,,,,,,,,,,,,,,,,,,,,,,,,,,,,,,,,,,,,,,,,
1515,,,,,,,,,,,,,,,,,,,,,,,,,,,,,,,,,,,,,,,,,,,,,,,,,,,,,,,,,,,,,,,,,,,,,,,,,,,,,,,,,,,,,,,,,,,,,,,,,,,,,,,,,,,,,,,,,,,,,,,,,,,,,,,,,,,,,,,,,,,,,,,,,,,,,,,,,,,,,,,,,,,,,,,,,
1516,,,,,,,,,,,,,,,,,,,,,,,,,,,,,,,,,,,,,,,,,,,,,,,,,,,,,,,,,,,,,,,,,,,,,,,,,,,,,,,,,,,,,,,,,,,,,,,,,,,,,,,,,,,,,,,,,,,,,,,,,,,,,,,,,,,,,,,,,,,,,,,,,,,,,,,,,,,,,,,,,,,,,,,,,
1517,,,,,,,,,,,,,,,,,,,,,,,,,,,,,,,,,,,,,,,,,,,,,,,,,,,,,,,,,,,,,,,,,,,,,,,,,,,,,,,,,,,,,,,,,,,,,,,,,,,,,,,,,,,,,,,,,,,,,,,,,,,,,,,,,,,,,,,,,,,,,,,,,,,,,,,,,,,,,,,,,,,,,,,,,
1518,,,,,,,,,,,,,,,,,,,,,,,,,,,,,,,,,,,,,,,,,,,,,,,,,,,,,,,,,,,,,,,,,,,,,,,,,,,,,,,,,,,,,,,,,,,,,,,,,,,,,,,,,,,,,,,,,,,,,,,,,,,,,,,,,,,,,,,,,,,,,,,,,,,,,,,,,,,,,,,,,,,,,,,,,
1519,,,,,,,,,,,,,,,,,,,,,,,,,,,,,,,,,,,,,,,,,,,,,,,,,,,,,,,,,,,,,,,,,,,,,,,,,,,,,,,,,,,,,,,,,,,,,,,,,,,,,,,,,,,,,,,,,,,,,,,,,,,,,,,,,,,,,,,,,,,,,,,,,,,,,,,,,,,,,,,,,,,,,,,,,
1520,,,,,,,,,,,,,,,,,,,,,,,,,,,,,,,,,,,,,,,,,,,,,,,,,,,,,,,,,,,,,,,,,,,,,,,,,,,,,,,,,,,,,,,,,,,,,,,,,,,,,,,,,,,,,,,,,,,,,,,,,,,,,,,,,,,,,,,,,,,,,,,,,,,,,,,,,,,,,,,,,,,,,,,,,
1521,,,,,,,,,,,,,,,,,,,,,,,,,,,,,,,,,,,,,,,,,,,,,,,,,,,,,,,,,,,,,,,,,,,,,,,,,,,,,,,,,,,,,,,,,,,,,,,,,,,,,,,,,,,,,,,,,,,,,,,,,,,,,,,,,,,,,,,,,,,,,,,,,,,,,,,,,,,,,,,,,,,,,,,,,
1522,,,,,,,,,,,,,,,,,,,,,,,,,,,,,,,,,,,,,,,,,,,,,,,,,,,,,,,,,,,,,,,,,,,,,,,,,,,,,,,,,,,,,,,,,,,,,,,,,,,,,,,,,,,,,,,,,,,,,,,,,,,,,,,,,,,,,,,,,,,,,,,,,,,,,,,,,,,,,,,,,,,,,,,,,
1523,,,,,,,,,,,,,,,,,,,,,,,,,,,,,,,,,,,,,,,,,,,,,,,,,,,,,,,,,,,,,,,,,,,,,,,,,,,,,,,,,,,,,,,,,,,,,,,,,,,,,,,,,,,,,,,,,,,,,,,,,,,,,,,,,,,,,,,,,,,,,,,,,,,,,,,,,,,,,,,,,,,,,,,,,
1524,,,,,,,,,,,,,,,,,,,,,,,,,,,,,,,,,,,,,,,,,,,,,,,,,,,,,,,,,,,,,,,,,,,,,,,,,,,,,,,,,,,,,,,,,,,,,,,,,,,,,,,,,,,,,,,,,,,,,,,,,,,,,,,,,,,,,,,,,,,,,,,,,,,,,,,,,,,,,,,,,,,,,,,,,
1525,,,,,,,,,,,,,,,,,,,,,,,,,,,,,,,,,,,,,,,,,,,,,,,,,,,,,,,,,,,,,,,,,,,,,,,,,,,,,,,,,,,,,,,,,,,,,,,,,,,,,,,,,,,,,,,,,,,,,,,,,,,,,,,,,,,,,,,,,,,,,,,,,,,,,,,,,,,,,,,,,,,,,,,,,
1526,,,,,,,,,,,,,,,,,,,,,,,,,,,,,,,,,,,,,,,,,,,,,,,,,,,,,,,,,,,,,,,,,,,,,,,,,,,,,,,,,,,,,,,,,,,,,,,,,,,,,,,,,,,,,,,,,,,,,,,,,,,,,,,,,,,,,,,,,,,,,,,,,,,,,,,,,,,,,,,,,,,,,,,,,
1527,,,,,,,,,,,,,,,,,,,,,,,,,,,,,,,,,,,,,,,,,,,,,,,,,,,,,,,,,,,,,,,,,,,,,,,,,,,,,,,,,,,,,,,,,,,,,,,,,,,,,,,,,,,,,,,,,,,,,,,,,,,,,,,,,,,,,,,,,,,,,,,,,,,,,,,,,,,,,,,,,,,,,,,,,
1528,,,,,,,,,,,,,,,,,,,,,,,,,,,,,,,,,,,,,,,,,,,,,,,,,,,,,,,,,,,,,,,,,,,,,,,,,,,,,,,,,,,,,,,,,,,,,,,,,,,,,,,,,,,,,,,,,,,,,,,,,,,,,,,,,,,,,,,,,,,,,,,,,,,,,,,,,,,,,,,,,,,,,,,,,
1529,,,,,,,,,,,,,,,,,,,,,,,,,,,,,,,,,,,,,,,,,,,,,,,,,,,,,,,,,,,,,,,,,,,,,,,,,,,,,,,,,,,,,,,,,,,,,,,,,,,,,,,,,,,,,,,,,,,,,,,,,,,,,,,,,,,,,,,,,,,,,,,,,,,,,,,,,,,,,,,,,,,,,,,,,
1530,,,,,,,,,,,,,,,,,,,,,,,,,,,,,,,,,,,,,,,,,,,,,,,,,,,,,,,,,,,,,,,,,,,,,,,,,,,,,,,,,,,,,,,,,,,,,,,,,,,,,,,,,,,,,,,,,,,,,,,,,,,,,,,,,,,,,,,,,,,,,,,,,,,,,,,,,,,,,,,,,,,,,,,,,
1531,,,,,,,,,,,,,,,,,,,,,,,,,,,,,,,,,,,,,,,,,,,,,,,,,,,,,,,,,,,,,,,,,,,,,,,,,,,,,,,,,,,,,,,,,,,,,,,,,,,,,,,,,,,,,,,,,,,,,,,,,,,,,,,,,,,,,,,,,,,,,,,,,,,,,,,,,,,,,,,,,,,,,,,,,
1532,,,,,,,,,,,,,,,,,,,,,,,,,,,,,,,,,,,,,,,,,,,,,,,,,,,,,,,,,,,,,,,,,,,,,,,,,,,,,,,,,,,,,,,,,,,,,,,,,,,,,,,,,,,,,,,,,,,,,,,,,,,,,,,,,,,,,,,,,,,,,,,,,,,,,,,,,,,,,,,,,,,,,,,,,
1533,,,,,,,,,,,,,,,,,,,,,,,,,,,,,,,,,,,,,,,,,,,,,,,,,,,,,,,,,,,,,,,,,,,,,,,,,,,,,,,,,,,,,,,,,,,,,,,,,,,,,,,,,,,,,,,,,,,,,,,,,,,,,,,,,,,,,,,,,,,,,,,,,,,,,,,,,,,,,,,,,,,,,,,,,
1534,,,,,,,,,,,,,,,,,,,,,,,,,,,,,,,,,,,,,,,,,,,,,,,,,,,,,,,,,,,,,,,,,,,,,,,,,,,,,,,,,,,,,,,,,,,,,,,,,,,,,,,,,,,,,,,,,,,,,,,,,,,,,,,,,,,,,,,,,,,,,,,,,,,,,,,,,,,,,,,,,,,,,,,,,
1535,,,,,,,,,,,,,,,,,,,,,,,,,,,,,,,,,,,,,,,,,,,,,,,,,,,,,,,,,,,,,,,,,,,,,,,,,,,,,,,,,,,,,,,,,,,,,,,,,,,,,,,,,,,,,,,,,,,,,,,,,,,,,,,,,,,,,,,,,,,,,,,,,,,,,,,,,,,,,,,,,,,,,,,,,
1536,,,,,,,,,,,,,,,,,,,,,,,,,,,,,,,,,,,,,,,,,,,,,,,,,,,,,,,,,,,,,,,,,,,,,,,,,,,,,,,,,,,,,,,,,,,,,,,,,,,,,,,,,,,,,,,,,,,,,,,,,,,,,,,,,,,,,,,,,,,,,,,,,,,,,,,,,,,,,,,,,,,,,,,,,
1537,,,,,,,,,,,,,,,,,,,,,,,,,,,,,,,,,,,,,,,,,,,,,,,,,,,,,,,,,,,,,,,,,,,,,,,,,,,,,,,,,,,,,,,,,,,,,,,,,,,,,,,,,,,,,,,,,,,,,,,,,,,,,,,,,,,,,,,,,,,,,,,,,,,,,,,,,,,,,,,,,,,,,,,,,
1538,,,,,,,,,,,,,,,,,,,,,,,,,,,,,,,,,,,,,,,,,,,,,,,,,,,,,,,,,,,,,,,,,,,,,,,,,,,,,,,,,,,,,,,,,,,,,,,,,,,,,,,,,,,,,,,,,,,,,,,,,,,,,,,,,,,,,,,,,,,,,,,,,,,,,,,,,,,,,,,,,,,,,,,,,
1539,,,,,,,,,,,,,,,,,,,,,,,,,,,,,,,,,,,,,,,,,,,,,,,,,,,,,,,,,,,,,,,,,,,,,,,,,,,,,,,,,,,,,,,,,,,,,,,,,,,,,,,,,,,,,,,,,,,,,,,,,,,,,,,,,,,,,,,,,,,,,,,,,,,,,,,,,,,,,,,,,,,,,,,,,
1540,,,,,,,,,,,,,,,,,,,,,,,,,,,,,,,,,,,,,,,,,,,,,,,,,,,,,,,,,,,,,,,,,,,,,,,,,,,,,,,,,,,,,,,,,,,,,,,,,,,,,,,,,,,,,,,,,,,,,,,,,,,,,,,,,,,,,,,,,,,,,,,,,,,,,,,,,,,,,,,,,,,,,,,,,
1541,,,,,,,,,,,,,,,,,,,,,,,,,,,,,,,,,,,,,,,,,,,,,,,,,,,,,,,,,,,,,,,,,,,,,,,,,,,,,,,,,,,,,,,,,,,,,,,,,,,,,,,,,,,,,,,,,,,,,,,,,,,,,,,,,,,,,,,,,,,,,,,,,,,,,,,,,,,,,,,,,,,,,,,,,
1542,,,,,,,,,,,,,,,,,,,,,,,,,,,,,,,,,,,,,,,,,,,,,,,,,,,,,,,,,,,,,,,,,,,,,,,,,,,,,,,,,,,,,,,,,,,,,,,,,,,,,,,,,,,,,,,,,,,,,,,,,,,,,,,,,,,,,,,,,,,,,,,,,,,,,,,,,,,,,,,,,,,,,,,,,
1543,,,,,,,,,,,,,,,,,,,,,,,,,,,,,,,,,,,,,,,,,,,,,,,,,,,,,,,,,,,,,,,,,,,,,,,,,,,,,,,,,,,,,,,,,,,,,,,,,,,,,,,,,,,,,,,,,,,,,,,,,,,,,,,,,,,,,,,,,,,,,,,,,,,,,,,,,,,,,,,,,,,,,,,,,
1544,,,,,,,,,,,,,,,,,,,,,,,,,,,,,,,,,,,,,,,,,,,,,,,,,,,,,,,,,,,,,,,,,,,,,,,,,,,,,,,,,,,,,,,,,,,,,,,,,,,,,,,,,,,,,,,,,,,,,,,,,,,,,,,,,,,,,,,,,,,,,,,,,,,,,,,,,,,,,,,,,,,,,,,,,
1545,,,,,,,,,,,,,,,,,,,,,,,,,,,,,,,,,,,,,,,,,,,,,,,,,,,,,,,,,,,,,,,,,,,,,,,,,,,,,,,,,,,,,,,,,,,,,,,,,,,,,,,,,,,,,,,,,,,,,,,,,,,,,,,,,,,,,,,,,,,,,,,,,,,,,,,,,,,,,,,,,,,,,,,,,
1546,,,,,,,,,,,,,,,,,,,,,,,,,,,,,,,,,,,,,,,,,,,,,,,,,,,,,,,,,,,,,,,,,,,,,,,,,,,,,,,,,,,,,,,,,,,,,,,,,,,,,,,,,,,,,,,,,,,,,,,,,,,,,,,,,,,,,,,,,,,,,,,,,,,,,,,,,,,,,,,,,,,,,,,,,
1547,,,,,,,,,,,,,,,,,,,,,,,,,,,,,,,,,,,,,,,,,,,,,,,,,,,,,,,,,,,,,,,,,,,,,,,,,,,,,,,,,,,,,,,,,,,,,,,,,,,,,,,,,,,,,,,,,,,,,,,,,,,,,,,,,,,,,,,,,,,,,,,,,,,,,,,,,,,,,,,,,,,,,,,,,
1548,,,,,,,,,,,,,,,,,,,,,,,,,,,,,,,,,,,,,,,,,,,,,,,,,,,,,,,,,,,,,,,,,,,,,,,,,,,,,,,,,,,,,,,,,,,,,,,,,,,,,,,,,,,,,,,,,,,,,,,,,,,,,,,,,,,,,,,,,,,,,,,,,,,,,,,,,,,,,,,,,,,,,,,,,
1549,,,,,,,,,,,,,,,,,,,,,,,,,,,,,,,,,,,,,,,,,,,,,,,,,,,,,,,,,,,,,,,,,,,,,,,,,,,,,,,,,,,,,,,,,,,,,,,,,,,,,,,,,,,,,,,,,,,,,,,,,,,,,,,,,,,,,,,,,,,,,,,,,,,,,,,,,,,,,,,,,,,,,,,,,
1550,,,,,,,,,,,,,,,,,,,,,,,,,,,,,,,,,,,,,,,,,,,,,,,,,,,,,,,,,,,,,,,,,,,,,,,,,,,,,,,,,,,,,,,,,,,,,,,,,,,,,,,,,,,,,,,,,,,,,,,,,,,,,,,,,,,,,,,,,,,,,,,,,,,,,,,,,,,,,,,,,,,,,,,,,
1551,,,,,,,,,,,,,,,,,,,,,,,,,,,,,,,,,,,,,,,,,,,,,,,,,,,,,,,,,,,,,,,,,,,,,,,,,,,,,,,,,,,,,,,,,,,,,,,,,,,,,,,,,,,,,,,,,,,,,,,,,,,,,,,,,,,,,,,,,,,,,,,,,,,,,,,,,,,,,,,,,,,,,,,,,
1552,,,,,,,,,,,,,,,,,,,,,,,,,,,,,,,,,,,,,,,,,,,,,,,,,,,,,,,,,,,,,,,,,,,,,,,,,,,,,,,,,,,,,,,,,,,,,,,,,,,,,,,,,,,,,,,,,,,,,,,,,,,,,,,,,,,,,,,,,,,,,,,,,,,,,,,,,,,,,,,,,,,,,,,,,
1553,,,,,,,,,,,,,,,,,,,,,,,,,,,,,,,,,,,,,,,,,,,,,,,,,,,,,,,,,,,,,,,,,,,,,,,,,,,,,,,,,,,,,,,,,,,,,,,,,,,,,,,,,,,,,,,,,,,,,,,,,,,,,,,,,,,,,,,,,,,,,,,,,,,,,,,,,,,,,,,,,,,,,,,,,
1554,,,,,,,,,,,,,,,,,,,,,,,,,,,,,,,,,,,,,,,,,,,,,,,,,,,,,,,,,,,,,,,,,,,,,,,,,,,,,,,,,,,,,,,,,,,,,,,,,,,,,,,,,,,,,,,,,,,,,,,,,,,,,,,,,,,,,,,,,,,,,,,,,,,,,,,,,,,,,,,,,,,,,,,,,
1555,,,,,,,,,,,,,,,,,,,,,,,,,,,,,,,,,,,,,,,,,,,,,,,,,,,,,,,,,,,,,,,,,,,,,,,,,,,,,,,,,,,,,,,,,,,,,,,,,,,,,,,,,,,,,,,,,,,,,,,,,,,,,,,,,,,,,,,,,,,,,,,,,,,,,,,,,,,,,,,,,,,,,,,,,
1556,,,,,,,,,,,,,,,,,,,,,,,,,,,,,,,,,,,,,,,,,,,,,,,,,,,,,,,,,,,,,,,,,,,,,,,,,,,,,,,,,,,,,,,,,,,,,,,,,,,,,,,,,,,,,,,,,,,,,,,,,,,,,,,,,,,,,,,,,,,,,,,,,,,,,,,,,,,,,,,,,,,,,,,,,
1557,,,,,,,,,,,,,,,,,,,,,,,,,,,,,,,,,,,,,,,,,,,,,,,,,,,,,,,,,,,,,,,,,,,,,,,,,,,,,,,,,,,,,,,,,,,,,,,,,,,,,,,,,,,,,,,,,,,,,,,,,,,,,,,,,,,,,,,,,,,,,,,,,,,,,,,,,,,,,,,,,,,,,,,,,
1558,,,,,,,,,,,,,,,,,,,,,,,,,,,,,,,,,,,,,,,,,,,,,,,,,,,,,,,,,,,,,,,,,,,,,,,,,,,,,,,,,,,,,,,,,,,,,,,,,,,,,,,,,,,,,,,,,,,,,,,,,,,,,,,,,,,,,,,,,,,,,,,,,,,,,,,,,,,,,,,,,,,,,,,,,
1559,,,,,,,,,,,,,,,,,,,,,,,,,,,,,,,,,,,,,,,,,,,,,,,,,,,,,,,,,,,,,,,,,,,,,,,,,,,,,,,,,,,,,,,,,,,,,,,,,,,,,,,,,,,,,,,,,,,,,,,,,,,,,,,,,,,,,,,,,,,,,,,,,,,,,,,,,,,,,,,,,,,,,,,,,
1560,,,,,,,,,,,,,,,,,,,,,,,,,,,,,,,,,,,,,,,,,,,,,,,,,,,,,,,,,,,,,,,,,,,,,,,,,,,,,,,,,,,,,,,,,,,,,,,,,,,,,,,,,,,,,,,,,,,,,,,,,,,,,,,,,,,,,,,,,,,,,,,,,,,,,,,,,,,,,,,,,,,,,,,,,
1561,,,,,,,,,,,,,,,,,,,,,,,,,,,,,,,,,,,,,,,,,,,,,,,,,,,,,,,,,,,,,,,,,,,,,,,,,,,,,,,,,,,,,,,,,,,,,,,,,,,,,,,,,,,,,,,,,,,,,,,,,,,,,,,,,,,,,,,,,,,,,,,,,,,,,,,,,,,,,,,,,,,,,,,,,
1562,,,,,,,,,,,,,,,,,,,,,,,,,,,,,,,,,,,,,,,,,,,,,,,,,,,,,,,,,,,,,,,,,,,,,,,,,,,,,,,,,,,,,,,,,,,,,,,,,,,,,,,,,,,,,,,,,,,,,,,,,,,,,,,,,,,,,,,,,,,,,,,,,,,,,,,,,,,,,,,,,,,,,,,,,
1563,,,,,,,,,,,,,,,,,,,,,,,,,,,,,,,,,,,,,,,,,,,,,,,,,,,,,,,,,,,,,,,,,,,,,,,,,,,,,,,,,,,,,,,,,,,,,,,,,,,,,,,,,,,,,,,,,,,,,,,,,,,,,,,,,,,,,,,,,,,,,,,,,,,,,,,,,,,,,,,,,,,,,,,,,
1564,,,,,,,,,,,,,,,,,,,,,,,,,,,,,,,,,,,,,,,,,,,,,,,,,,,,,,,,,,,,,,,,,,,,,,,,,,,,,,,,,,,,,,,,,,,,,,,,,,,,,,,,,,,,,,,,,,,,,,,,,,,,,,,,,,,,,,,,,,,,,,,,,,,,,,,,,,,,,,,,,,,,,,,,,
1565,,,,,,,,,,,,,,,,,,,,,,,,,,,,,,,,,,,,,,,,,,,,,,,,,,,,,,,,,,,,,,,,,,,,,,,,,,,,,,,,,,,,,,,,,,,,,,,,,,,,,,,,,,,,,,,,,,,,,,,,,,,,,,,,,,,,,,,,,,,,,,,,,,,,,,,,,,,,,,,,,,,,,,,,,
1566,,,,,,,,,,,,,,,,,,,,,,,,,,,,,,,,,,,,,,,,,,,,,,,,,,,,,,,,,,,,,,,,,,,,,,,,,,,,,,,,,,,,,,,,,,,,,,,,,,,,,,,,,,,,,,,,,,,,,,,,,,,,,,,,,,,,,,,,,,,,,,,,,,,,,,,,,,,,,,,,,,,,,,,,,
1567,,,,,,,,,,,,,,,,,,,,,,,,,,,,,,,,,,,,,,,,,,,,,,,,,,,,,,,,,,,,,,,,,,,,,,,,,,,,,,,,,,,,,,,,,,,,,,,,,,,,,,,,,,,,,,,,,,,,,,,,,,,,,,,,,,,,,,,,,,,,,,,,,,,,,,,,,,,,,,,,,,,,,,,,,
1568,,,,,,,,,,,,,,,,,,,,,,,,,,,,,,,,,,,,,,,,,,,,,,,,,,,,,,,,,,,,,,,,,,,,,,,,,,,,,,,,,,,,,,,,,,,,,,,,,,,,,,,,,,,,,,,,,,,,,,,,,,,,,,,,,,,,,,,,,,,,,,,,,,,,,,,,,,,,,,,,,,,,,,,,,
1569,,,,,,,,,,,,,,,,,,,,,,,,,,,,,,,,,,,,,,,,,,,,,,,,,,,,,,,,,,,,,,,,,,,,,,,,,,,,,,,,,,,,,,,,,,,,,,,,,,,,,,,,,,,,,,,,,,,,,,,,,,,,,,,,,,,,,,,,,,,,,,,,,,,,,,,,,,,,,,,,,,,,,,,,,
1570,,,,,,,,,,,,,,,,,,,,,,,,,,,,,,,,,,,,,,,,,,,,,,,,,,,,,,,,,,,,,,,,,,,,,,,,,,,,,,,,,,,,,,,,,,,,,,,,,,,,,,,,,,,,,,,,,,,,,,,,,,,,,,,,,,,,,,,,,,,,,,,,,,,,,,,,,,,,,,,,,,,,,,,,,
1571,,,,,,,,,,,,,,,,,,,,,,,,,,,,,,,,,,,,,,,,,,,,,,,,,,,,,,,,,,,,,,,,,,,,,,,,,,,,,,,,,,,,,,,,,,,,,,,,,,,,,,,,,,,,,,,,,,,,,,,,,,,,,,,,,,,,,,,,,,,,,,,,,,,,,,,,,,,,,,,,,,,,,,,,,
1572,,,,,,,,,,,,,,,,,,,,,,,,,,,,,,,,,,,,,,,,,,,,,,,,,,,,,,,,,,,,,,,,,,,,,,,,,,,,,,,,,,,,,,,,,,,,,,,,,,,,,,,,,,,,,,,,,,,,,,,,,,,,,,,,,,,,,,,,,,,,,,,,,,,,,,,,,,,,,,,,,,,,,,,,,
1573,,,,,,,,,,,,,,,,,,,,,,,,,,,,,,,,,,,,,,,,,,,,,,,,,,,,,,,,,,,,,,,,,,,,,,,,,,,,,,,,,,,,,,,,,,,,,,,,,,,,,,,,,,,,,,,,,,,,,,,,,,,,,,,,,,,,,,,,,,,,,,,,,,,,,,,,,,,,,,,,,,,,,,,,,
1574,,,,,,,,,,,,,,,,,,,,,,,,,,,,,,,,,,,,,,,,,,,,,,,,,,,,,,,,,,,,,,,,,,,,,,,,,,,,,,,,,,,,,,,,,,,,,,,,,,,,,,,,,,,,,,,,,,,,,,,,,,,,,,,,,,,,,,,,,,,,,,,,,,,,,,,,,,,,,,,,,,,,,,,,,
1575,,,,,,,,,,,,,,,,,,,,,,,,,,,,,,,,,,,,,,,,,,,,,,,,,,,,,,,,,,,,,,,,,,,,,,,,,,,,,,,,,,,,,,,,,,,,,,,,,,,,,,,,,,,,,,,,,,,,,,,,,,,,,,,,,,,,,,,,,,,,,,,,,,,,,,,,,,,,,,,,,,,,,,,,,
1576,,,,,,,,,,,,,,,,,,,,,,,,,,,,,,,,,,,,,,,,,,,,,,,,,,,,,,,,,,,,,,,,,,,,,,,,,,,,,,,,,,,,,,,,,,,,,,,,,,,,,,,,,,,,,,,,,,,,,,,,,,,,,,,,,,,,,,,,,,,,,,,,,,,,,,,,,,,,,,,,,,,,,,,,,
1577,,,,,,,,,,,,,,,,,,,,,,,,,,,,,,,,,,,,,,,,,,,,,,,,,,,,,,,,,,,,,,,,,,,,,,,,,,,,,,,,,,,,,,,,,,,,,,,,,,,,,,,,,,,,,,,,,,,,,,,,,,,,,,,,,,,,,,,,,,,,,,,,,,,,,,,,,,,,,,,,,,,,,,,,,
1578,,,,,,,,,,,,,,,,,,,,,,,,,,,,,,,,,,,,,,,,,,,,,,,,,,,,,,,,,,,,,,,,,,,,,,,,,,,,,,,,,,,,,,,,,,,,,,,,,,,,,,,,,,,,,,,,,,,,,,,,,,,,,,,,,,,,,,,,,,,,,,,,,,,,,,,,,,,,,,,,,,,,,,,,,
1579,,,,,,,,,,,,,,,,,,,,,,,,,,,,,,,,,,,,,,,,,,,,,,,,,,,,,,,,,,,,,,,,,,,,,,,,,,,,,,,,,,,,,,,,,,,,,,,,,,,,,,,,,,,,,,,,,,,,,,,,,,,,,,,,,,,,,,,,,,,,,,,,,,,,,,,,,,,,,,,,,,,,,,,,,
1580,,,,,,,,,,,,,,,,,,,,,,,,,,,,,,,,,,,,,,,,,,,,,,,,,,,,,,,,,,,,,,,,,,,,,,,,,,,,,,,,,,,,,,,,,,,,,,,,,,,,,,,,,,,,,,,,,,,,,,,,,,,,,,,,,,,,,,,,,,,,,,,,,,,,,,,,,,,,,,,,,,,,,,,,,
1581,,,,,,,,,,,,,,,,,,,,,,,,,,,,,,,,,,,,,,,,,,,,,,,,,,,,,,,,,,,,,,,,,,,,,,,,,,,,,,,,,,,,,,,,,,,,,,,,,,,,,,,,,,,,,,,,,,,,,,,,,,,,,,,,,,,,,,,,,,,,,,,,,,,,,,,,,,,,,,,,,,,,,,,,,
1582,,,,,,,,,,,,,,,,,,,,,,,,,,,,,,,,,,,,,,,,,,,,,,,,,,,,,,,,,,,,,,,,,,,,,,,,,,,,,,,,,,,,,,,,,,,,,,,,,,,,,,,,,,,,,,,,,,,,,,,,,,,,,,,,,,,,,,,,,,,,,,,,,,,,,,,,,,,,,,,,,,,,,,,,,
1583,,,,,,,,,,,,,,,,,,,,,,,,,,,,,,,,,,,,,,,,,,,,,,,,,,,,,,,,,,,,,,,,,,,,,,,,,,,,,,,,,,,,,,,,,,,,,,,,,,,,,,,,,,,,,,,,,,,,,,,,,,,,,,,,,,,,,,,,,,,,,,,,,,,,,,,,,,,,,,,,,,,,,,,,,
1584,,,,,,,,,,,,,,,,,,,,,,,,,,,,,,,,,,,,,,,,,,,,,,,,,,,,,,,,,,,,,,,,,,,,,,,,,,,,,,,,,,,,,,,,,,,,,,,,,,,,,,,,,,,,,,,,,,,,,,,,,,,,,,,,,,,,,,,,,,,,,,,,,,,,,,,,,,,,,,,,,,,,,,,,,
1585,,,,,,,,,,,,,,,,,,,,,,,,,,,,,,,,,,,,,,,,,,,,,,,,,,,,,,,,,,,,,,,,,,,,,,,,,,,,,,,,,,,,,,,,,,,,,,,,,,,,,,,,,,,,,,,,,,,,,,,,,,,,,,,,,,,,,,,,,,,,,,,,,,,,,,,,,,,,,,,,,,,,,,,,,
1586,,,,,,,,,,,,,,,,,,,,,,,,,,,,,,,,,,,,,,,,,,,,,,,,,,,,,,,,,,,,,,,,,,,,,,,,,,,,,,,,,,,,,,,,,,,,,,,,,,,,,,,,,,,,,,,,,,,,,,,,,,,,,,,,,,,,,,,,,,,,,,,,,,,,,,,,,,,,,,,,,,,,,,,,,
1587,,,,,,,,,,,,,,,,,,,,,,,,,,,,,,,,,,,,,,,,,,,,,,,,,,,,,,,,,,,,,,,,,,,,,,,,,,,,,,,,,,,,,,,,,,,,,,,,,,,,,,,,,,,,,,,,,,,,,,,,,,,,,,,,,,,,,,,,,,,,,,,,,,,,,,,,,,,,,,,,,,,,,,,,,
1588,,,,,,,,,,,,,,,,,,,,,,,,,,,,,,,,,,,,,,,,,,,,,,,,,,,,,,,,,,,,,,,,,,,,,,,,,,,,,,,,,,,,,,,,,,,,,,,,,,,,,,,,,,,,,,,,,,,,,,,,,,,,,,,,,,,,,,,,,,,,,,,,,,,,,,,,,,,,,,,,,,,,,,,,,
1589,,,,,,,,,,,,,,,,,,,,,,,,,,,,,,,,,,,,,,,,,,,,,,,,,,,,,,,,,,,,,,,,,,,,,,,,,,,,,,,,,,,,,,,,,,,,,,,,,,,,,,,,,,,,,,,,,,,,,,,,,,,,,,,,,,,,,,,,,,,,,,,,,,,,,,,,,,,,,,,,,,,,,,,,,
1590,,,,,,,,,,,,,,,,,,,,,,,,,,,,,,,,,,,,,,,,,,,,,,,,,,,,,,,,,,,,,,,,,,,,,,,,,,,,,,,,,,,,,,,,,,,,,,,,,,,,,,,,,,,,,,,,,,,,,,,,,,,,,,,,,,,,,,,,,,,,,,,,,,,,,,,,,,,,,,,,,,,,,,,,,
1591,,,,,,,,,,,,,,,,,,,,,,,,,,,,,,,,,,,,,,,,,,,,,,,,,,,,,,,,,,,,,,,,,,,,,,,,,,,,,,,,,,,,,,,,,,,,,,,,,,,,,,,,,,,,,,,,,,,,,,,,,,,,,,,,,,,,,,,,,,,,,,,,,,,,,,,,,,,,,,,,,,,,,,,,,
1592,,,,,,,,,,,,,,,,,,,,,,,,,,,,,,,,,,,,,,,,,,,,,,,,,,,,,,,,,,,,,,,,,,,,,,,,,,,,,,,,,,,,,,,,,,,,,,,,,,,,,,,,,,,,,,,,,,,,,,,,,,,,,,,,,,,,,,,,,,,,,,,,,,,,,,,,,,,,,,,,,,,,,,,,,
1593,,,,,,,,,,,,,,,,,,,,,,,,,,,,,,,,,,,,,,,,,,,,,,,,,,,,,,,,,,,,,,,,,,,,,,,,,,,,,,,,,,,,,,,,,,,,,,,,,,,,,,,,,,,,,,,,,,,,,,,,,,,,,,,,,,,,,,,,,,,,,,,,,,,,,,,,,,,,,,,,,,,,,,,,,
1594,,,,,,,,,,,,,,,,,,,,,,,,,,,,,,,,,,,,,,,,,,,,,,,,,,,,,,,,,,,,,,,,,,,,,,,,,,,,,,,,,,,,,,,,,,,,,,,,,,,,,,,,,,,,,,,,,,,,,,,,,,,,,,,,,,,,,,,,,,,,,,,,,,,,,,,,,,,,,,,,,,,,,,,,,
1595,,,,,,,,,,,,,,,,,,,,,,,,,,,,,,,,,,,,,,,,,,,,,,,,,,,,,,,,,,,,,,,,,,,,,,,,,,,,,,,,,,,,,,,,,,,,,,,,,,,,,,,,,,,,,,,,,,,,,,,,,,,,,,,,,,,,,,,,,,,,,,,,,,,,,,,,,,,,,,,,,,,,,,,,,
1596,,,,,,,,,,,,,,,,,,,,,,,,,,,,,,,,,,,,,,,,,,,,,,,,,,,,,,,,,,,,,,,,,,,,,,,,,,,,,,,,,,,,,,,,,,,,,,,,,,,,,,,,,,,,,,,,,,,,,,,,,,,,,,,,,,,,,,,,,,,,,,,,,,,,,,,,,,,,,,,,,,,,,,,,,
1597,,,,,,,,,,,,,,,,,,,,,,,,,,,,,,,,,,,,,,,,,,,,,,,,,,,,,,,,,,,,,,,,,,,,,,,,,,,,,,,,,,,,,,,,,,,,,,,,,,,,,,,,,,,,,,,,,,,,,,,,,,,,,,,,,,,,,,,,,,,,,,,,,,,,,,,,,,,,,,,,,,,,,,,,,
1598,,,,,,,,,,,,,,,,,,,,,,,,,,,,,,,,,,,,,,,,,,,,,,,,,,,,,,,,,,,,,,,,,,,,,,,,,,,,,,,,,,,,,,,,,,,,,,,,,,,,,,,,,,,,,,,,,,,,,,,,,,,,,,,,,,,,,,,,,,,,,,,,,,,,,,,,,,,,,,,,,,,,,,,,,
1599,,,,,,,,,,,,,,,,,,,,,,,,,,,,,,,,,,,,,,,,,,,,,,,,,,,,,,,,,,,,,,,,,,,,,,,,,,,,,,,,,,,,,,,,,,,,,,,,,,,,,,,,,,,,,,,,,,,,,,,,,,,,,,,,,,,,,,,,,,,,,,,,,,,,,,,,,,,,,,,,,,,,,,,,,
1600,,,200,,,,450,2500,,,1600,,,,1250,,,,,800,,,,250,1000,,160000,,,,,,,,,4500,,,,16000,,,650,,2250,,5000,8240,,2250,400,18500,,6170,,,,,,,1500,,,,,,1250,11700,135000,1000,5000,1250,,,13100,,,18500,,,,,,,,,,500,,,,,,,2250,,800,2500,,,,,,,1250,,,,,,,,,1500,400,,100,,,,1300,,5000,,,1100,,,,2000,,,,4200,,,,,,,20700,,,760,,,,,,,,,,1000,7900,,,,,,1500,,,,,2750,700,,
1601,,,,,,,,,,,,,,,,,,,,,,,,,,,,,,,,,,,,,,,,,,,,,,,,,,,,,,,,,,,,,,,,,,,,,,,,,,,,,,,,,,,,,,,,,,,,,,,,,,,,,,,,,,,,,,,,,,,,,,,,,,,,,,,,,,,,,,,,,,,,,,,,,,,,,,,,,,,,,,,,,,,,,,,,,
1602,,,,,,,,,,,,,,,,,,,,,,,,,,,,,,,,,,,,,,,,,,,,,,,,,,,,,,,,,,,,,,,,,,,,,,,,,,,,,,,,,,,,,,,,,,,,,,,,,,,,,,,,,,,,,,,,,,,,,,,,,,,,,,,,,,,,,,,,,,,,,,,,,,,,,,,,,,,,,,,,,,,,,,,,,
1603,,,,,,,,,,,,,,,,,,,,,,,,,,,,,,,,,,,,,,,,,,,,,,,,,,,,,,,,,,,,,,,,,,,,,,,,,,,,,,,,,,,,,,,,,,,,,,,,,,,,,,,,,,,,,,,,,,,,,,,,,,,,,,,,,,,,,,,,,,,,,,,,,,,,,,,,,,,,,,,,,,,,,,,,,
1604,,,,,,,,,,,,,,,,,,,,,,,,,,,,,,,,,,,,,,,,,,,,,,,,,,,,,,,,,,,,,,,,,,,,,,,,,,,,,,,,,,,,,,,,,,,,,,,,,,,,,,,,,,,,,,,,,,,,,,,,,,,,,,,,,,,,,,,,,,,,,,,,,,,,,,,,,,,,,,,,,,,,,,,,,
1605,,,,,,,,,,,,,,,,,,,,,,,,,,,,,,,,,,,,,,,,,,,,,,,,,,,,,,,,,,,,,,,,,,,,,,,,,,,,,,,,,,,,,,,,,,,,,,,,,,,,,,,,,,,,,,,,,,,,,,,,,,,,,,,,,,,,,,,,,,,,,,,,,,,,,,,,,,,,,,,,,,,,,,,,,
1606,,,,,,,,,,,,,,,,,,,,,,,,,,,,,,,,,,,,,,,,,,,,,,,,,,,,,,,,,,,,,,,,,,,,,,,,,,,,,,,,,,,,,,,,,,,,,,,,,,,,,,,,,,,,,,,,,,,,,,,,,,,,,,,,,,,,,,,,,,,,,,,,,,,,,,,,,,,,,,,,,,,,,,,,,
1607,,,,,,,,,,,,,,,,,,,,,,,,,,,,,,,,,,,,,,,,,,,,,,,,,,,,,,,,,,,,,,,,,,,,,,,,,,,,,,,,,,,,,,,,,,,,,,,,,,,,,,,,,,,,,,,,,,,,,,,,,,,,,,,,,,,,,,,,,,,,,,,,,,,,,,,,,,,,,,,,,,,,,,,,,
1608,,,,,,,,,,,,,,,,,,,,,,,,,,,,,,,,,,,,,,,,,,,,,,,,,,,,,,,,,,,,,,,,,,,,,,,,,,,,,,,,,,,,,,,,,,,,,,,,,,,,,,,,,,,,,,,,,,,,,,,,,,,,,,,,,,,,,,,,,,,,,,,,,,,,,,,,,,,,,,,,,,,,,,,,,
1609,,,,,,,,,,,,,,,,,,,,,,,,,,,,,,,,,,,,,,,,,,,,,,,,,,,,,,,,,,,,,,,,,,,,,,,,,,,,,,,,,,,,,,,,,,,,,,,,,,,,,,,,,,,,,,,,,,,,,,,,,,,,,,,,,,,,,,,,,,,,,,,,,,,,,,,,,,,,,,,,,,,,,,,,,
1610,,,,,,,,,,,,,,,,,,,,,,,,,,,,,,,,,,,,,,,,,,,,,,,,,,,,,,,,,,,,,,,,,,,,,,,,,,,,,,,,,,,,,,,,,,,,,,,,,,,,,,,,,,,,,,,,,,,,,,,,,,,,,,,,,,,,,,,,,,,,,,,,,,,,,,,,,,,,,,,,,,,,,,,,,
1611,,,,,,,,,,,,,,,,,,,,,,,,,,,,,,,,,,,,,,,,,,,,,,,,,,,,,,,,,,,,,,,,,,,,,,,,,,,,,,,,,,,,,,,,,,,,,,,,,,,,,,,,,,,,,,,,,,,,,,,,,,,,,,,,,,,,,,,,,,,,,,,,,,,,,,,,,,,,,,,,,,,,,,,,,
1612,,,,,,,,,,,,,,,,,,,,,,,,,,,,,,,,,,,,,,,,,,,,,,,,,,,,,,,,,,,,,,,,,,,,,,,,,,,,,,,,,,,,,,,,,,,,,,,,,,,,,,,,,,,,,,,,,,,,,,,,,,,,,,,,,,,,,,,,,,,,,,,,,,,,,,,,,,,,,,,,,,,,,,,,,
1613,,,,,,,,,,,,,,,,,,,,,,,,,,,,,,,,,,,,,,,,,,,,,,,,,,,,,,,,,,,,,,,,,,,,,,,,,,,,,,,,,,,,,,,,,,,,,,,,,,,,,,,,,,,,,,,,,,,,,,,,,,,,,,,,,,,,,,,,,,,,,,,,,,,,,,,,,,,,,,,,,,,,,,,,,
1614,,,,,,,,,,,,,,,,,,,,,,,,,,,,,,,,,,,,,,,,,,,,,,,,,,,,,,,,,,,,,,,,,,,,,,,,,,,,,,,,,,,,,,,,,,,,,,,,,,,,,,,,,,,,,,,,,,,,,,,,,,,,,,,,,,,,,,,,,,,,,,,,,,,,,,,,,,,,,,,,,,,,,,,,,
1615,,,,,,,,,,,,,,,,,,,,,,,,,,,,,,,,,,,,,,,,,,,,,,,,,,,,,,,,,,,,,,,,,,,,,,,,,,,,,,,,,,,,,,,,,,,,,,,,,,,,,,,,,,,,,,,,,,,,,,,,,,,,,,,,,,,,,,,,,,,,,,,,,,,,,,,,,,,,,,,,,,,,,,,,,
1616,,,,,,,,,,,,,,,,,,,,,,,,,,,,,,,,,,,,,,,,,,,,,,,,,,,,,,,,,,,,,,,,,,,,,,,,,,,,,,,,,,,,,,,,,,,,,,,,,,,,,,,,,,,,,,,,,,,,,,,,,,,,,,,,,,,,,,,,,,,,,,,,,,,,,,,,,,,,,,,,,,,,,,,,,
1617,,,,,,,,,,,,,,,,,,,,,,,,,,,,,,,,,,,,,,,,,,,,,,,,,,,,,,,,,,,,,,,,,,,,,,,,,,,,,,,,,,,,,,,,,,,,,,,,,,,,,,,,,,,,,,,,,,,,,,,,,,,,,,,,,,,,,,,,,,,,,,,,,,,,,,,,,,,,,,,,,,,,,,,,,
1618,,,,,,,,,,,,,,,,,,,,,,,,,,,,,,,,,,,,,,,,,,,,,,,,,,,,,,,,,,,,,,,,,,,,,,,,,,,,,,,,,,,,,,,,,,,,,,,,,,,,,,,,,,,,,,,,,,,,,,,,,,,,,,,,,,,,,,,,,,,,,,,,,,,,,,,,,,,,,,,,,,,,,,,,,
1619,,,,,,,,,,,,,,,,,,,,,,,,,,,,,,,,,,,,,,,,,,,,,,,,,,,,,,,,,,,,,,,,,,,,,,,,,,,,,,,,,,,,,,,,,,,,,,,,,,,,,,,,,,,,,,,,,,,,,,,,,,,,,,,,,,,,,,,,,,,,,,,,,,,,,,,,,,,,,,,,,,,,,,,,,
1620,,,,,,,,,,,,,,,,,,,,,,,,,,,,,,,,,,,,,,,,,,,,,,,,,,,,,,,,,,,,,,,,,,,,,,,,,,,,,,,,,,,,,,,,,,,,,,,,,,,,,,,,,,,,,,,,,,,,,,,,,,,,,,,,,,,,,,,,,,,,,,,,,,,,,,,,,,,,,,,,,,,,,,,,,
1621,,,,,,,,,,,,,,,,,,,,,,,,,,,,,,,,,,,,,,,,,,,,,,,,,,,,,,,,,,,,,,,,,,,,,,,,,,,,,,,,,,,,,,,,,,,,,,,,,,,,,,,,,,,,,,,,,,,,,,,,,,,,,,,,,,,,,,,,,,,,,,,,,,,,,,,,,,,,,,,,,,,,,,,,,
1622,,,,,,,,,,,,,,,,,,,,,,,,,,,,,,,,,,,,,,,,,,,,,,,,,,,,,,,,,,,,,,,,,,,,,,,,,,,,,,,,,,,,,,,,,,,,,,,,,,,,,,,,,,,,,,,,,,,,,,,,,,,,,,,,,,,,,,,,,,,,,,,,,,,,,,,,,,,,,,,,,,,,,,,,,
1623,,,,,,,,,,,,,,,,,,,,,,,,,,,,,,,,,,,,,,,,,,,,,,,,,,,,,,,,,,,,,,,,,,,,,,,,,,,,,,,,,,,,,,,,,,,,,,,,,,,,,,,,,,,,,,,,,,,,,,,,,,,,,,,,,,,,,,,,,,,,,,,,,,,,,,,,,,,,,,,,,,,,,,,,,
1624,,,,,,,,,,,,,,,,,,,,,,,,,,,,,,,,,,,,,,,,,,,,,,,,,,,,,,,,,,,,,,,,,,,,,,,,,,,,,,,,,,,,,,,,,,,,,,,,,,,,,,,,,,,,,,,,,,,,,,,,,,,,,,,,,,,,,,,,,,,,,,,,,,,,,,,,,,,,,,,,,,,,,,,,,
1625,,,,,,,,,,,,,,,,,,,,,,,,,,,,,,,,,,,,,,,,,,,,,,,,,,,,,,,,,,,,,,,,,,,,,,,,,,,,,,,,,,,,,,,,,,,,,,,,,,,,,,,,,,,,,,,,,,,,,,,,,,,,,,,,,,,,,,,,,,,,,,,,,,,,,,,,,,,,,,,,,,,,,,,,,
1626,,,,,,,,,,,,,,,,,,,,,,,,,,,,,,,,,,,,,,,,,,,,,,,,,,,,,,,,,,,,,,,,,,,,,,,,,,,,,,,,,,,,,,,,,,,,,,,,,,,,,,,,,,,,,,,,,,,,,,,,,,,,,,,,,,,,,,,,,,,,,,,,,,,,,,,,,,,,,,,,,,,,,,,,,
1627,,,,,,,,,,,,,,,,,,,,,,,,,,,,,,,,,,,,,,,,,,,,,,,,,,,,,,,,,,,,,,,,,,,,,,,,,,,,,,,,,,,,,,,,,,,,,,,,,,,,,,,,,,,,,,,,,,,,,,,,,,,,,,,,,,,,,,,,,,,,,,,,,,,,,,,,,,,,,,,,,,,,,,,,,
1628,,,,,,,,,,,,,,,,,,,,,,,,,,,,,,,,,,,,,,,,,,,,,,,,,,,,,,,,,,,,,,,,,,,,,,,,,,,,,,,,,,,,,,,,,,,,,,,,,,,,,,,,,,,,,,,,,,,,,,,,,,,,,,,,,,,,,,,,,,,,,,,,,,,,,,,,,,,,,,,,,,,,,,,,,
1629,,,,,,,,,,,,,,,,,,,,,,,,,,,,,,,,,,,,,,,,,,,,,,,,,,,,,,,,,,,,,,,,,,,,,,,,,,,,,,,,,,,,,,,,,,,,,,,,,,,,,,,,,,,,,,,,,,,,,,,,,,,,,,,,,,,,,,,,,,,,,,,,,,,,,,,,,,,,,,,,,,,,,,,,,
1630,,,,,,,,,,,,,,,,,,,,,,,,,,,,,,,,,,,,,,,,,,,,,,,,,,,,,,,,,,,,,,,,,,,,,,,,,,,,,,,,,,,,,,,,,,,,,,,,,,,,,,,,,,,,,,,,,,,,,,,,,,,,,,,,,,,,,,,,,,,,,,,,,,,,,,,,,,,,,,,,,,,,,,,,,
1631,,,,,,,,,,,,,,,,,,,,,,,,,,,,,,,,,,,,,,,,,,,,,,,,,,,,,,,,,,,,,,,,,,,,,,,,,,,,,,,,,,,,,,,,,,,,,,,,,,,,,,,,,,,,,,,,,,,,,,,,,,,,,,,,,,,,,,,,,,,,,,,,,,,,,,,,,,,,,,,,,,,,,,,,,
1632,,,,,,,,,,,,,,,,,,,,,,,,,,,,,,,,,,,,,,,,,,,,,,,,,,,,,,,,,,,,,,,,,,,,,,,,,,,,,,,,,,,,,,,,,,,,,,,,,,,,,,,,,,,,,,,,,,,,,,,,,,,,,,,,,,,,,,,,,,,,,,,,,,,,,,,,,,,,,,,,,,,,,,,,,
1633,,,,,,,,,,,,,,,,,,,,,,,,,,,,,,,,,,,,,,,,,,,,,,,,,,,,,,,,,,,,,,,,,,,,,,,,,,,,,,,,,,,,,,,,,,,,,,,,,,,,,,,,,,,,,,,,,,,,,,,,,,,,,,,,,,,,,,,,,,,,,,,,,,,,,,,,,,,,,,,,,,,,,,,,,
1634,,,,,,,,,,,,,,,,,,,,,,,,,,,,,,,,,,,,,,,,,,,,,,,,,,,,,,,,,,,,,,,,,,,,,,,,,,,,,,,,,,,,,,,,,,,,,,,,,,,,,,,,,,,,,,,,,,,,,,,,,,,,,,,,,,,,,,,,,,,,,,,,,,,,,,,,,,,,,,,,,,,,,,,,,
1635,,,,,,,,,,,,,,,,,,,,,,,,,,,,,,,,,,,,,,,,,,,,,,,,,,,,,,,,,,,,,,,,,,,,,,,,,,,,,,,,,,,,,,,,,,,,,,,,,,,,,,,,,,,,,,,,,,,,,,,,,,,,,,,,,,,,,,,,,,,,,,,,,,,,,,,,,,,,,,,,,,,,,,,,,
1636,,,,,,,,,,,,,,,,,,,,,,,,,,,,,,,,,,,,,,,,,,,,,,,,,,,,,,,,,,,,,,,,,,,,,,,,,,,,,,,,,,,,,,,,,,,,,,,,,,,,,,,,,,,,,,,,,,,,,,,,,,,,,,,,,,,,,,,,,,,,,,,,,,,,,,,,,,,,,,,,,,,,,,,,,
1637,,,,,,,,,,,,,,,,,,,,,,,,,,,,,,,,,,,,,,,,,,,,,,,,,,,,,,,,,,,,,,,,,,,,,,,,,,,,,,,,,,,,,,,,,,,,,,,,,,,,,,,,,,,,,,,,,,,,,,,,,,,,,,,,,,,,,,,,,,,,,,,,,,,,,,,,,,,,,,,,,,,,,,,,,
1638,,,,,,,,,,,,,,,,,,,,,,,,,,,,,,,,,,,,,,,,,,,,,,,,,,,,,,,,,,,,,,,,,,,,,,,,,,,,,,,,,,,,,,,,,,,,,,,,,,,,,,,,,,,,,,,,,,,,,,,,,,,,,,,,,,,,,,,,,,,,,,,,,,,,,,,,,,,,,,,,,,,,,,,,,
1639,,,,,,,,,,,,,,,,,,,,,,,,,,,,,,,,,,,,,,,,,,,,,,,,,,,,,,,,,,,,,,,,,,,,,,,,,,,,,,,,,,,,,,,,,,,,,,,,,,,,,,,,,,,,,,,,,,,,,,,,,,,,,,,,,,,,,,,,,,,,,,,,,,,,,,,,,,,,,,,,,,,,,,,,,
1640,,,,,,,,,,,,,,,,,,,,,,,,,,,,,,,,,,,,,,,,,,,,,,,,,,,,,,,,,,,,,,,,,,,,,,,,,,,,,,,,,,,,,,,,,,,,,,,,,,,,,,,,,,,,,,,,,,,,,,,,,,,,,,,,,,,,,,,,,,,,,,,,,,,,,,,,,,,,,,,,,,,,,,,,,
1641,,,,,,,,,,,,,,,,,,,,,,,,,,,,,,,,,,,,,,,,,,,,,,,,,,,,,,,,,,,,,,,,,,,,,,,,,,,,,,,,,,,,,,,,,,,,,,,,,,,,,,,,,,,,,,,,,,,,,,,,,,,,,,,,,,,,,,,,,,,,,,,,,,,,,,,,,,,,,,,,,,,,,,,,,
1642,,,,,,,,,,,,,,,,,,,,,,,,,,,,,,,,,,,,,,,,,,,,,,,,,,,,,,,,,,,,,,,,,,,,,,,,,,,,,,,,,,,,,,,,,,,,,,,,,,,,,,,,,,,,,,,,,,,,,,,,,,,,,,,,,,,,,,,,,,,,,,,,,,,,,,,,,,,,,,,,,,,,,,,,,
1643,,,,,,,,,,,,,,,,,,,,,,,,,,,,,,,,,,,,,,,,,,,,,,,,,,,,,,,,,,,,,,,,,,,,,,,,,,,,,,,,,,,,,,,,,,,,,,,,,,,,,,,,,,,,,,,,,,,,,,,,,,,,,,,,,,,,,,,,,,,,,,,,,,,,,,,,,,,,,,,,,,,,,,,,,
1644,,,,,,,,,,,,,,,,,,,,,,,,,,,,,,,,,,,,,,,,,,,,,,,,,,,,,,,,,,,,,,,,,,,,,,,,,,,,,,,,,,,,,,,,,,,,,,,,,,,,,,,,,,,,,,,,,,,,,,,,,,,,,,,,,,,,,,,,,,,,,,,,,,,,,,,,,,,,,,,,,,,,,,,,,
1645,,,,,,,,,,,,,,,,,,,,,,,,,,,,,,,,,,,,,,,,,,,,,,,,,,,,,,,,,,,,,,,,,,,,,,,,,,,,,,,,,,,,,,,,,,,,,,,,,,,,,,,,,,,,,,,,,,,,,,,,,,,,,,,,,,,,,,,,,,,,,,,,,,,,,,,,,,,,,,,,,,,,,,,,,
1646,,,,,,,,,,,,,,,,,,,,,,,,,,,,,,,,,,,,,,,,,,,,,,,,,,,,,,,,,,,,,,,,,,,,,,,,,,,,,,,,,,,,,,,,,,,,,,,,,,,,,,,,,,,,,,,,,,,,,,,,,,,,,,,,,,,,,,,,,,,,,,,,,,,,,,,,,,,,,,,,,,,,,,,,,
1647,,,,,,,,,,,,,,,,,,,,,,,,,,,,,,,,,,,,,,,,,,,,,,,,,,,,,,,,,,,,,,,,,,,,,,,,,,,,,,,,,,,,,,,,,,,,,,,,,,,,,,,,,,,,,,,,,,,,,,,,,,,,,,,,,,,,,,,,,,,,,,,,,,,,,,,,,,,,,,,,,,,,,,,,,
1648,,,,,,,,,,,,,,,,,,,,,,,,,,,,,,,,,,,,,,,,,,,,,,,,,,,,,,,,,,,,,,,,,,,,,,,,,,,,,,,,,,,,,,,,,,,,,,,,,,,,,,,,,,,,,,,,,,,,,,,,,,,,,,,,,,,,,,,,,,,,,,,,,,,,,,,,,,,,,,,,,,,,,,,,,
1649,,,,,,,,,,,,,,,,,,,,,,,,,,,,,,,,,,,,,,,,,,,,,,,,,,,,,,,,,,,,,,,,,,,,,,,,,,,,,,,,,,,,,,,,,,,,,,,,,,,,,,,,,,,,,,,,,,,,,,,,,,,,,,,,,,,,,,,,,,,,,,,,,,,,,,,,,,,,,,,,,,,,,,,,,
1650,,,,,,,,,,,,,,,,,,,,,,,,,,,,,,,,,,,,,,,,,,,,,,,,,,,,,,,,,,,,,,,,,,,,,,,,,,,,,,,,,,,,,,,,,,,,,,,,,,,,,,,,,,,,,,,,,,,,,,,,,,,,,,,,,,,,,,,,,,,,,,,,,,,,,,,,,,,,,,,,,,,,,,,,,
1651,,,,,,,,,,,,,,,,,,,,,,,,,,,,,,,,,,,,,,,,,,,,,,,,,,,,,,,,,,,,,,,,,,,,,,,,,,,,,,,,,,,,,,,,,,,,,,,,,,,,,,,,,,,,,,,,,,,,,,,,,,,,,,,,,,,,,,,,,,,,,,,,,,,,,,,,,,,,,,,,,,,,,,,,,
1652,,,,,,,,,,,,,,,,,,,,,,,,,,,,,,,,,,,,,,,,,,,,,,,,,,,,,,,,,,,,,,,,,,,,,,,,,,,,,,,,,,,,,,,,,,,,,,,,,,,,,,,,,,,,,,,,,,,,,,,,,,,,,,,,,,,,,,,,,,,,,,,,,,,,,,,,,,,,,,,,,,,,,,,,,
1653,,,,,,,,,,,,,,,,,,,,,,,,,,,,,,,,,,,,,,,,,,,,,,,,,,,,,,,,,,,,,,,,,,,,,,,,,,,,,,,,,,,,,,,,,,,,,,,,,,,,,,,,,,,,,,,,,,,,,,,,,,,,,,,,,,,,,,,,,,,,,,,,,,,,,,,,,,,,,,,,,,,,,,,,,
1654,,,,,,,,,,,,,,,,,,,,,,,,,,,,,,,,,,,,,,,,,,,,,,,,,,,,,,,,,,,,,,,,,,,,,,,,,,,,,,,,,,,,,,,,,,,,,,,,,,,,,,,,,,,,,,,,,,,,,,,,,,,,,,,,,,,,,,,,,,,,,,,,,,,,,,,,,,,,,,,,,,,,,,,,,
1655,,,,,,,,,,,,,,,,,,,,,,,,,,,,,,,,,,,,,,,,,,,,,,,,,,,,,,,,,,,,,,,,,,,,,,,,,,,,,,,,,,,,,,,,,,,,,,,,,,,,,,,,,,,,,,,,,,,,,,,,,,,,,,,,,,,,,,,,,,,,,,,,,,,,,,,,,,,,,,,,,,,,,,,,,
1656,,,,,,,,,,,,,,,,,,,,,,,,,,,,,,,,,,,,,,,,,,,,,,,,,,,,,,,,,,,,,,,,,,,,,,,,,,,,,,,,,,,,,,,,,,,,,,,,,,,,,,,,,,,,,,,,,,,,,,,,,,,,,,,,,,,,,,,,,,,,,,,,,,,,,,,,,,,,,,,,,,,,,,,,,
1657,,,,,,,,,,,,,,,,,,,,,,,,,,,,,,,,,,,,,,,,,,,,,,,,,,,,,,,,,,,,,,,,,,,,,,,,,,,,,,,,,,,,,,,,,,,,,,,,,,,,,,,,,,,,,,,,,,,,,,,,,,,,,,,,,,,,,,,,,,,,,,,,,,,,,,,,,,,,,,,,,,,,,,,,,
1658,,,,,,,,,,,,,,,,,,,,,,,,,,,,,,,,,,,,,,,,,,,,,,,,,,,,,,,,,,,,,,,,,,,,,,,,,,,,,,,,,,,,,,,,,,,,,,,,,,,,,,,,,,,,,,,,,,,,,,,,,,,,,,,,,,,,,,,,,,,,,,,,,,,,,,,,,,,,,,,,,,,,,,,,,
1659,,,,,,,,,,,,,,,,,,,,,,,,,,,,,,,,,,,,,,,,,,,,,,,,,,,,,,,,,,,,,,,,,,,,,,,,,,,,,,,,,,,,,,,,,,,,,,,,,,,,,,,,,,,,,,,,,,,,,,,,,,,,,,,,,,,,,,,,,,,,,,,,,,,,,,,,,,,,,,,,,,,,,,,,,
1660,,,,,,,,,,,,,,,,,,,,,,,,,,,,,,,,,,,,,,,,,,,,,,,,,,,,,,,,,,,,,,,,,,,,,,,,,,,,,,,,,,,,,,,,,,,,,,,,,,,,,,,,,,,,,,,,,,,,,,,,,,,,,,,,,,,,,,,,,,,,,,,,,,,,,,,,,,,,,,,,,,,,,,,,,
1661,,,,,,,,,,,,,,,,,,,,,,,,,,,,,,,,,,,,,,,,,,,,,,,,,,,,,,,,,,,,,,,,,,,,,,,,,,,,,,,,,,,,,,,,,,,,,,,,,,,,,,,,,,,,,,,,,,,,,,,,,,,,,,,,,,,,,,,,,,,,,,,,,,,,,,,,,,,,,,,,,,,,,,,,,
1662,,,,,,,,,,,,,,,,,,,,,,,,,,,,,,,,,,,,,,,,,,,,,,,,,,,,,,,,,,,,,,,,,,,,,,,,,,,,,,,,,,,,,,,,,,,,,,,,,,,,,,,,,,,,,,,,,,,,,,,,,,,,,,,,,,,,,,,,,,,,,,,,,,,,,,,,,,,,,,,,,,,,,,,,,
1663,,,,,,,,,,,,,,,,,,,,,,,,,,,,,,,,,,,,,,,,,,,,,,,,,,,,,,,,,,,,,,,,,,,,,,,,,,,,,,,,,,,,,,,,,,,,,,,,,,,,,,,,,,,,,,,,,,,,,,,,,,,,,,,,,,,,,,,,,,,,,,,,,,,,,,,,,,,,,,,,,,,,,,,,,
1664,,,,,,,,,,,,,,,,,,,,,,,,,,,,,,,,,,,,,,,,,,,,,,,,,,,,,,,,,,,,,,,,,,,,,,,,,,,,,,,,,,,,,,,,,,,,,,,,,,,,,,,,,,,,,,,,,,,,,,,,,,,,,,,,,,,,,,,,,,,,,,,,,,,,,,,,,,,,,,,,,,,,,,,,,
1665,,,,,,,,,,,,,,,,,,,,,,,,,,,,,,,,,,,,,,,,,,,,,,,,,,,,,,,,,,,,,,,,,,,,,,,,,,,,,,,,,,,,,,,,,,,,,,,,,,,,,,,,,,,,,,,,,,,,,,,,,,,,,,,,,,,,,,,,,,,,,,,,,,,,,,,,,,,,,,,,,,,,,,,,,
1666,,,,,,,,,,,,,,,,,,,,,,,,,,,,,,,,,,,,,,,,,,,,,,,,,,,,,,,,,,,,,,,,,,,,,,,,,,,,,,,,,,,,,,,,,,,,,,,,,,,,,,,,,,,,,,,,,,,,,,,,,,,,,,,,,,,,,,,,,,,,,,,,,,,,,,,,,,,,,,,,,,,,,,,,,
1667,,,,,,,,,,,,,,,,,,,,,,,,,,,,,,,,,,,,,,,,,,,,,,,,,,,,,,,,,,,,,,,,,,,,,,,,,,,,,,,,,,,,,,,,,,,,,,,,,,,,,,,,,,,,,,,,,,,,,,,,,,,,,,,,,,,,,,,,,,,,,,,,,,,,,,,,,,,,,,,,,,,,,,,,,
1668,,,,,,,,,,,,,,,,,,,,,,,,,,,,,,,,,,,,,,,,,,,,,,,,,,,,,,,,,,,,,,,,,,,,,,,,,,,,,,,,,,,,,,,,,,,,,,,,,,,,,,,,,,,,,,,,,,,,,,,,,,,,,,,,,,,,,,,,,,,,,,,,,,,,,,,,,,,,,,,,,,,,,,,,,
1669,,,,,,,,,,,,,,,,,,,,,,,,,,,,,,,,,,,,,,,,,,,,,,,,,,,,,,,,,,,,,,,,,,,,,,,,,,,,,,,,,,,,,,,,,,,,,,,,,,,,,,,,,,,,,,,,,,,,,,,,,,,,,,,,,,,,,,,,,,,,,,,,,,,,,,,,,,,,,,,,,,,,,,,,,
1670,,,,,,,,,,,,,,,,,,,,,,,,,,,,,,,,,,,,,,,,,,,,,,,,,,,,,,,,,,,,,,,,,,,,,,,,,,,,,,,,,,,,,,,,,,,,,,,,,,,,,,,,,,,,,,,,,,,,,,,,,,,,,,,,,,,,,,,,,,,,,,,,,,,,,,,,,,,,,,,,,,,,,,,,,
1671,,,,,,,,,,,,,,,,,,,,,,,,,,,,,,,,,,,,,,,,,,,,,,,,,,,,,,,,,,,,,,,,,,,,,,,,,,,,,,,,,,,,,,,,,,,,,,,,,,,,,,,,,,,,,,,,,,,,,,,,,,,,,,,,,,,,,,,,,,,,,,,,,,,,,,,,,,,,,,,,,,,,,,,,,
1672,,,,,,,,,,,,,,,,,,,,,,,,,,,,,,,,,,,,,,,,,,,,,,,,,,,,,,,,,,,,,,,,,,,,,,,,,,,,,,,,,,,,,,,,,,,,,,,,,,,,,,,,,,,,,,,,,,,,,,,,,,,,,,,,,,,,,,,,,,,,,,,,,,,,,,,,,,,,,,,,,,,,,,,,,
1673,,,,,,,,,,,,,,,,,,,,,,,,,,,,,,,,,,,,,,,,,,,,,,,,,,,,,,,,,,,,,,,,,,,,,,,,,,,,,,,,,,,,,,,,,,,,,,,,,,,,,,,,,,,,,,,,,,,,,,,,,,,,,,,,,,,,,,,,,,,,,,,,,,,,,,,,,,,,,,,,,,,,,,,,,
1674,,,,,,,,,,,,,,,,,,,,,,,,,,,,,,,,,,,,,,,,,,,,,,,,,,,,,,,,,,,,,,,,,,,,,,,,,,,,,,,,,,,,,,,,,,,,,,,,,,,,,,,,,,,,,,,,,,,,,,,,,,,,,,,,,,,,,,,,,,,,,,,,,,,,,,,,,,,,,,,,,,,,,,,,,
1675,,,,,,,,,,,,,,,,,,,,,,,,,,,,,,,,,,,,,,,,,,,,,,,,,,,,,,,,,,,,,,,,,,,,,,,,,,,,,,,,,,,,,,,,,,,,,,,,,,,,,,,,,,,,,,,,,,,,,,,,,,,,,,,,,,,,,,,,,,,,,,,,,,,,,,,,,,,,,,,,,,,,,,,,,
1676,,,,,,,,,,,,,,,,,,,,,,,,,,,,,,,,,,,,,,,,,,,,,,,,,,,,,,,,,,,,,,,,,,,,,,,,,,,,,,,,,,,,,,,,,,,,,,,,,,,,,,,,,,,,,,,,,,,,,,,,,,,,,,,,,,,,,,,,,,,,,,,,,,,,,,,,,,,,,,,,,,,,,,,,,
1677,,,,,,,,,,,,,,,,,,,,,,,,,,,,,,,,,,,,,,,,,,,,,,,,,,,,,,,,,,,,,,,,,,,,,,,,,,,,,,,,,,,,,,,,,,,,,,,,,,,,,,,,,,,,,,,,,,,,,,,,,,,,,,,,,,,,,,,,,,,,,,,,,,,,,,,,,,,,,,,,,,,,,,,,,
1678,,,,,,,,,,,,,,,,,,,,,,,,,,,,,,,,,,,,,,,,,,,,,,,,,,,,,,,,,,,,,,,,,,,,,,,,,,,,,,,,,,,,,,,,,,,,,,,,,,,,,,,,,,,,,,,,,,,,,,,,,,,,,,,,,,,,,,,,,,,,,,,,,,,,,,,,,,,,,,,,,,,,,,,,,
1679,,,,,,,,,,,,,,,,,,,,,,,,,,,,,,,,,,,,,,,,,,,,,,,,,,,,,,,,,,,,,,,,,,,,,,,,,,,,,,,,,,,,,,,,,,,,,,,,,,,,,,,,,,,,,,,,,,,,,,,,,,,,,,,,,,,,,,,,,,,,,,,,,,,,,,,,,,,,,,,,,,,,,,,,,
1680,,,,,,,,,,,,,,,,,,,,,,,,,,,,,,,,,,,,,,,,,,,,,,,,,,,,,,,,,,,,,,,,,,,,,,,,,,,,,,,,,,,,,,,,,,,,,,,,,,,,,,,,,,,,,,,,,,,,,,,,,,,,,,,,,,,,,,,,,,,,,,,,,,,,,,,,,,,,,,,,,,,,,,,,,
1681,,,,,,,,,,,,,,,,,,,,,,,,,,,,,,,,,,,,,,,,,,,,,,,,,,,,,,,,,,,,,,,,,,,,,,,,,,,,,,,,,,,,,,,,,,,,,,,,,,,,,,,,,,,,,,,,,,,,,,,,,,,,,,,,,,,,,,,,,,,,,,,,,,,,,,,,,,,,,,,,,,,,,,,,,
1682,,,,,,,,,,,,,,,,,,,,,,,,,,,,,,,,,,,,,,,,,,,,,,,,,,,,,,,,,,,,,,,,,,,,,,,,,,,,,,,,,,,,,,,,,,,,,,,,,,,,,,,,,,,,,,,,,,,,,,,,,,,,,,,,,,,,,,,,,,,,,,,,,,,,,,,,,,,,,,,,,,,,,,,,,
1683,,,,,,,,,,,,,,,,,,,,,,,,,,,,,,,,,,,,,,,,,,,,,,,,,,,,,,,,,,,,,,,,,,,,,,,,,,,,,,,,,,,,,,,,,,,,,,,,,,,,,,,,,,,,,,,,,,,,,,,,,,,,,,,,,,,,,,,,,,,,,,,,,,,,,,,,,,,,,,,,,,,,,,,,,
1684,,,,,,,,,,,,,,,,,,,,,,,,,,,,,,,,,,,,,,,,,,,,,,,,,,,,,,,,,,,,,,,,,,,,,,,,,,,,,,,,,,,,,,,,,,,,,,,,,,,,,,,,,,,,,,,,,,,,,,,,,,,,,,,,,,,,,,,,,,,,,,,,,,,,,,,,,,,,,,,,,,,,,,,,,
1685,,,,,,,,,,,,,,,,,,,,,,,,,,,,,,,,,,,,,,,,,,,,,,,,,,,,,,,,,,,,,,,,,,,,,,,,,,,,,,,,,,,,,,,,,,,,,,,,,,,,,,,,,,,,,,,,,,,,,,,,,,,,,,,,,,,,,,,,,,,,,,,,,,,,,,,,,,,,,,,,,,,,,,,,,
1686,,,,,,,,,,,,,,,,,,,,,,,,,,,,,,,,,,,,,,,,,,,,,,,,,,,,,,,,,,,,,,,,,,,,,,,,,,,,,,,,,,,,,,,,,,,,,,,,,,,,,,,,,,,,,,,,,,,,,,,,,,,,,,,,,,,,,,,,,,,,,,,,,,,,,,,,,,,,,,,,,,,,,,,,,
1687,,,,,,,,,,,,,,,,,,,,,,,,,,,,,,,,,,,,,,,,,,,,,,,,,,,,,,,,,,,,,,,,,,,,,,,,,,,,,,,,,,,,,,,,,,,,,,,,,,,,,,,,,,,,,,,,,,,,,,,,,,,,,,,,,,,,,,,,,,,,,,,,,,,,,,,,,,,,,,,,,,,,,,,,,
1688,,,,,,,,,,,,,,,,,,,,,,,,,,,,,,,,,,,,,,,,,,,,,,,,,,,,,,,,,,,,,,,,,,,,,,,,,,,,,,,,,,,,,,,,,,,,,,,,,,,,,,,,,,,,,,,,,,,,,,,,,,,,,,,,,,,,,,,,,,,,,,,,,,,,,,,,,,,,,,,,,,,,,,,,,
1689,,,,,,,,,,,,,,,,,,,,,,,,,,,,,,,,,,,,,,,,,,,,,,,,,,,,,,,,,,,,,,,,,,,,,,,,,,,,,,,,,,,,,,,,,,,,,,,,,,,,,,,,,,,,,,,,,,,,,,,,,,,,,,,,,,,,,,,,,,,,,,,,,,,,,,,,,,,,,,,,,,,,,,,,,
1690,,,,,,,,,,,,,,,,,,,,,,,,,,,,,,,,,,,,,,,,,,,,,,,,,,,,,,,,,,,,,,,,,,,,,,,,,,,,,,,,,,,,,,,,,,,,,,,,,,,,,,,,,,,,,,,,,,,,,,,,,,,,,,,,,,,,,,,,,,,,,,,,,,,,,,,,,,,,,,,,,,,,,,,,,
1691,,,,,,,,,,,,,,,,,,,,,,,,,,,,,,,,,,,,,,,,,,,,,,,,,,,,,,,,,,,,,,,,,,,,,,,,,,,,,,,,,,,,,,,,,,,,,,,,,,,,,,,,,,,,,,,,,,,,,,,,,,,,,,,,,,,,,,,,,,,,,,,,,,,,,,,,,,,,,,,,,,,,,,,,,
1692,,,,,,,,,,,,,,,,,,,,,,,,,,,,,,,,,,,,,,,,,,,,,,,,,,,,,,,,,,,,,,,,,,,,,,,,,,,,,,,,,,,,,,,,,,,,,,,,,,,,,,,,,,,,,,,,,,,,,,,,,,,,,,,,,,,,,,,,,,,,,,,,,,,,,,,,,,,,,,,,,,,,,,,,,
1693,,,,,,,,,,,,,,,,,,,,,,,,,,,,,,,,,,,,,,,,,,,,,,,,,,,,,,,,,,,,,,,,,,,,,,,,,,,,,,,,,,,,,,,,,,,,,,,,,,,,,,,,,,,,,,,,,,,,,,,,,,,,,,,,,,,,,,,,,,,,,,,,,,,,,,,,,,,,,,,,,,,,,,,,,
1694,,,,,,,,,,,,,,,,,,,,,,,,,,,,,,,,,,,,,,,,,,,,,,,,,,,,,,,,,,,,,,,,,,,,,,,,,,,,,,,,,,,,,,,,,,,,,,,,,,,,,,,,,,,,,,,,,,,,,,,,,,,,,,,,,,,,,,,,,,,,,,,,,,,,,,,,,,,,,,,,,,,,,,,,,
1695,,,,,,,,,,,,,,,,,,,,,,,,,,,,,,,,,,,,,,,,,,,,,,,,,,,,,,,,,,,,,,,,,,,,,,,,,,,,,,,,,,,,,,,,,,,,,,,,,,,,,,,,,,,,,,,,,,,,,,,,,,,,,,,,,,,,,,,,,,,,,,,,,,,,,,,,,,,,,,,,,,,,,,,,,
1696,,,,,,,,,,,,,,,,,,,,,,,,,,,,,,,,,,,,,,,,,,,,,,,,,,,,,,,,,,,,,,,,,,,,,,,,,,,,,,,,,,,,,,,,,,,,,,,,,,,,,,,,,,,,,,,,,,,,,,,,,,,,,,,,,,,,,,,,,,,,,,,,,,,,,,,,,,,,,,,,,,,,,,,,,
1697,,,,,,,,,,,,,,,,,,,,,,,,,,,,,,,,,,,,,,,,,,,,,,,,,,,,,,,,,,,,,,,,,,,,,,,,,,,,,,,,,,,,,,,,,,,,,,,,,,,,,,,,,,,,,,,,,,,,,,,,,,,,,,,,,,,,,,,,,,,,,,,,,,,,,,,,,,,,,,,,,,,,,,,,,
1698,,,,,,,,,,,,,,,,,,,,,,,,,,,,,,,,,,,,,,,,,,,,,,,,,,,,,,,,,,,,,,,,,,,,,,,,,,,,,,,,,,,,,,,,,,,,,,,,,,,,,,,,,,,,,,,,,,,,,,,,,,,,,,,,,,,,,,,,,,,,,,,,,,,,,,,,,,,,,,,,,,,,,,,,,
1699,,,,,,,,,,,,,,,,,,,,,,,,,,,,,,,,,,,,,,,,,,,,,,,,,,,,,,,,,,,,,,,,,,,,,,,,,,,,,,,,,,,,,,,,,,,,,,,,,,,,,,,,,,,,,,,,,,,,,,,,,,,,,,,,,,,,,,,,,,,,,,,,,,,,,,,,,,,,,,,,,,,,,,,,,
1700,,,300,,,,450,2500,,,2000,,,,1250,,,,,1250,,,,200,1200,,138000,,,,,,,,,4500,,,,15000,,,700,,1750,,4500,8770,,2500,400,21471,,8565,,,,,,,1500,,,,,,1500,13100,165000,1925,5000,1000,,,13300,,,27000,,,,,,,,,,500,,,,,,,1750,,1000,4500,,,,,,,1500,,,,,,,,,1900,500,,100,,,,1300,,6000,,,2000,,,,2500,,,,4400,,,,,,,26550,,,1260,,,,,,,,,,800,8400,,,,,,1000,,,,,2750,1000,,
1701,,,,,,,,,,,,,,,,,,,,,,,,,,,,,,,,,,,,,,,,,,,,,,,,,,,,,,,,,,,,,,,,,,,,,,,,,,,,,,,,,,,,,,,,,,,,,,,,,,,,,,,,,,,,,,,,,,,,,,,,,,,,,,,,,,,,,,,,,,,,,,,,,,,,,,,,,,,,,,,,,,,,,,,,,
1702,,,,,,,,,,,,,,,,,,,,,,,,,,,,,,,,,,,,,,,,,,,,,,,,,,,,,,,,,,,,,,,,,,,,,,,,,,,,,,,,,,,,,,,,,,,,,,,,,,,,,,,,,,,,,,,,,,,,,,,,,,,,,,,,,,,,,,,,,,,,,,,,,,,,,,,,,,,,,,,,,,,,,,,,,
1703,,,,,,,,,,,,,,,,,,,,,,,,,,,,,,,,,,,,,,,,,,,,,,,,,,,,,,,,,,,,,,,,,,,,,,,,,,,,,,,,,,,,,,,,,,,,,,,,,,,,,,,,,,,,,,,,,,,,,,,,,,,,,,,,,,,,,,,,,,,,,,,,,,,,,,,,,,,,,,,,,,,,,,,,,
1704,,,,,,,,,,,,,,,,,,,,,,,,,,,,,,,,,,,,,,,,,,,,,,,,,,,,,,,,,,,,,,,,,,,,,,,,,,,,,,,,,,,,,,,,,,,,,,,,,,,,,,,,,,,,,,,,,,,,,,,,,,,,,,,,,,,,,,,,,,,,,,,,,,,,,,,,,,,,,,,,,,,,,,,,,
1705,,,,,,,,,,,,,,,,,,,,,,,,,,,,,,,,,,,,,,,,,,,,,,,,,,,,,,,,,,,,,,,,,,,,,,,,,,,,,,,,,,,,,,,,,,,,,,,,,,,,,,,,,,,,,,,,,,,,,,,,,,,,,,,,,,,,,,,,,,,,,,,,,,,,,,,,,,,,,,,,,,,,,,,,,
1706,,,,,,,,,,,,,,,,,,,,,,,,,,,,,,,,,,,,,,,,,,,,,,,,,,,,,,,,,,,,,,,,,,,,,,,,,,,,,,,,,,,,,,,,,,,,,,,,,,,,,,,,,,,,,,,,,,,,,,,,,,,,,,,,,,,,,,,,,,,,,,,,,,,,,,,,,,,,,,,,,,,,,,,,,
1707,,,,,,,,,,,,,,,,,,,,,,,,,,,,,,,,,,,,,,,,,,,,,,,,,,,,,,,,,,,,,,,,,,,,,,,,,,,,,,,,,,,,,,,,,,,,,,,,,,,,,,,,,,,,,,,,,,,,,,,,,,,,,,,,,,,,,,,,,,,,,,,,,,,,,,,,,,,,,,,,,,,,,,,,,
1708,,,,,,,,,,,,,,,,,,,,,,,,,,,,,,,,,,,,,,,,,,,,,,,,,,,,,,,,,,,,,,,,,,,,,,,,,,,,,,,,,,,,,,,,,,,,,,,,,,,,,,,,,,,,,,,,,,,,,,,,,,,,,,,,,,,,,,,,,,,,,,,,,,,,,,,,,,,,,,,,,,,,,,,,,
1709,,,,,,,,,,,,,,,,,,,,,,,,,,,,,,,,,,,,,,,,,,,,,,,,,,,,,,,,,,,,,,,,,,,,,,,,,,,,,,,,,,,,,,,,,,,,,,,,,,,,,,,,,,,,,,,,,,,,,,,,,,,,,,,,,,,,,,,,,,,,,,,,,,,,,,,,,,,,,,,,,,,,,,,,,
1710,,,,,,,,,,,,,,,,,,,,,,,,,,,,,,,,,,,,,,,,,,,,,,,,,,,,,,,,,,,,,,,,,,,,,,,,,,,,,,,,,,,,,,,,,,,,,,,,,,,,,,,,,,,,,,,,,,,,,,,,,,,,,,,,,,,,,,,,,,,,,,,,,,,,,,,,,,,,,,,,,,,,,,,,,
1711,,,,,,,,,,,,,,,,,,,,,,,,,,,,,,,,,,,,,,,,,,,,,,,,,,,,,,,,,,,,,,,,,,,,,,,,,,,,,,,,,,,,,,,,,,,,,,,,,,,,,,,,,,,,,,,,,,,,,,,,,,,,,,,,,,,,,,,,,,,,,,,,,,,,,,,,,,,,,,,,,,,,,,,,,
1712,,,,,,,,,,,,,,,,,,,,,,,,,,,,,,,,,,,,,,,,,,,,,,,,,,,,,,,,,,,,,,,,,,,,,,,,,,,,,,,,,,,,,,,,,,,,,,,,,,,,,,,,,,,,,,,,,,,,,,,,,,,,,,,,,,,,,,,,,,,,,,,,,,,,,,,,,,,,,,,,,,,,,,,,,
1713,,,,,,,,,,,,,,,,,,,,,,,,,,,,,,,,,,,,,,,,,,,,,,,,,,,,,,,,,,,,,,,,,,,,,,,,,,,,,,,,,,,,,,,,,,,,,,,,,,,,,,,,,,,,,,,,,,,,,,,,,,,,,,,,,,,,,,,,,,,,,,,,,,,,,,,,,,,,,,,,,,,,,,,,,
1714,,,,,,,,,,,,,,,,,,,,,,,,,,,,,,,,,,,,,,,,,,,,,,,,,,,,,,,,,,,,,,,,,,,,,,,,,,,,,,,,,,,,,,,,,,,,,,,,,,,,,,,,,,,,,,,,,,,,,,,,,,,,,,,,,,,,,,,,,,,,,,,,,,,,,,,,,,,,,,,,,,,,,,,,,
1715,,,,,,,,,,,,,,,,,,,,,,,,,,,,,,,,,,,,,,,,,,,,,,,,,,,,,,,,,,,,,,,,,,,,,,,,,,,,,,,,,,,,,,,,,,,,,,,,,,,,,,,,,,,,,,,,,,,,,,,,,,,,,,,,,,,,,,,,,,,,,,,,,,,,,,,,,,,,,,,,,,,,,,,,,
1716,,,,,,,,,,,,,,,,,,,,,,,,,,,,,,,,,,,,,,,,,,,,,,,,,,,,,,,,,,,,,,,,,,,,,,,,,,,,,,,,,,,,,,,,,,,,,,,,,,,,,,,,,,,,,,,,,,,,,,,,,,,,,,,,,,,,,,,,,,,,,,,,,,,,,,,,,,,,,,,,,,,,,,,,,
1717,,,,,,,,,,,,,,,,,,,,,,,,,,,,,,,,,,,,,,,,,,,,,,,,,,,,,,,,,,,,,,,,,,,,,,,,,,,,,,,,,,,,,,,,,,,,,,,,,,,,,,,,,,,,,,,,,,,,,,,,,,,,,,,,,,,,,,,,,,,,,,,,,,,,,,,,,,,,,,,,,,,,,,,,,
1718,,,,,,,,,,,,,,,,,,,,,,,,,,,,,,,,,,,,,,,,,,,,,,,,,,,,,,,,,,,,,,,,,,,,,,,,,,,,,,,,,,,,,,,,,,,,,,,,,,,,,,,,,,,,,,,,,,,,,,,,,,,,,,,,,,,,,,,,,,,,,,,,,,,,,,,,,,,,,,,,,,,,,,,,,
1719,,,,,,,,,,,,,,,,,,,,,,,,,,,,,,,,,,,,,,,,,,,,,,,,,,,,,,,,,,,,,,,,,,,,,,,,,,,,,,,,,,,,,,,,,,,,,,,,,,,,,,,,,,,,,,,,,,,,,,,,,,,,,,,,,,,,,,,,,,,,,,,,,,,,,,,,,,,,,,,,,,,,,,,,,
1720,,,,,,,,,,,,,,,,,,,,,,,,,,,,,,,,,,,,,,,,,,,,,,,,,,,,,,,,,,,,,,,,,,,,,,,,,,,,,,,,,,,,,,,,,,,,,,,,,,,,,,,,,,,,,,,,,,,,,,,,,,,,,,,,,,,,,,,,,,,,,,,,,,,,,,,,,,,,,,,,,,,,,,,,,
1721,,,,,,,,,,,,,,,,,,,,,,,,,,,,,,,,,,,,,,,,,,,,,,,,,,,,,,,,,,,,,,,,,,,,,,,,,,,,,,,,,,,,,,,,,,,,,,,,,,,,,,,,,,,,,,,,,,,,,,,,,,,,,,,,,,,,,,,,,,,,,,,,,,,,,,,,,,,,,,,,,,,,,,,,,
1722,,,,,,,,,,,,,,,,,,,,,,,,,,,,,,,,,,,,,,,,,,,,,,,,,,,,,,,,,,,,,,,,,,,,,,,,,,,,,,,,,,,,,,,,,,,,,,,,,,,,,,,,,,,,,,,,,,,,,,,,,,,,,,,,,,,,,,,,,,,,,,,,,,,,,,,,,,,,,,,,,,,,,,,,,
1723,,,,,,,,,,,,,,,,,,,,,,,,,,,,,,,,,,,,,,,,,,,,,,,,,,,,,,,,,,,,,,,,,,,,,,,,,,,,,,,,,,,,,,,,,,,,,,,,,,,,,,,,,,,,,,,,,,,,,,,,,,,,,,,,,,,,,,,,,,,,,,,,,,,,,,,,,,,,,,,,,,,,,,,,,
1724,,,,,,,,,,,,,,,,,,,,,,,,,,,,,,,,,,,,,,,,,,,,,,,,,,,,,,,,,,,,,,,,,,,,,,,,,,,,,,,,,,,,,,,,,,,,,,,,,,,,,,,,,,,,,,,,,,,,,,,,,,,,,,,,,,,,,,,,,,,,,,,,,,,,,,,,,,,,,,,,,,,,,,,,,
1725,,,,,,,,,,,,,,,,,,,,,,,,,,,,,,,,,,,,,,,,,,,,,,,,,,,,,,,,,,,,,,,,,,,,,,,,,,,,,,,,,,,,,,,,,,,,,,,,,,,,,,,,,,,,,,,,,,,,,,,,,,,,,,,,,,,,,,,,,,,,,,,,,,,,,,,,,,,,,,,,,,,,,,,,,
1726,,,,,,,,,,,,,,,,,,,,,,,,,,,,,,,,,,,,,,,,,,,,,,,,,,,,,,,,,,,,,,,,,,,,,,,,,,,,,,,,,,,,,,,,,,,,,,,,,,,,,,,,,,,,,,,,,,,,,,,,,,,,,,,,,,,,,,,,,,,,,,,,,,,,,,,,,,,,,,,,,,,,,,,,,
1727,,,,,,,,,,,,,,,,,,,,,,,,,,,,,,,,,,,,,,,,,,,,,,,,,,,,,,,,,,,,,,,,,,,,,,,,,,,,,,,,,,,,,,,,,,,,,,,,,,,,,,,,,,,,,,,,,,,,,,,,,,,,,,,,,,,,,,,,,,,,,,,,,,,,,,,,,,,,,,,,,,,,,,,,,
1728,,,,,,,,,,,,,,,,,,,,,,,,,,,,,,,,,,,,,,,,,,,,,,,,,,,,,,,,,,,,,,,,,,,,,,,,,,,,,,,,,,,,,,,,,,,,,,,,,,,,,,,,,,,,,,,,,,,,,,,,,,,,,,,,,,,,,,,,,,,,,,,,,,,,,,,,,,,,,,,,,,,,,,,,,
1729,,,,,,,,,,,,,,,,,,,,,,,,,,,,,,,,,,,,,,,,,,,,,,,,,,,,,,,,,,,,,,,,,,,,,,,,,,,,,,,,,,,,,,,,,,,,,,,,,,,,,,,,,,,,,,,,,,,,,,,,,,,,,,,,,,,,,,,,,,,,,,,,,,,,,,,,,,,,,,,,,,,,,,,,,
1730,,,,,,,,,,,,,,,,,,,,,,,,,,,,,,,,,,,,,,,,,,,,,,,,,,,,,,,,,,,,,,,,,,,,,,,,,,,,,,,,,,,,,,,,,,,,,,,,,,,,,,,,,,,,,,,,,,,,,,,,,,,,,,,,,,,,,,,,,,,,,,,,,,,,,,,,,,,,,,,,,,,,,,,,,
1731,,,,,,,,,,,,,,,,,,,,,,,,,,,,,,,,,,,,,,,,,,,,,,,,,,,,,,,,,,,,,,,,,,,,,,,,,,,,,,,,,,,,,,,,,,,,,,,,,,,,,,,,,,,,,,,,,,,,,,,,,,,,,,,,,,,,,,,,,,,,,,,,,,,,,,,,,,,,,,,,,,,,,,,,,
1732,,,,,,,,,,,,,,,,,,,,,,,,,,,,,,,,,,,,,,,,,,,,,,,,,,,,,,,,,,,,,,,,,,,,,,,,,,,,,,,,,,,,,,,,,,,,,,,,,,,,,,,,,,,,,,,,,,,,,,,,,,,,,,,,,,,,,,,,,,,,,,,,,,,,,,,,,,,,,,,,,,,,,,,,,
1733,,,,,,,,,,,,,,,,,,,,,,,,,,,,,,,,,,,,,,,,,,,,,,,,,,,,,,,,,,,,,,,,,,,,,,,,,,,,,,,,,,,,,,,,,,,,,,,,,,,,,,,,,,,,,,,,,,,,,,,,,,,,,,,,,,,,,,,,,,,,,,,,,,,,,,,,,,,,,,,,,,,,,,,,,
1734,,,,,,,,,,,,,,,,,,,,,,,,,,,,,,,,,,,,,,,,,,,,,,,,,,,,,,,,,,,,,,,,,,,,,,,,,,,,,,,,,,,,,,,,,,,,,,,,,,,,,,,,,,,,,,,,,,,,,,,,,,,,,,,,,,,,,,,,,,,,,,,,,,,,,,,,,,,,,,,,,,,,,,,,,
1735,,,,,,,,,,,,,,,,,,,,,,,,,,,,,,,,,,,,,,,,,,,,,,,,,,,,,,,,,,,,,,,,,,,,,,,,,,,,,,,,,,,,,,,,,,,,,,,,,,,,,,,,,,,,,,,,,,,,,,,,,,,,,,,,,,,,,,,,,,,,,,,,,,,,,,,,,,,,,,,,,,,,,,,,,
1736,,,,,,,,,,,,,,,,,,,,,,,,,,,,,,,,,,,,,,,,,,,,,,,,,,,,,,,,,,,,,,,,,,,,,,,,,,,,,,,,,,,,,,,,,,,,,,,,,,,,,,,,,,,,,,,,,,,,,,,,,,,,,,,,,,,,,,,,,,,,,,,,,,,,,,,,,,,,,,,,,,,,,,,,,
1737,,,,,,,,,,,,,,,,,,,,,,,,,,,,,,,,,,,,,,,,,,,,,,,,,,,,,,,,,,,,,,,,,,,,,,,,,,,,,,,,,,,,,,,,,,,,,,,,,,,,,,,,,,,,,,,,,,,,,,,,,,,,,,,,,,,,,,,,,,,,,,,,,,,,,,,,,,,,,,,,,,,,,,,,,
1738,,,,,,,,,,,,,,,,,,,,,,,,,,,,,,,,,,,,,,,,,,,,,,,,,,,,,,,,,,,,,,,,,,,,,,,,,,,,,,,,,,,,,,,,,,,,,,,,,,,,,,,,,,,,,,,,,,,,,,,,,,,,,,,,,,,,,,,,,,,,,,,,,,,,,,,,,,,,,,,,,,,,,,,,,
1739,,,,,,,,,,,,,,,,,,,,,,,,,,,,,,,,,,,,,,,,,,,,,,,,,,,,,,,,,,,,,,,,,,,,,,,,,,,,,,,,,,,,,,,,,,,,,,,,,,,,,,,,,,,,,,,,,,,,,,,,,,,,,,,,,,,,,,,,,,,,,,,,,,,,,,,,,,,,,,,,,,,,,,,,,
1740,,,,,,,,,,,,,,,,,,,,,,,,,,,,,,,,,,,,,,,,,,,,,,,,,,,,,,,,,,,,,,,,,,,,,,,,,,,,,,,,,,,,,,,,,,,,,,,,,,,,,,,,,,,,,,,,,,,,,,,,,,,,,,,,,,,,,,,,,,,,,,,,,,,,,,,,,,,,,,,,,,,,,,,,,
1741,,,,,,,,,,,,,,,,,,,,,,,,,,,,,,,,,,,,,,,,,,,,,,,,,,,,,,,,,,,,,,,,,,,,,,,,,,,,,,,,,,,,,,,,,,,,,,,,,,,,,,,,,,,,,,,,,,,,,,,,,,,,,,,,,,,,,,,,,,,,,,,,,,,,,,,,,,,,,,,,,,,,,,,,,
1742,,,,,,,,,,,,,,,,,,,,,,,,,,,,,,,,,,,,,,,,,,,,,,,,,,,,,,,,,,,,,,,,,,,,,,,,,,,,,,,,,,,,,,,,,,,,,,,,,,,,,,,,,,,,,,,,,,,,,,,,,,,,,,,,,,,,,,,,,,,,,,,,,,,,,,,,,,,,,,,,,,,,,,,,,
1743,,,,,,,,,,,,,,,,,,,,,,,,,,,,,,,,,,,,,,,,,,,,,,,,,,,,,,,,,,,,,,,,,,,,,,,,,,,,,,,,,,,,,,,,,,,,,,,,,,,,,,,,,,,,,,,,,,,,,,,,,,,,,,,,,,,,,,,,,,,,,,,,,,,,,,,,,,,,,,,,,,,,,,,,,
1744,,,,,,,,,,,,,,,,,,,,,,,,,,,,,,,,,,,,,,,,,,,,,,,,,,,,,,,,,,,,,,,,,,,,,,,,,,,,,,,,,,,,,,,,,,,,,,,,,,,,,,,,,,,,,,,,,,,,,,,,,,,,,,,,,,,,,,,,,,,,,,,,,,,,,,,,,,,,,,,,,,,,,,,,,
1745,,,,,,,,,,,,,,,,,,,,,,,,,,,,,,,,,,,,,,,,,,,,,,,,,,,,,,,,,,,,,,,,,,,,,,,,,,,,,,,,,,,,,,,,,,,,,,,,,,,,,,,,,,,,,,,,,,,,,,,,,,,,,,,,,,,,,,,,,,,,,,,,,,,,,,,,,,,,,,,,,,,,,,,,,
1746,,,,,,,,,,,,,,,,,,,,,,,,,,,,,,,,,,,,,,,,,,,,,,,,,,,,,,,,,,,,,,,,,,,,,,,,,,,,,,,,,,,,,,,,,,,,,,,,,,,,,,,,,,,,,,,,,,,,,,,,,,,,,,,,,,,,,,,,,,,,,,,,,,,,,,,,,,,,,,,,,,,,,,,,,
1747,,,,,,,,,,,,,,,,,,,,,,,,,,,,,,,,,,,,,,,,,,,,,,,,,,,,,,,,,,,,,,,,,,,,,,,,,,,,,,,,,,,,,,,,,,,,,,,,,,,,,,,,,,,,,,,,,,,,,,,,,,,,,,,,,,,,,,,,,,,,,,,,,,,,,,,,,,,,,,,,,,,,,,,,,
1748,,,,,,,,,,,,,,,,,,,,,,,,,,,,,,,,,,,,,,,,,,,,,,,,,,,,,,,,,,,,,,,,,,,,,,,,,,,,,,,,,,,,,,,,,,,,,,,,,,,,,,,,,,,,,,,,,,,,,,,,,,,,,,,,,,,,,,,,,,,,,,,,,,,,,,,,,,,,,,,,,,,,,,,,,
1749,,,,,,,,,,,,,,,,,,,,,,,,,,,,,,,,,,,,,,,,,,,,,,,,,,,,,,,,,,,,,,,,,,,,,,,,,,,,,,,,,,,,,,,,,,,,,,,,,,,,,,,,,,,,,,,,,,,,,,,,,,,,,,,,,,,,,,,,,,,,,,,,,,,,,,,,,,,,,,,,,,,,,,,,,
1750,,,,,,,,,,,,,,,,,,,,,,,,,,,,,,,,,,,,,,,,,,,,,,,,,,,,,,,,,,,,,,,,,,,,,,,,,,,,,,,,,,,,,,,,,,,,,,,,,,,,,,,,,,,,,,,,,,,,,,,,,,,,,,,,,,,,,,,,,,,,,,,,,,,,,,,,,,,,,,,,,,,,,,,,,
1751,,,,,,,,,,,,,,,,,,,,,,,,,,,,,,,,,,,,,,,,,,,,,,,,,,,,,,,,,,,,,,,,,,,,,,,,,,,,,,,,,,,,,,,,,,,,,,,,,,,,,,,,,,,,,,,,,,,,,,,,,,,,,,,,,,,,,,,,,,,,,,,,,,,,,,,,,,,,,,,,,,,,,,,,,
1752,,,,,,,,,,,,,,,,,,,,,,,,,,,,,,,,,,,,,,,,,,,,,,,,,,,,,,,,,,,,,,,,,,,,,,,,,,,,,,,,,,,,,,,,,,,,,,,,,,,,,,,,,,,,,,,,,,,,,,,,,,,,,,,,,,,,,,,,,,,,,,,,,,,,,,,,,,,,,,,,,,,,,,,,,
1753,,,,,,,,,,,,,,,,,,,,,,,,,,,,,,,,,,,,,,,,,,,,,,,,,,,,,,,,,,,,,,,,,,,,,,,,,,,,,,,,,,,,,,,,,,,,,,,,,,,,,,,,,,,,,,,,,,,,,,,,,,,,,,,,,,,,,,,,,,,,,,,,,,,,,,,,,,,,,,,,,,,,,,,,,
1754,,,,,,,,,,,,,,,,,,,,,,,,,,,,,,,,,,,,,,,,,,,,,,,,,,,,,,,,,,,,,,,,,,,,,,,,,,,,,,,,,,,,,,,,,,,,,,,,,,,,,,,,,,,,,,,,,,,,,,,,,,,,,,,,,,,,,,,,,,,,,,,,,,,,,,,,,,,,,,,,,,,,,,,,,
1755,,,,,,,,,,,,,,,,,,,,,,,,,,,,,,,,,,,,,,,,,,,,,,,,,,,,,,,,,,,,,,,,,,,,,,,,,,,,,,,,,,,,,,,,,,,,,,,,,,,,,,,,,,,,,,,,,,,,,,,,,,,,,,,,,,,,,,,,,,,,,,,,,,,,,,,,,,,,,,,,,,,,,,,,,
1756,,,,,,,,,,,,,,,,,,,,,,,,,,,,,,,,,,,,,,,,,,,,,,,,,,,,,,,,,,,,,,,,,,,,,,,,,,,,,,,,,,,,,,,,,,,,,,,,,,,,,,,,,,,,,,,,,,,,,,,,,,,,,,,,,,,,,,,,,,,,,,,,,,,,,,,,,,,,,,,,,,,,,,,,,
1757,,,,,,,,,,,,,,,,,,,,,,,,,,,,,,,,,,,,,,,,,,,,,,,,,,,,,,,,,,,,,,,,,,,,,,,,,,,,,,,,,,,,,,,,,,,,,,,,,,,,,,,,,,,,,,,,,,,,,,,,,,,,,,,,,,,,,,,,,,,,,,,,,,,,,,,,,,,,,,,,,,,,,,,,,
1758,,,,,,,,,,,,,,,,,,,,,,,,,,,,,,,,,,,,,,,,,,,,,,,,,,,,,,,,,,,,,,,,,,,,,,,,,,,,,,,,,,,,,,,,,,,,,,,,,,,,,,,,,,,,,,,,,,,,,,,,,,,,,,,,,,,,,,,,,,,,,,,,,,,,,,,,,,,,,,,,,,,,,,,,,
1759,,,,,,,,,,,,,,,,,,,,,,,,,,,,,,,,,,,,,,,,,,,,,,,,,,,,,,,,,,,,,,,,,,,,,,,,,,,,,,,,,,,,,,,,,,,,,,,,,,,,,,,,,,,,,,,,,,,,,,,,,,,,,,,,,,,,,,,,,,,,,,,,,,,,,,,,,,,,,,,,,,,,,,,,,
1760,,,,,,,,,,,,,,,,,,,,,,,,,,,,,,,,,,,,,,,,,,,,,,,,,,,,,,,,,,,,,,,,,,,,,,,,,,,,,,,,,,,,,,,,,,,,,,,,,,,,,,,,,,,,,,,,,,,,,,,,,,,,,,,,,,,,,,,,,,,,,,,,,,,,,,,,,,,,,,,,,,,,,,,,,
1761,,,,,,,,,,,,,,,,,,,,,,,,,,,,,,,,,,,,,,,,,,,,,,,,,,,,,,,,,,,,,,,,,,,,,,,,,,,,,,,,,,,,,,,,,,,,,,,,,,,,,,,,,,,,,,,,,,,,,,,,,,,,,,,,,,,,,,,,,,,,,,,,,,,,,,,,,,,,,,,,,,,,,,,,,
1762,,,,,,,,,,,,,,,,,,,,,,,,,,,,,,,,,,,,,,,,,,,,,,,,,,,,,,,,,,,,,,,,,,,,,,,,,,,,,,,,,,,,,,,,,,,,,,,,,,,,,,,,,,,,,,,,,,,,,,,,,,,,,,,,,,,,,,,,,,,,,,,,,,,,,,,,,,,,,,,,,,,,,,,,,
1763,,,,,,,,,,,,,,,,,,,,,,,,,,,,,,,,,,,,,,,,,,,,,,,,,,,,,,,,,,,,,,,,,,,,,,,,,,,,,,,,,,,,,,,,,,,,,,,,,,,,,,,,,,,,,,,,,,,,,,,,,,,,,,,,,,,,,,,,,,,,,,,,,,,,,,,,,,,,,,,,,,,,,,,,,
1764,,,,,,,,,,,,,,,,,,,,,,,,,,,,,,,,,,,,,,,,,,,,,,,,,,,,,,,,,,,,,,,,,,,,,,,,,,,,,,,,,,,,,,,,,,,,,,,,,,,,,,,,,,,,,,,,,,,,,,,,,,,,,,,,,,,,,,,,,,,,,,,,,,,,,,,,,,,,,,,,,,,,,,,,,
1765,,,,,,,,,,,,,,,,,,,,,,,,,,,,,,,,,,,,,,,,,,,,,,,,,,,,,,,,,,,,,,,,,,,,,,,,,,,,,,,,,,,,,,,,,,,,,,,,,,,,,,,,,,,,,,,,,,,,,,,,,,,,,,,,,,,,,,,,,,,,,,,,,,,,,,,,,,,,,,,,,,,,,,,,,
1766,,,,,,,,,,,,,,,,,,,,,,,,,,,,,,,,,,,,,,,,,,,,,,,,,,,,,,,,,,,,,,,,,,,,,,,,,,,,,,,,,,,,,,,,,,,,,,,,,,,,,,,,,,,,,,,,,,,,,,,,,,,,,,,,,,,,,,,,,,,,,,,,,,,,,,,,,,,,,,,,,,,,,,,,,
1767,,,,,,,,,,,,,,,,,,,,,,,,,,,,,,,,,,,,,,,,,,,,,,,,,,,,,,,,,,,,,,,,,,,,,,,,,,,,,,,,,,,,,,,,,,,,,,,,,,,,,,,,,,,,,,,,,,,,,,,,,,,,,,,,,,,,,,,,,,,,,,,,,,,,,,,,,,,,,,,,,,,,,,,,,
1768,,,,,,,,,,,,,,,,,,,,,,,,,,,,,,,,,,,,,,,,,,,,,,,,,,,,,,,,,,,,,,,,,,,,,,,,,,,,,,,,,,,,,,,,,,,,,,,,,,,,,,,,,,,,,,,,,,,,,,,,,,,,,,,,,,,,,,,,,,,,,,,,,,,,,,,,,,,,,,,,,,,,,,,,,
1769,,,,,,,,,,,,,,,,,,,,,,,,,,,,,,,,,,,,,,,,,,,,,,,,,,,,,,,,,,,,,,,,,,,,,,,,,,,,,,,,,,,,,,,,,,,,,,,,,,,,,,,,,,,,,,,,,,,,,,,,,,,,,,,,,,,,,,,,,,,,,,,,,,,,,,,,,,,,,,,,,,,,,,,,,
1770,,,,,,,,,,,,,,,,,,,,,,,,,,,,,,,,,,,,,,,,,,,,,,,,,,,,,,,,,,,,,,,,,,,,,,,,,,,,,,,,,,,,,,,,,,,,,,,,,,,,,,,,,,,,,,,,,,,,,,,,,,,,,,,,,,,,,,,,,,,,,,,,,,,,,,,,,,,,,,,,,,,,,,,,,
1771,,,,,,,,,,,,,,,,,,,,,,,,,,,,,,,,,,,,,,,,,,,,,,,,,,,,,,,,,,,,,,,,,,,,,,,,,,,,,,,,,,,,,,,,,,,,,,,,,,,,,,,,,,,,,,,,,,,,,,,,,,,,,,,,,,,,,,,,,,,,,,,,,,,,,,,,,,,,,,,,,,,,,,,,,
1772,,,,,,,,,,,,,,,,,,,,,,,,,,,,,,,,,,,,,,,,,,,,,,,,,,,,,,,,,,,,,,,,,,,,,,,,,,,,,,,,,,,,,,,,,,,,,,,,,,,,,,,,,,,,,,,,,,,,,,,,,,,,,,,,,,,,,,,,,,,,,,,,,,,,,,,,,,,,,,,,,,,,,,,,,
1773,,,,,,,,,,,,,,,,,,,,,,,,,,,,,,,,,,,,,,,,,,,,,,,,,,,,,,,,,,,,,,,,,,,,,,,,,,,,,,,,,,,,,,,,,,,,,,,,,,,,,,,,,,,,,,,,,,,,,,,,,,,,,,,,,,,,,,,,,,,,,,,,,,,,,,,,,,,,,,,,,,,,,,,,,
1774,,,,,,,,,,,,,,,,,,,,,,,,,,,,,,,,,,,,,,,,,,,,,,,,,,,,,,,,,,,,,,,,,,,,,,,,,,,,,,,,,,,,,,,,,,,,,,,,,,,,,,,,,,,,,,,,,,,,,,,,,,,,,,,,,,,,,,,,,,,,,,,,,,,,,,,,,,,,,,,,,,,,,,,,,
1775,,,,,,,,,,,,,,,,,,,,,,,,,,,,,,,,,,,,,,,,,,,,,,,,,,,,,,,,,,,,,,,,,,,,,,,,,,,,,,,,,,,,,,,,,,,,,,,,,,,,,,,,,,,,,,,,,,,,,,,,,,,,,,,,,,,,,,,,,,,,,,,,,,,,,,,,,,,,,,,,,,,,,,,,,
1776,,,,,,,,,,,,,,,,,,,,,,,,,,,,,,,,,,,,,,,,,,,,,,,,,,,,,,,,,,,,,,,,,,,,,,,,,,,,,,,,,,,,,,,,,,,,,,,,,,,,,,,,,,,,,,,,,,,,,,,,,,,,,,,,,,,,,,,,,,,,,,,,,,,,,,,,,,,,,,,,,,,,,,,,,
1777,,,,,,,,,,,,,,,,,,,,,,,,,,,,,,,,,,,,,,,,,,,,,,,,,,,,,,,,,,,,,,,,,,,,,,,,,,,,,,,,,,,,,,,,,,,,,,,,,,,,,,,,,,,,,,,,,,,,,,,,,,,,,,,,,,,,,,,,,,,,,,,,,,,,,,,,,,,,,,,,,,,,,,,,,
1778,,,,,,,,,,,,,,,,,,,,,,,,,,,,,,,,,,,,,,,,,,,,,,,,,,,,,,,,,,,,,,,,,,,,,,,,,,,,,,,,,,,,,,,,,,,,,,,,,,,,,,,,,,,,,,,,,,,,,,,,,,,,,,,,,,,,,,,,,,,,,,,,,,,,,,,,,,,,,,,,,,,,,,,,,
1779,,,,,,,,,,,,,,,,,,,,,,,,,,,,,,,,,,,,,,,,,,,,,,,,,,,,,,,,,,,,,,,,,,,,,,,,,,,,,,,,,,,,,,,,,,,,,,,,,,,,,,,,,,,,,,,,,,,,,,,,,,,,,,,,,,,,,,,,,,,,,,,,,,,,,,,,,,,,,,,,,,,,,,,,,
1780,,,,,,,,,,,,,,,,,,,,,,,,,,,,,,,,,,,,,,,,,,,,,,,,,,,,,,,,,,,,,,,,,,,,,,,,,,,,,,,,,,,,,,,,,,,,,,,,,,,,,,,,,,,,,,,,,,,,,,,,,,,,,,,,,,,,,,,,,,,,,,,,,,,,,,,,,,,,,,,,,,,,,,,,,
1781,,,,,,,,,,,,,,,,,,,,,,,,,,,,,,,,,,,,,,,,,,,,,,,,,,,,,,,,,,,,,,,,,,,,,,,,,,,,,,,,,,,,,,,,,,,,,,,,,,,,,,,,,,,,,,,,,,,,,,,,,,,,,,,,,,,,,,,,,,,,,,,,,,,,,,,,,,,,,,,,,,,,,,,,,
1782,,,,,,,,,,,,,,,,,,,,,,,,,,,,,,,,,,,,,,,,,,,,,,,,,,,,,,,,,,,,,,,,,,,,,,,,,,,,,,,,,,,,,,,,,,,,,,,,,,,,,,,,,,,,,,,,,,,,,,,,,,,,,,,,,,,,,,,,,,,,,,,,,,,,,,,,,,,,,,,,,,,,,,,,,
1783,,,,,,,,,,,,,,,,,,,,,,,,,,,,,,,,,,,,,,,,,,,,,,,,,,,,,,,,,,,,,,,,,,,,,,,,,,,,,,,,,,,,,,,,,,,,,,,,,,,,,,,,,,,,,,,,,,,,,,,,,,,,,,,,,,,,,,,,,,,,,,,,,,,,,,,,,,,,,,,,,,,,,,,,,
1784,,,,,,,,,,,,,,,,,,,,,,,,,,,,,,,,,,,,,,,,,,,,,,,,,,,,,,,,,,,,,,,,,,,,,,,,,,,,,,,,,,,,,,,,,,,,,,,,,,,,,,,,,,,,,,,,,,,,,,,,,,,,,,,,,,,,,,,,,,,,,,,,,,,,,,,,,,,,,,,,,,,,,,,,,
1785,,,,,,,,,,,,,,,,,,,,,,,,,,,,,,,,,,,,,,,,,,,,,,,,,,,,,,,,,,,,,,,,,,,,,,,,,,,,,,,,,,,,,,,,,,,,,,,,,,,,,,,,,,,,,,,,,,,,,,,,,,,,,,,,,,,,,,,,,,,,,,,,,,,,,,,,,,,,,,,,,,,,,,,,,
1786,,,,,,,,,,,,,,,,,,,,,,,,,,,,,,,,,,,,,,,,,,,,,,,,,,,,,,,,,,,,,,,,,,,,,,,,,,,,,,,,,,,,,,,,,,,,,,,,,,,,,,,,,,,,,,,,,,,,,,,,,,,,,,,,,,,,,,,,,,,,,,,,,,,,,,,,,,,,,,,,,,,,,,,,,
1787,,,,,,,,,,,,,,,,,,,,,,,,,,,,,,,,,,,,,,,,,,,,,,,,,,,,,,,,,,,,,,,,,,,,,,,,,,,,,,,,,,,,,,,,,,,,,,,,,,,,,,,,,,,,,,,,,,,,,,,,,,,,,,,,,,,,,,,,,,,,,,,,,,,,,,,,,,,,,,,,,,,,,,,,,
1788,,,,,,,,,,,,,,,,,,,,,,,,,,,,,,,,,,,,,,,,,,,,,,,,,,,,,,,,,,,,,,,,,,,,,,,,,,,,,,,,,,,,,,,,,,,,,,,,,,,,,,,,,,,,,,,,,,,,,,,,,,,,,,,,,,,,,,,,,,,,,,,,,,,,,,,,,,,,,,,,,,,,,,,,,
1789,,,,,,,,,,,,,,,,,,,,,,,,,,,,,,,,,,,,,,,,,,,,,,,,,,,,,,,,,,,,,,,,,,,,,,,,,,,,,,,,,,,,,,,,,,,,,,,,,,,,,,,,,,,,,,,,,,,,,,,,,,,,,,,,,,,,,,,,,,,,,,,,,,,,,,,,,,,,,,,,,,,,,,,,,
1790,,,,,,,,,,,,,,,,,,,,,,,,,,,,,,,,,,,,,,,,,,,,,,,,,,,,,,,,,,,,,,,,,,,,,,,,,,,,,,,,,,,,,,,,,,,,,,,,,,,,,,,,,,,,,,,,,,,,,,,,,,,,,,,,,,,,,,,,,,,,,,,,,,,,,,,,,,,,,,,,,,,,,,,,,
1791,,,,,,,,,,,,,,,,,,,,,,,,,,,,,,,,,,,,,,,,,,,,,,,,,,,,,,,,,,,,,,,,,,,,,,,,,,,,,,,,,,,,,,,,,,,,,,,,,,,,,,,,,,,,,,,,,,,,,,,,,,,,,,,,,,,,,,,,,,,,,,,,,,,,,,,,,,,,,,,,,,,,,,,,,
1792,,,,,,,,,,,,,,,,,,,,,,,,,,,,,,,,,,,,,,,,,,,,,,,,,,,,,,,,,,,,,,,,,,,,,,,,,,,,,,,,,,,,,,,,,,,,,,,,,,,,,,,,,,,,,,,,,,,,,,,,,,,,,,,,,,,,,,,,,,,,,,,,,,,,,,,,,,,,,,,,,,,,,,,,,
1793,,,,,,,,,,,,,,,,,,,,,,,,,,,,,,,,,,,,,,,,,,,,,,,,,,,,,,,,,,,,,,,,,,,,,,,,,,,,,,,,,,,,,,,,,,,,,,,,,,,,,,,,,,,,,,,,,,,,,,,,,,,,,,,,,,,,,,,,,,,,,,,,,,,,,,,,,,,,,,,,,,,,,,,,,
1794,,,,,,,,,,,,,,,,,,,,,,,,,,,,,,,,,,,,,,,,,,,,,,,,,,,,,,,,,,,,,,,,,,,,,,,,,,,,,,,,,,,,,,,,,,,,,,,,,,,,,,,,,,,,,,,,,,,,,,,,,,,,,,,,,,,,,,,,,,,,,,,,,,,,,,,,,,,,,,,,,,,,,,,,,
1795,,,,,,,,,,,,,,,,,,,,,,,,,,,,,,,,,,,,,,,,,,,,,,,,,,,,,,,,,,,,,,,,,,,,,,,,,,,,,,,,,,,,,,,,,,,,,,,,,,,,,,,,,,,,,,,,,,,,,,,,,,,,,,,,,,,,,,,,,,,,,,,,,,,,,,,,,,,,,,,,,,,,,,,,,
1796,,,,,,,,,,,,,,,,,,,,,,,,,,,,,,,,,,,,,,,,,,,,,,,,,,,,,,,,,,,,,,,,,,,,,,,,,,,,,,,,,,,,,,,,,,,,,,,,,,,,,,,,,,,,,,,,,,,,,,,,,,,,,,,,,,,,,,,,,,,,,,,,,,,,,,,,,,,,,,,,,,,,,,,,,
1797,,,,,,,,,,,,,,,,,,,,,,,,,,,,,,,,,,,,,,,,,,,,,,,,,,,,,,,,,,,,,,,,,,,,,,,,,,,,,,,,,,,,,,,,,,,,,,,,,,,,,,,,,,,,,,,,,,,,,,,,,,,,,,,,,,,,,,,,,,,,,,,,,,,,,,,,,,,,,,,,,,,,,,,,,
1798,,,,,,,,,,,,,,,,,,,,,,,,,,,,,,,,,,,,,,,,,,,,,,,,,,,,,,,,,,,,,,,,,,,,,,,,,,,,,,,,,,,,,,,,,,,,,,,,,,,,,,,,,,,,,,,,,,,,,,,,,,,,,,,,,,,,,,,,,,,,,,,,,,,,,,,,,,,,,,,,,,,,,,,,,
1799,,,,,,,,,,,,,,,,,,,,,,,,,,,,,,,,,,,,,,,,,,,,,,,,,,,,,,,,,,,,,,,,,,,,,,,,,,,,,,,,,,,,,,,,,,,,,,,,,,,,,,,,,,,,,,,,,,,,,,,,,,,,,,,,,,,,,,,,,,,,,,,,,,,,,,,,,,,,,,,,,,,,,,,,,
1800,,,,,,,,,,,,,,,,,,,,,,,,,,,,,,,,,,,,,,,,,,,,,,,,,,,,,,,,,,,,,,,,,,,,,,,,,,,,,,,,,,,,,,,,,,,,,,,,,,,,,,,,,,,,,,,,,,,,,,,,,,,,,,,,,,,,,,,,,,,,,,,,,,,,,,,,,,,,,,,,,,,,,,,,,
1801,,,,,,,,,,,,,,,,,,,,,,,,,,,,,,,,,,,,,,,,,,,,,,,,,,,,,,,,,,,,,,,,,,,,,,,,,,,,,,,,,,,,,,,,,,,,,,,,,,,,,,,,,,,,,,,,,,,,,,,,,,,,,,,,,,,,,,,,,,,,,,,,,,,,,,,,,,,,,,,,,,,,,,,,,
1802,,,,,,,,,,,,,,,,,,,,,,,,,,,,,,,,,,,,,,,,,,,,,,,,,,,,,,,,,,,,,,,,,,,,,,,,,,,,,,,,,,,,,,,,,,,,,,,,,,,,,,,,,,,,,,,,,,,,,,,,,,,,,,,,,,,,,,,,,,,,,,,,,,,,,,,,,,,,,,,,,,,,,,,,,
1803,,,,,,,,,,,,,,,,,,,,,,,,,,,,,,,,,,,,,,,,,,,,,,,,,,,,,,,,,,,,,,,,,,,,,,,,,,,,,,,,,,,,,,,,,,,,,,,,,,,,,,,,,,,,,,,,,,,,,,,,,,,,,,,,,,,,,,,,,,,,,,,,,,,,,,,,,,,,,,,,,,,,,,,,,
1804,,,,,,,,,,,,,,,,,,,,,,,,,,,,,,,,,,,,,,,,,,,,,,,,,,,,,,,,,,,,,,,,,,,,,,,,,,,,,,,,,,,,,,,,,,,,,,,,,,,,,,,,,,,,,,,,,,,,,,,,,,,,,,,,,,,,,,,,,,,,,,,,,,,,,,,,,,,,,,,,,,,,,,,,,
1805,,,,,,,,,,,,,,,,,,,,,,,,,,,,,,,,,,,,,,,,,,,,,,,,,,,,,,,,,,,,,,,,,,,,,,,,,,,,,,,,,,,,,,,,,,,,,,,,,,,,,,,,,,,,,,,,,,,,,,,,,,,,,,,,,,,,,,,,,,,,,,,,,,,,,,,,,,,,,,,,,,,,,,,,,
1806,,,,,,,,,,,,,,,,,,,,,,,,,,,,,,,,,,,,,,,,,,,,,,,,,,,,,,,,,,,,,,,,,,,,,,,,,,,,,,,,,,,,,,,,,,,,,,,,,,,,,,,,,,,,,,,,,,,,,,,,,,,,,,,,,,,,,,,,,,,,,,,,,,,,,,,,,,,,,,,,,,,,,,,,,
1807,,,,,,,,,,,,,,,,,,,,,,,,,,,,,,,,,,,,,,,,,,,,,,,,,,,,,,,,,,,,,,,,,,,,,,,,,,,,,,,,,,,,,,,,,,,,,,,,,,,,,,,,,,,,,,,,,,,,,,,,,,,,,,,,,,,,,,,,,,,,,,,,,,,,,,,,,,,,,,,,,,,,,,,,,
1808,,,,,,,,,,,,,,,,,,,,,,,,,,,,,,,,,,,,,,,,,,,,,,,,,,,,,,,,,,,,,,,,,,,,,,,,,,,,,,,,,,,,,,,,,,,,,,,,,,,,,,,,,,,,,,,,,,,,,,,,,,,,,,,,,,,,,,,,,,,,,,,,,,,,,,,,,,,,,,,,,,,,,,,,,
1809,,,,,,,,,,,,,,,,,,,,,,,,,,,,,,,,,,,,,,,,,,,,,,,,,,,,,,,,,,,,,,,,,,,,,,,,,,,,,,,,,,,,,,,,,,,,,,,,,,,,,,,,,,,,,,,,,,,,,,,,,,,,,,,,,,,,,,,,,,,,,,,,,,,,,,,,,,,,,,,,,,,,,,,,,
1810,,,,,,,,,,,,,,,,,,,,,,,,,,,,,,,,,,,,,,,,,,,,,,,,,,,,,,,,,,,,,,,,,,,,,,,,,,,,,,,,,,,,,,,,,,,,,,,,,,,,,,,,,,,,,,,,,,,,,,,,,,,,,,,,,,,,,,,,,,,,,,,,,,,,,,,,,,,,,,,,,,,,,,,,,
1811,,,,,,,,,,,,,,,,,,,,,,,,,,,,,,,,,,,,,,,,,,,,,,,,,,,,,,,,,,,,,,,,,,,,,,,,,,,,,,,,,,,,,,,,,,,,,,,,,,,,,,,,,,,,,,,,,,,,,,,,,,,,,,,,,,,,,,,,,,,,,,,,,,,,,,,,,,,,,,,,,,,,,,,,,
1812,,,,,,,,,,,,,,,,,,,,,,,,,,,,,,,,,,,,,,,,,,,,,,,,,,,,,,,,,,,,,,,,,,,,,,,,,,,,,,,,,,,,,,,,,,,,,,,,,,,,,,,,,,,,,,,,,,,,,,,,,,,,,,,,,,,,,,,,,,,,,,,,,,,,,,,,,,,,,,,,,,,,,,,,,
1813,,,,,,,,,,,,,,,,,,,,,,,,,,,,,,,,,,,,,,,,,,,,,,,,,,,,,,,,,,,,,,,,,,,,,,,,,,,,,,,,,,,,,,,,,,,,,,,,,,,,,,,,,,,,,,,,,,,,,,,,,,,,,,,,,,,,,,,,,,,,,,,,,,,,,,,,,,,,,,,,,,,,,,,,,
1814,,,,,,,,,,,,,,,,,,,,,,,,,,,,,,,,,,,,,,,,,,,,,,,,,,,,,,,,,,,,,,,,,,,,,,,,,,,,,,,,,,,,,,,,,,,,,,,,,,,,,,,,,,,,,,,,,,,,,,,,,,,,,,,,,,,,,,,,,,,,,,,,,,,,,,,,,,,,,,,,,,,,,,,,,
1815,,,,,,,,,,,,,,,,,,,,,,,,,,,,,,,,,,,,,,,,,,,,,,,,,,,,,,,,,,,,,,,,,,,,,,,,,,,,,,,,,,,,,,,,,,,,,,,,,,,,,,,,,,,,,,,,,,,,,,,,,,,,,,,,,,,,,,,,,,,,,,,,,,,,,,,,,,,,,,,,,,,,,,,,,
1816,,,,,,,,,,,,,,,,,,,,,,,,,,,,,,,,,,,,,,,,,,,,,,,,,,,,,,,,,,,,,,,,,,,,,,,,,,,,,,,,,,,,,,,,,,,,,,,,,,,,,,,,,,,,,,,,,,,,,,,,,,,,,,,,,,,,,,,,,,,,,,,,,,,,,,,,,,,,,,,,,,,,,,,,,
1817,,,,,,,,,,,,,,,,,,,,,,,,,,,,,,,,,,,,,,,,,,,,,,,,,,,,,,,,,,,,,,,,,,,,,,,,,,,,,,,,,,,,,,,,,,,,,,,,,,,,,,,,,,,,,,,,,,,,,,,,,,,,,,,,,,,,,,,,,,,,,,,,,,,,,,,,,,,,,,,,,,,,,,,,,
1818,,,,,,,,,,,,,,,,,,,,,,,,,,,,,,,,,,,,,,,,,,,,,,,,,,,,,,,,,,,,,,,,,,,,,,,,,,,,,,,,,,,,,,,,,,,,,,,,,,,,,,,,,,,,,,,,,,,,,,,,,,,,,,,,,,,,,,,,,,,,,,,,,,,,,,,,,,,,,,,,,,,,,,,,,
1819,,,,,,,,,,,,,,,,,,,,,,,,,,,,,,,,,,,,,,,,,,,,,,,,,,,,,,,,,,,,,,,,,,,,,,,,,,,,,,,,,,,,,,,,,,,,,,,,,,,,,,,,,,,,,,,,,,,,,,,,,,,,,,,,,,,,,,,,,,,,,,,,,,,,,,,,,,,,,,,,,,,,,,,,,
1820,3280,,437,,534,,334,3369,,,3434,,,,2187,,,,1100,4507,,,,816,1986,771,381000,,,,,1206,,,63,7657,605,,,24905,,2,1155,,2689,500,4194,12203,,3154,1169,31250,,21239,,,,,,,2312,595,17,135,,723,4146,17927,209000,7101,6560,1093,,,20176,401,217,31000,,,,2090,9395,,470,332,,538,,1213,,,,,2689,,1683,6587,,,,3506,,619,2096,,,,287,,,,186,2333,970,3881,100,318,,,1317,2176,10426,248,4345,3297,143,336,,6389,,,2091,5156,,30,,248,,,54765,,,2573,,,1337,,,4665,,,60,875,10074,2000,,,,55,9981,,718,6551,2593,5215,1550,,
1821,,,,,,,331,3386,,,3464,,,,,,,,,,,,,,1998,789,383712,,,,,,,,,,,,,25260,,,1167,,,,,12284,,,1186,31460,,21551,,,,,,,2333,,,,,,,18076,209842,7200,,,,,20306,,,31033,,,,,,,,,,,,,,,,,,,,,,,,,,,,,,,,,,,,2365,984,,,,,,,,,,,3316,,,,,,,,,,,,,,,,,,2598,,,,,,,,,,,,,,,,,10299,,,,,,,,
1822,,,,,,,329,3402,,,3495,,,,,,,,,,,,,,2008,807,386442,,,,,,,,,,,,,25620,,,1179,,,,,12366,,,1202,31685,,21832,,,,,,,2355,,,,,,,18226,210688,7267,,,,,20437,,,31066,,,,,,,,,,,,,,,,,,,,,,,,,,,,,,,,,,,,2400,998,,,,,,,,,,,3335,,,,,,,,,,,,,,,,,,2629,,,,,,,,,,,,,,,,,10626,,,,,,,,
1823,,,,,,,329,3419,,,3526,,,,,,,,,,,,,,2020,826,389193,,,,,,,,,,,,,25969,,,1196,,,,,12449,,,1219,31905,,22117,,,,,,,2376,,,,,,,18377,211537,7335,,,,,20568,,,31099,,,,,,,,,,,,,,,,,,,,,,,,,,,,,,,,,,,,2435,1013,,,,,,,,,,,3354,,,,,,,,,,,,,,,,,,2668,,,,,,,,,,,,,,,,,10951,,,,,,,,
1824,,,,,,,332,3436,,,3557,,,,,,,,,,,,,,2031,845,391962,,,,,,,,,,,,,26307,,,1213,,,,,12532,,,1235,32127,,22407,,,,,,,2398,,,,,,,18530,212389,7403,,,,,20701,,,31132,,,,,,,,,,,,,,,,,,,,,,,,,,,,,,,,,,,,2474,1028,,,,,,,,,,,3373,,,,,,,,,,,,,,,,,,2708,,,,,,,,,,,,,,,,,11277,,,,,,,,
1825,,,,,,,333,3452,,,3589,,,,,,,,,,,,,,2042,864,394752,,,,,,,,,,,,,26650,,,1228,,,,,12615,,,1252,32350,,22698,,,,,,,2420,,,,,,,18684,213245,7472,,,,,20834,,,31164,,,,,,,,,,,,,,,,,,,,,,,,,,,,,,,,,,,,2514,1044,,,,,,,,,,,3393,,,,,,,,,,,,,,,,,,2749,,,,,,,,,,,,,,,,,11602,,,,,,,,
1826,,,,,,,330,3469,,,3620,,,,,,,,,,,,,,2054,884,397561,,,,,,,,,,,,,26964,,,1243,,,,,12699,,,1268,32538,,22996,,,,,,,2443,,,,,,,18839,214105,7542,,,,,20968,,,31197,,,,,,,,,,,,,,,,,,,,,,,,,,,,,,,,,,,,2543,1062,,,,,,,,,,,3412,,,,,,,,,,,,,,,,,,2788,,,,,,,,,,,,,,,,,11928,,,,,,,,
1827,,,,,,,328,3486,,,3652,,,,,,,,,,,,,,2065,904,400391,,,,,,,,,,,,,27249,,,1255,,,,,12784,,,1310,32727,,23275,,,,,,,2465,,,,,,,18996,214967,7612,,,,,21103,,,31231,,,,,,,,,,,,,,,,,,,,,,,,,,,,,,,,,,,,2561,1079,,,,,,,,,,,3432,,,,,,,,,,,,,,,,,,2816,,,,,,,,,,,,,,,,,12251,,,,,,,,
1828,,,,,,,326,3504,,,3685,,,,,,,,,,,,,,2077,924,403240,,,,,,,,,,,,,27540,,,1265,,,,,12869,,,1326,32917,,23560,,,,,,,2488,,,,,,,19154,215834,7683,,,,,21239,,,31264,,,,,,,,,,,,,,,,,,,,,,,,,,,,,,,,,,,,2585,1093,,,,,,,,,,,3452,,,,,,,,,,,,,,,,,,2837,,,,,,,,,,,,,,,,,12581,,,,,,,,
1829,,,,,,,326,3521,,,3717,,,,,,,,,,,,,,2088,944,406110,,,,,,,,,,,,,27807,,,1270,,,,,12955,,,1343,33108,,23847,,,,,,,2511,,,,,,,19313,216703,7755,,,,,21376,,,31297,,,,,,,,,,,,,,,,,,,,,,,,,,,,,,,,,,,,2610,1108,,,,,,,,,,,3472,,,,,,,,,,,,,,,,,,2855,,,,,,,,,,,,,,,,,12906,,,,,,,,
1830,,,,,,,330,3538,,,3750,,,,,,,,,,,,,1169,2100,965,409000,,,,,,,,,,,,,28045,,,1273,,,,,13041,,,1364,33300,,24139,,,,,,,2534,,,,,,,19473,217577,7827,,,,,21513,,,31330,,,,,,,,,,,,,,,,,,,,,,,,,,,,,,,,,,,,2633,1124,,100,,,,,,,,,3491,,,,,,,,,,,,,,,,,,2876,,,,,,,,,,,,,,,,,13240,,,,,,,,
1831,,,,,,,333,3555,,,3782,,,,,,,,,,,,,,2112,986,409299,,,,,,,,,,,,,28283,,,1275,,,,,13128,,,1374,33439,,24433,,,,,,,2557,,,,,,,19635,218453,7900,,,,,21652,,,31363,,,,,,,,,,,,,,,,,,,,,,,,,,,,,,,,,,,,2653,1137,,,,,,,,,,,3512,,,,,,,,,,,,,,,,,,2895,,,,,,,,,,,,,,,,,13659,,,,,,,,
1832,,,,,,,338,3573,,,3814,,,,,,,,,,,,,,2123,1007,409598,,,,,,,,,,,,,28535,,,1276,,,,,13216,,,1378,33598,,24684,,,,,,,2581,,,,,,,19798,219334,7949,,,,,21791,,,31396,,,,,,,,,,,,,,,,,,,,,,,,,,,,,,,,,,,,2665,1150,,,,,,,,,,,3532,,,,,,,,,,,,,,,,,,2912,,,,,,,,,,,,,,,,,14078,,,,,,,,
1833,,,,,,,349,3590,,,3846,,,,,,,,,,,,,,2135,1028,409898,,,,,,,,,,,,,28801,,,1284,,,,,13304,,,1383,33718,,24937,,,,,,,2605,,,,,,,19962,220218,7998,,,,,21932,,,31429,,,,,,,,,,,,,,,,,,,,,,,,,,,,,,,,,,,,2683,1163,,,,,,,,,,,3552,,,,,,,,,,,,,,,,,,2941,,,,,,,,,,,,,,,,,14496,,,,,,,,
1834,,,,,,,354,3608,,,3879,,,,,,,,,,,,,,2147,1050,410197,,,,,,,,,,,,,29071,,,1295,,,,,13392,,,1387,33859,,25194,,,,,,,2629,,,,,,,20128,221105,8047,,,,,22073,,,31463,,,,,,,,,,,,,,,,,,,,,,,,,,,,,,,,,,,,2707,1174,,,,,,,,,,,3475,,,,,,,,,,,,,,,,,,2971,,,,,,,,,,,,,,,,,14915,,,,,,,,
1835,,,,,,,358,3626,,,3912,,,,,,,,,,,,,,2159,1071,410497,,,,,,,,,,,,,29390,,,1306,,,,,13482,,,1391,34000,,25452,,,,,,,2653,,,,,,,20296,221996,8096,,,,,22215,,,31496,,,,,,,,,,,,,,,,,,,,,,,,,,,,,,,,,,,,2732,1188,,,,,,,,,,,3595,,,,,,,,,,,,,,,,,,3004,,,,,,,,,,,,,,,,,15334,,,,,,,,
1836,,,,,,,367,3614,,,3945,,,,,,,,,,,,,,2171,1093,410797,,,,,,,,,,,,,29702,,,1315,,,,,13571,,,1399,34178,,25715,,,,,,,2677,,,,,,,20464,222891,8146,,,,,22358,,,31529,,,,,,,,,,,,,,,,,,,,,,,,,,,,,,,,,,,,2762,1202,,,,,,,,,,,3617,,,,,,,,,,,,,,,,,,3042,,,,,,,,,,,,,,,,,15753,,,,,,,,
1837,,,,,,,373,3662,,,3978,,,,,,,,,,,,,,2183,1115,411098,,,,,,,,,,,,,30013,,,1325,,,,,13662,,,1409,34357,,25968,,,,,,,2702,,,,,,,20634,223789,8196,,,,,22502,,,31563,,,,,,,,,,,,,,,,,,,,,,,,,,,,,,,,,,,,2791,1214,,,,,,,,,,,3639,,,,,,,,,,,,,,,,,,3068,,,,,,,,,,,,,,,,,16171,,,,,,,,
1838,,,,,,,388,3680,,,4012,,,,,,,,,,,,,,2195,1137,411398,,,,,,,,,,,,,30365,,,1335,,,,,13753,,,1420,34537,,26223,,,,,,,2727,,,,,,,20806,224691,8247,,,,,22647,,,31596,,,,,,,,,,,,,,,,,,,,,,,,,,,,,,,,,,,,2821,1224,,,,,,,,,,,3661,,,,,,,,,,,,,,,,,,3083,,,,,,,,,,,,,,,,,16591,,,,,,,,
1839,,,,,,,403,3698,,,4046,,,,,,,,,,,,,,2208,1159,411699,,,,,,,,,,,,,30746,,,1347,,,,,13845,,,1430,34718,,26483,,,,,,,2752,,,,,,,20978,225596,8298,,,,,22793,,,31630,,,,,,,,,,,,,,,,,,,,,,,,,,,,,,,,,,,,2853,1233,,,,,,,,,,,3683,,,,,,,,,,,,,,,,,,3098,,,,,,,,,,,,,,,,,17009,,,,,,,,
1840,,,,,,,420,3716,,,4080,,,,,,,,,,,,,1697,2220,1181,412000,,,,,,,,,,,,,31126,,,1357,,,,,13937,,,1441,34900,,26745,,,,,,,2777,,,,,,,21153,226505,8349,,,,,22939,,,31663,,,,,,,,,,,,,,,,,,,,,,,,,,,,,,,,,,,,2886,1241,,70,,,,,,,,,3704,,,,,,,,,,,,,,,,,,3123,,,,,,,,,,,,,,,,,17444,,,,,,,,
1841,,,,,,,448,3739,,,4115,,,,,,,,,,,,,,2235,1203,412000,,,,,,,,,,,,,31475,,,1371,,,,,14030,,,1456,35059,,27004,,,,,,,2803,,,,,,,21328,227418,8400,,,,,23087,,,31697,,,,,,,,,,,,,,,,,,,,,,,,,,,,,,,,,,,,2921,1254,,,,,,,,,,,3715,,,,,,,,,,,,,,,,,,3156,,,,,,,,,,,,,,,,,18056,,,,,,,,
1842,,,,,,,465,3762,,,4151,,,,,,,,,,,,,,2251,1225,412000,,,,,,,,,,,,,31787,,,1385,,,,,14123,,,1476,35218,,27277,,,,,,,2829,,,,,,,21506,228334,8422,,,,,23236,,,31730,,,,,,,,,,,,,,,,,,,,,,,,,,,,,,,,,,,,2952,1271,,,,,,,,,,,3726,,,,,,,,,,,,,,,,,,3190,,,,,,,,,,,,,,,,,18667,,,,,,,,
1843,,,,,,,472,3785,,,4187,,,,,,,,,,,,,,2266,1248,412000,,,,,,,,,,,,,32086,,,1392,,,,,14217,,,1495,35378,,27511,,,,,,,2855,,,,,,,21684,229254,8441,,,,,23385,,,31764,,,,,,,,,,,,,,,,,,,,,,,,,,,,,,,,,,,,2981,1286,,,,,,,,,,,3738,,,,,,,,,,,,,,,,,,3221,,,,,,,,,,,,,,,,,19279,,,,,,,,
1844,,,,,,,482,3808,,,4223,,,,,,,,,,,,,,2282,1271,412000,,,,,,,,,,,,,32394,,,1414,,,,,14312,,,1516,35539,,27785,,,,,,,2881,,,,,,,21864,230178,8479,,,,,23536,,,31797,,,,,,,,,,,,,,,,,,,,,,,,,,,,,,,,,,,,3014,1302,,,,,,,,,,,3749,,,,,,,,,,,,,,,,,,3256,,,,,,,,,,,,,,,,,19890,,,,,,,,
1845,,,,,,,494,3831,,,4259,,,,,,,,,,,,,,2298,1293,412000,,,,,,,,,,,,,32743,,,1430,,,,,14407,,,1536,35700,,28040,,,,,,,2908,,,,,,,22046,231106,8497,,,,,23687,,,31831,,,,,,,,,,,,,,,,,,,,,,,,,,,,,,,,,,,,3047,1319,,,,,,,,,,,3760,,,,,,,,,,,,,,,,,,3296,,,,,,,,,,,,,,,,,20503,,,,,,,,
1846,,,,,,,505,3855,,,4296,,,,,,,,,,,,,,2314,1316,412000,,,,,,,,,,,,,33059,,,1444,,,,,14503,,,1555,35829,,28272,,,,,,,2934,,,,,,,22229,232037,8490,,,,,23840,,,31865,,,,,,,,,,,,,,,,,,,,,,,,,,,,,,,,,,,,3069,1337,,,,,,,,,,,3771,,,,,,,,,,,,,,,,,,3330,,,,,,,,,,,,,,,,,21114,,,,,,,,
1847,,,,,,,518,3878,,,4333,,,,,,,,,,,,,,2330,1339,412000,,,,,,,,,,,,,33231,,,1456,,,,,14600,,,1573,35959,,28118,,,,,,,2961,,,,,,,22414,232972,8205,,,,,23993,,,31899,,,,,,,,,,,,,,,,,,,,,,,,,,,,,,,,,,,,3071,1351,,,,,,,,,,,3783,,,,,,,,,,,,,,,,,,3352,,,,,,,,,,,,,,,,,21726,,,,,,,,
1848,,,,,,,538,3902,,,4371,,,,,,,,,,,,,,2346,1363,412000,,,,,,,,,,,,,33289,,,1470,,,,,14697,,,1591,36089,,27683,,,,,,,2989,,,,,,,22600,233911,7640,,,,,24148,,,31932,,,,,,,,,,,,,,,,,,,,,,,,,,,,,,,,,,,,3069,1363,,,,,,,,,,,3794,,,,,,,,,,,,,,,,,,3380,,,,,,,,,,,,,,,,,22337,,,,,,,,
1849,,,,,,,576,3926,,,4408,,,,,,,,,,,,,,2363,1386,412000,,,,,,,,,,,,,33452,,,1484,,,,,14795,,,1610,36219,,27429,,,,,,,3016,,,,,,,22788,234854,7256,,,,,24303,,,31966,,,,,,,,,,,,,,,,,,,,,,,,,,,,,,,,,,,,3076,1377,,,,,,,,,,,3804,,,,,,,,,,,,,,,,,,3419,,,,,,,,,,,,,,,,,22950,,,,,,,,
1850,,,500,,1100,,605,3950,,,4449,,,,2500,,,,1374,7234,,,,2485,2379,1410,412000,,,,,2065,,,101,9250,1186,,,33746,,3,1499,,,816,,14894,,,1628,36350,,27181,,,,,,,3044,850,29,350,,938,5161,22977,235800,6878,,,,,24460,399,,32000,,,,,9545,,,,,,,2217,,,,,,,,7662,,,,3932,,,,,,,530,,,,300,3098,1392,4352,90,,,135,2001,3612,13000,495,,3816,350,,,8000,,,,,,56,,366,,,73750,,,3462,,,,,,5230,,,80,,,2200,,,,132,23580,,1324,,,6000,,,
1851,,,,,,,636,3978,,,4477,,,,,,,,,,,,,,2399,1434,408359,,,,,,,,,,,,,34055,,,1517,,,,,14974,,,1642,36479,,26945,,,,,,,3072,,,,,,,23243,236632,6514,,,,,24617,,,32118,,,,,,,,,,,,,,,,,,,,,,,,,,,,,,,,,,,,3133,1409,,,,,,,,,,,3827,,,,,,,,,,,,,,,,,,3500,,,,,,,,,,,,,,,,,24405,,,,,,,,
1852,,,,,,,710,4006,,,4506,,,,,,,,,,,,,,2406,1458,404749,,,,,,,,,,,,,34290,,,1536,,,,,15055,,,1652,36609,,27076,,,,,,,3100,,,,,,,23512,237466,6337,,,,,24776,,,32236,,,,,,,,,,,,,,,,,,,,,,,,,,,,,,,,,,,,3167,1425,,,,,,,,,,,3839,,,,,,,,,,,,,,,,,,3529,,,,,,,,,,,,,,,,,25231,,,,,,,,
1853,,,,,,,795,4035,,,4534,,,,,,,,,,,,,,2412,1482,401172,,,,,,,,,,,,,34422,,,1552,,,,,15136,,,1663,36739,,27248,,,,,,,3129,,,,,,,23784,238303,6199,,,,,24935,,,32354,,,,,,,,,,,,,,,,,,,,,,,,,,,,,,,,,,,,3194,1440,,,,,,,,,,,3850,,,,,,,,,,,,,,,,,,3552,,,,,,,,,,,,,,,,,26157,,,,,,,,
1854,,,,,,,887,4063,,,4563,,,,,,,,,,,,,,2427,1507,397626,,,,,,,,,,,,,34531,,,1569,,,,,15217,,,1673,36869,,27446,,,,,,,3158,,,,,,,24059,239144,6083,,,,,25096,,,32473,,,,,,,,,,,,,,,,,,,,,,,,,,,,,,,,,,,,3218,1457,,,,,,,,,,,3858,,,,,,,,,,,,,,,,,,3586,,,,,,,,,,,,,,,,,26882,,,,,,,,
1855,,,,,,,983,4092,,,4592,,,,,,,,,,,,,,2442,1532,394112,,,,,,,,,,,,,34586,,,1590,,,,,15299,,,1683,37000,,27697,,,,,,,3187,,,,,,,24338,239987,6015,,,,,25257,,,32593,,,,,,,,,,,,,,,,,,,,,,,,,,,,,,,,,,,,3235,1479,,,,,,,,,,,3867,,,,,,,,,,,,,,,,,,3625,,,,,,,,,,,,,,,,,27708,,,,,,,,
1856,,,,,,,1065,4120,,,4621,,,,,,,,,,,,,,2457,1557,390628,,,,,,,,,,,,,34715,,,1612,,,,,15381,,,1692,37060,,27978,,,,,,,3216,,,,,,,24619,240833,5973,,,,,25420,,,32712,,,,,,,,,,,,,,,,,,,,,,,,,,,,,,,,,,,,3253,1501,,,,,,,,,,,3875,,,,,,,,,,,,,,,,,,3657,,,,,,,,,,,,,,,,,28535,,,,,,,,
1857,,,,,,,1156,4150,,,4651,,,,,,,,,,,,,,2471,1582,387176,,,,,,,,,,,,,34979,,,1634,,,,,15455,,,1703,37120,,28186,,,,,,,3246,,,,,,,24904,241683,5919,,,,,25584,,,32833,,,,,,,,,,,,,,,,,,,,,,,,,,,,,,,,,,,,3277,1521,,,,,,,,,,,3889,,,,,,,,,,,,,,,,,,3680,,,,,,,,,,,,,,,,,29360,,,,,,,,
1858,,,,,,,1235,4178,,,4680,,,,,,,,,,,,,,2484,1608,383754,,,,,,,,,,,,,35278,,,1653,,,,,15526,,,1715,37180,,28422,,,,,,,3273,,,,,,,25192,242535,5891,,,,,25748,,,32953,,,,,,,,,,,,,,,,,,,,,,,,,,,,,,,,,,,,3294,1543,,,,,,,,,,,3925,,,,,,,,,,,,,,,,,,3711,,,,,,,,,,,,,,,,,30186,,,,,,,,
1859,,,,,,,1279,4206,,,4710,,,,,,,,,,,,,,2497,1634,380362,,,,,,,,,,,,,35633,,,1674,,,,,15584,,,1726,37240,,28660,,,,,,,3306,,,,,,,25484,243390,5862,,,,,25914,,,33075,,,,,,,,,,,,,,,,,,,,,,,,,,,,,,,,,,,,3304,1570,,,,,,,,,,,3963,,,,,,,,,,,,,,,,,,3761,,,,,,,,,,,,,,,,,31012,,,,,,,,
1860,,,,,,,1326,4235,,,4740,,,,,,,,,,,,,3369,2510,1661,377000,,,,,,,,,,,,,36049,,,1696,,,,,15642,,,1738,37300,,28888,,,,,,,3336,,,,,,,25779,244249,5821,,,,,26081,,,33196,,,,,,,,,,,,,,,,,,,,,,,,,,,,,,,,,,,,3318,1596,,132,,,,,,,,,4000,,,,,,,,,,,,,,,,,,3824,,,,,,,,,,,,,,,,,31839,,,,,,,,
1861,,,,,,,1346,4263,,,4774,,,,,,,,,,,,,,2524,1687,375055,,,,,,,,,,,,,36435,,,1717,,,,,15699,,,1754,37390,,29128,,,,,,,3367,,,,,,,26077,245110,5788,,,,,26249,,,33318,,,,,,,,,,,,,,,,,,,,,,,,,,,,,,,,,,,,3340,1614,,,,,,,,,,,4074,,,,,,,,,,,,,,,,,,3888,,,,,,,,,,,,,,,,,32678,,,,,,,,
1862,,,,,,,1382,4292,,,4809,,,,,,,,,,,,,,2538,1715,373121,,,,,,,,,,,,,36788,,,1739,,,,,15754,,,1774,37520,,29401,,,,,,,3398,,,,,,,26379,245974,5776,,,,,26418,,,33441,,,,,,,,,,,,,,,,,,,,,,,,,,,,,,,,,,,,3366,1627,,,,,,,,,,,4113,,,,,,,,,,,,,,,,,,3942,,,,,,,,,,,,,,,,,33516,,,,,,,,
1863,,,,,,,1432,4321,,,4844,,,,,,,,,,,,,,2552,1742,371196,,,,,,,,,,,,,37184,,,1761,,,,,15809,,,1794,37710,,29630,,,,,,,3430,,,,,,,26684,246842,5718,,,,,26610,,,33564,,,,,,,,,,,,,,,,,,,,,,,,,,,,,,,,,,,,3397,1646,,,,,,,,,,,4131,,,,,,,,,,,,,,,,,,3994,,,,,,,,,,,,,,,,,34355,,,,,,,,
1864,,,,,,,1495,4350,,,4879,,,,,,,,,,,,,,2566,1770,369282,,,,,,,,,,,,,37602,,,1777,,,,,15864,,,1813,37860,,29842,,,,,,,3461,,,,,,,26993,247712,5641,,,,,26814,,,33687,,,,,,,,,,,,,,,,,,,,,,,,,,,,,,,,,,,,3431,1668,,,,,,,,,,,4176,,,,,,,,,,,,,,,,,,4046,,,,,,,,,,,,,,,,,35192,,,,,,,,
1865,,,,,,,1558,4380,,,4915,,,,,,,,,,,,,,2579,1798,367377,,,,,,,,,,,,,37955,,,1799,,,,,15920,,,1833,38020,,30089,,,,,,,3493,,,,,,,27305,248586,5595,,,,,27023,,,33811,,,,,,,,,,,,,,,,,,,,,,,,,,,,,,,,,,,,3460,1690,,,,,,,,,,,4201,,,,,,,,,,,,,,,,,,4092,,,,,,,,,,,,,,,,,36031,,,,,,,,
1866,,,,,,,1609,4409,,,4950,,,,,,,,,,,,,,2593,1827,365482,,,,,,,,,,,,,38193,,,1814,,,,,15976,,,1840,38080,,30315,,,,,,,3525,,,,,,,27621,249462,5523,,,,,27256,,,33935,,,,,,,,,,,,,,,,,,,,,,,,,,,,,,,,,,,,3484,1707,,,,,,,,,,,4226,,,,,,,,,,,,,,,,,,4137,,,,,,,,,,,,,,,,,36869,,,,,,,,
1867,,,,,,,1647,4439,,,4986,,,,,,,,,,,,,,2607,1856,363597,,,,,,,,,,,,,38440,,,1833,,,,,16032,,,1831,38230,,30572,,,,,,,3558,,,,,,,27941,250342,5487,,,,,27411,,,34060,,,,,,,,,,,,,,,,,,,,,,,,,,,,,,,,,,,,3510,1716,,,,,,,,,,,4251,,,,,,,,,,,,,,,,,,4178,,,,,,,,,,,,,,,,,37708,,,,,,,,
1868,,,,,,,1700,4469,,,5023,,,,,,,,,,,,,,2623,1885,361722,,,,,,,,,,,,,38637,,,1852,,,,,16088,,,1776,38330,,30845,,,,,,,3591,,,,,,,28264,251225,5466,,,,,27501,,,34185,,,,,,,,,,,,,,,,,,,,,,,,,,,,,,,,,,,,3543,1724,,,,,,,,,,,4276,,,,,,,,,,,,,,,,,,4154,,,,,,,,,,,,,,,,,38546,,,,,,,,
1869,,,,,,,1750,4499,,,5029,,,,,,,,,,,,,,2639,1915,359856,,,,,,,,,,,,,38914,,,1871,,,,,16144,,,1734,38890,,31127,,,,,,,3621,,,,,,,28591,252111,5449,,,,,27681,,,34311,,,,,,,,,,,,,,,,,,,,,,,,,,,,,,,,,,,,3575,1729,,,,,,,,,,,4302,,,,,,,,,,,,,,,,,,4166,,,,,,,,,,,,,,,,,39385,,,,,,,,
1870,4207,,603,,1796,,1775,4520,,,5096,,,,2586,,,,1495,9797,,,,3781,2655,1945,358000,,,,,2392,,,137,10155,1331,,,39231,,5,1888,,3776,1013,7049,16201,,,1754,38440,,31400,,1579,,,,,3657,1080,107,404,,1150,5917,32743,253000,5419,8415,1580,,,27888,499,266,34437,,,,2340,9753,,755,476,,,,2786,,,,,3776,,,9219,,,,4245,,668,,,,,800,,,,337,3610,1735,4698,291,367,,176,2606,5063,16865,645,4511,4327,384,434,,9179,,,2338,,,84,,492,,,88672,,,4164,,,1582,,,5775,,,124,1176,11793,2345,,,,343,40241,,1653,10528,2840,8252,2547,,
1871,,,,,,,1675,4562,,,5137,,,,,,,,,9980,,,,3801,2680,1975,358988,,,,,,,,,,,,,39456,,,1903,,,,,16258,,,1786,37731,,31685,,,,,,,3694,,,,,,,33068,253417,5398,,,,,28063,,,34648,,,,,,,,,,,,2820,,,,,,,,9331,,,,,,,,,,,,,,,,3636,1745,,306,,,,,,,,,4353,,,,,,,,,,,,,,,,,,4186,,,,,,,,,,,,,,,,354,41098,,1675,,,,,,
1872,,,,,,,1722,4604,,,5178,,,,,,,,,10167,,,,3870,2697,2006,359978,,,,,,,,,,,,,39691,,,1918,,,,,16315,,,1819,37679,,31874,,,,,,,3732,,,,,,,33397,253834,5373,,,,,28233,,,34859,,,,,,,,,,,,2842,,,,,,,,9444,,,,,,,,,,,,,,,,3662,1755,,320,,,,,,,,,4379,,,,,,,,,,,,,,,,,,4227,,,,,,,,,,,,,,,,364,42136,,1699,,,,,,
1873,,,,,,,1769,4646,,,5219,,,,,,,,,10358,,,,3943,2715,2037,360971,,,,,,,,,,,,,40017,,,1935,,,,,16372,,,1847,37887,,32177,,,,,,,3770,,,,,,,33731,254253,5328,,,,,28387,,,35070,,,,,,,,,,,,2863,,,,,,,,9558,,,,,,,,,,,,,,,,3670,1767,,335,,,,,,,,,4405,,,,,,,,,,,,,,,,,,4274,,,,,,,,,,,,,,,,376,43174,,1725,,,,,,
1874,,,,,,,1822,4688,,,5261,,,,,,,,,10552,,,,4012,2733,2068,361967,,,,,,,,,,,,,40450,,,1954,,,,,16429,,,1873,38044,,32501,,,,,,,3809,,,,,,,34069,254672,5299,,,,,28505,,,35235,,,,,,,,,,,,2885,,,,,,,,9674,,,,,,,,,,,,,,,,3745,1783,,367,,,,,,,,,4431,,,,,,,,,,,,,,,,,,4320,,,,,,,,,,,,,,,,387,44212,,1753,,,,,,
1875,,,,,,,1874,4730,,,5303,,,,,,,,,10749,,,,4071,2750,2100,362966,,,,,,,,,,,,,40897,,,1973,,,,,16487,,,1899,38221,,32839,,,,,,,3848,,,,,,,34412,255091,5279,,,,,28630,,,35436,,,,,,,,,,,,2908,,,,,,,,9791,,,,,,,,,,,,,,,,3788,1803,,406,,,,,,,,,4458,,,,,,,,,,,,,,,,,,4362,,,,,,,,,,,,,,,,399,45245,,1784,,,,,,
1876,,,,,,,1929,4772,,,5345,,,,,,,,,10951,,,,4128,2768,2132,363967,,,,,,,,,,,,,41491,,,1994,,,,,16545,,,1928,38398,,33200,,,,,,,3887,,,,,,,34760,255512,5278,,,,,28837,,,35713,,,,,,,,,,,,2930,,,,,,,,9910,,,,,,,,,,,,,,,,3832,1829,,434,,,,,,,,,4484,,,,,,,,,,,,,,,,,,4406,,,,,,,,,,,,,,,,411,46287,,1816,,,,,,
1877,,,,,,,1995,4815,,,5394,,,,,,,,,11156,,,,4184,2786,2165,364971,,,,,,,,,,,,,42034,,,2019,,,,,16603,,,1957,38576,,33576,,,,,,,3927,,,,,,,35113,255933,5286,,,,,29067,,,36018,,,,,,,,,,,,2952,,,,,,,,10030,,,,,,,,,,,,,,,,3883,1852,,450,,,,,,,,,4511,,,,,,,,,,,,,,,,,,4457,,,,,,,,,,,,,,,,424,47325,,1849,,,,,,
1878,,,,,,,2062,4857,,,5442,,,,,,,,,11365,,,,4244,2803,2198,365978,,,,,,,,,,,,,42546,,,2043,,,,,16677,,,1983,38763,,33932,,,,,,,3967,,,,,,,35471,256354,5282,,,,,29252,,,36315,,,,,,,,,,,,2975,,,,,,,,10151,,,,,,,,,,,,,,,,3834,1877,,467,,,,,,,,,4538,,,,,,,,,,,,,,,,,,4508,,,,,,,,,,,,,,,,437,48362,,1883,,,,,,
1879,,,,,,,2127,4899,,,5492,,,,,,,,,11578,,,,4312,2821,2231,366988,,,,,,,,,,,,,43052,,,2064,,,,,16768,,,2014,38909,,34304,,,,,,,4008,,,,,,,35834,256777,5266,,,,,29425,,,36557,,,,,,,,,,,,2998,,,,,,,,10274,,,,,,,,,,,,,,,,3986,1902,,494,,,,,,,,,4571,,,,,,,,,,,,,,,,,,4555,,,,,,,,,,,,,,,,450,49400,,1917,,,,,,
1880,,,,,,,2197,4941,,,5541,,,,,,,,,11794,,,,4384,2839,2264,368000,,,,,,,,,,,,,43500,,,2081,,,,,16859,,,2047,39045,,34623,,,,,,,4049,,,,,,,36203,257200,5203,,,,,29534,,,36807,,,,,,,,,,,,3021,,,,,,,,10399,,,,,,,,,,,,,,,,4043,1919,,520,,,,,,,,,4610,,,,,,,,,,,,,,,,,,4572,,,,,,,,,,,,,,,,464,50458,,1952,,,,,,
1881,,,,,,,2269,4985,,,5606,,,,,,,,,12015,,,,4451,2853,2298,369183,,,,,,,,,,,,,43827,,,2101,,,,,16951,,,2072,39191,,34935,,,,,,,4090,,,,,,,36577,259359,5146,,,,,29672,,,37112,,,,,,,,,,,,3044,,,,,,,,10524,,,,,,,,,,,,,,,,4079,1923,,539,,,,,,,,,4651,,,,,,,,,,,,,,,,,,4570,,,,,,,,,,,,,,,,482,51743,,1986,,,,,,
1882,,,,,,,2348,5030,,,5673,,,,,,,,,12240,,,,4503,2863,2331,370369,,,,,,,,,,,,,44112,,,2120,,,,,17043,,,2098,39337,,35206,,,,,,,4132,,,,,,,37259,261536,5101,,,,,29898,,,37414,,,,,,,,,,,,3073,,,,,,,,10652,,,,,,,,,,,,,,,,4130,1920,,555,,,,,,,,,4691,,,,,,,,,,,,,,,,,,4576,,,,,,,,,,,,,,,,502,53027,,2019,,,,,,
1883,,,,,,,2447,5075,,,5740,,,,,,,,,12470,,,,4560,2874,2365,371560,,,,,,,,,,,,,44404,,,2137,,,,,17136,,,2130,39472,,35450,,,,,,,4174,,,,,,,37646,263732,5024,,,,,30113,,,37766,,,,,,,,,,,,3107,,,,,,,,10781,,,,,,,,,,,,,,,,4180,1919,,574,,,,,,,,,4732,,,,,,,,,,,,,,,,,,4591,,,,,,,,,,,,,,,,522,54311,,2052,,,,,,
1884,,,,,,,2556,5121,,,5807,,,,,,,,,12703,,,,4617,2885,2400,372754,,,,,,,,,,,,,44777,,,2160,,,,,17230,,,2164,39629,,35724,,,,,,,4217,,,,,,,38039,265946,4975,,,,,30366,,,38138,,,,,,,,,,,,3144,,,,,,,,10912,,,,,,,,,,,,,,,,4226,1929,,598,,,,,,,,,4773,,,,,,,,,,,,,,,,,,4624,,,,,,,,,,,,,,,,543,55595,,2083,,,,,,
1885,,,,,,,2650,5166,,,5876,,,,,,,,,12941,,,,4666,2896,2434,373952,,,,,,,,,,,,,45084,,,2186,,,,,17323,,,2195,39733,,36015,,,,,,,4260,,,,,,,38439,268179,4939,,,,,30644,,,38427,,,,,,,,,,,,3170,,,,,,,,11044,,,,,,,,,,,,,,,,4276,1944,,614,,,,,,,,,4815,,,,,,,,,,,,,,,,,,4664,,,,,,,,,,,,,,,,564,56879,,2113,,,,,,
1886,,,,,,,2741,5212,,,5919,,,,,,,,,13183,,,,4711,2907,2469,375154,,,,,,,,,,,,,45505,,,2213,,,,,17418,,,2224,39858,,36313,,,,,,,4303,,,,,,,38844,270430,4906,,,,,30857,,,38622,,,,,,,,,,,,3194,,,,,,,,11178,,,,,,,,,,,,,,,,4326,1958,,626,,,,,,,,,4857,,,,,,,,,,,,,,,,,,4700,,,,,,,,,,,,,,,,587,58164,,2129,,,,,,
1887,,,,,,,2835,5257,,,5962,,,,,,,,,13430,,,,4760,2918,2503,376359,,,,,,,,,,,,,46001,,,2237,,,,,17513,,,2259,39889,,36598,,,,,,,4347,,,,,,,39257,272700,4857,,,,,31049,,,38866,,,,,,,,,,,,3221,,,,,,,,11313,,,,,,,,,,,,,,,,4378,1970,,640,,,,,,,,,4899,,,,,,,,,,,,,,,,,,4726,,,,,,,,,,,,,,,,610,59448,,2147,,,,,,
1888,,,,,,,2932,5303,,,6007,,,,,,,,,13682,,,,4813,2929,2538,377569,,,,,,,,,,,,,46538,,,2257,,,,,17600,,,2296,39920,,36881,,,,,,,4392,,,,,,,39675,274990,4801,,,,,31243,,,39251,,,,,,,,,,,,3261,,,,,,,,11450,,,,,,,,,,,,,,,,4432,1977,,649,,,,,,,,,4942,,,,,,,,,,,,,,,,,,4741,,,,,,,,,,,,,,,,635,60732,,2173,,,,,,
1889,,,,,,,3022,5348,,,6051,,,,,,,,,13938,,,,4865,2940,2573,378783,,,,,,,,,,,,,47083,,,2276,,,,,17678,,,2331,40004,,37178,,,,,,,4437,,,,,,,40100,277298,4757,,,,,31468,,,39688,,,,,,,,,,,,3311,,,,,,,,11589,,,,,,,,,,,,,,,,4485,1984,,656,,,,,,,,,4985,,,,,,,,,,,,,,,,,,4761,,,,,,,,,,,,,,,,660,62016,,2198,,,,,,
1890,,,726,,3376,,3107,5394,,,6096,,,,3445,,,,,14199,,,,4918,2951,2608,380000,,,,,3369,,,,11253,,,,47607,,,2294,,,,,17757,,,2364,40014,,37485,,,,,,,4482,,185,,,,6622,40532,279626,4718,,,,,31702,,,40077,,,,,9848,,,,,,,3343,,,,,,,,11729,,,,7489,,,,,,,1585,,,,,4535,1997,5192,665,,,,3346,6476,22854,,,5028,,,,10373,,,,,,157,,,,,110664,,,4780,,,,,,6670,,,,,,2500,,,,686,63302,,2224,,,9690,,,
1891,,,,,,,3196,5446,,,6164,,,,,,,,,14539,,,,4972,2965,2643,381979,,,,,,,,,,,,,48129,,,2311,,,,,17836,,,2394,39983,,37802,,,,,,,4528,,,,,,,40955,280110,4680,,,,,31892,,,40380,,,,,,,,,,,,3404,,,,,,,,11904,,,,,,,,,,,,,,,,4585,2013,,674,,,,,,,,,5068,,,,,,,,,,,,,,,,,,4794,,,,,,,,,,,,,,,,706,64612,,2255,,,,,,
1892,,,,,,,3274,5504,,,6231,,,,,,,,,14886,,,,5022,3002,2678,383969,,,,,,,,,,,,,48633,,,2327,,,,,17916,,,2451,39993,,38134,,,,,,,4574,,,,,,,41384,280594,4634,,,,,32091,,,40684,,,,,,,,,,,,3470,,,,,,,,12083,,,,,,,,,,,,,,,,4632,2026,,686,,,,,,,,,5104,,,,,,,,,,,,,,,,,,4805,,,,,,,,,,,,,,,,727,65922,,2285,,,,,,
1893,,,,,,,3334,5563,,,6300,,,,,,,,,15242,,,,5072,3040,2713,385969,,,,,,,,,,,,,49123,,,2344,,,,,17996,,,2430,40014,,38490,,,,,,,4621,,,,,,,41820,281079,4607,,,,,32303,,,41001,,,,,,,,,,,,3524,,,,,,,,12263,,,,,,,,,,,,,,,,4684,2038,,705,,,,,,,,,5141,,,,,,,,,,,,,,,,,,4816,,,,,,,,,,,,,,,,748,67231,,2314,,,,,,
1894,,,,,,,3395,5622,,,6370,,,,,,,,,15607,,,,5121,3077,2748,387979,,,,,,,,,,,,,49703,,,2367,,,,,18076,,,2511,40056,,38859,,,,,,,4668,,,,,,,42262,281565,4589,,,,,32513,,,41350,,,,,,,,,,,,3584,,,,,,,,12447,,,,,,,,,,,,,,,,4743,2057,,722,,,,,,,,,5178,,,,,,,,,,,,,,,,,,4849,,,,,,,,,,,,,,,,770,68541,,2346,,,,,,
1895,,,,,,,3460,5680,,,6439,,,,,,,,,15980,,,,5169,3114,2783,390000,,,,,,,,,,,,,50363,,,2397,,,,,18157,,,2483,40098,,39221,,,,,,,4716,,,,,,,42710,282052,4560,,,,,32689,,,41775,,,,,,,,,,,,3626,,,,,,,,12663,,,,,,,,,,,,,,,,4803,2083,,735,,,,,,,,,5215,,,,,,,,,,,,,,,,,,4896,,,,,,,,,,,,,,,,792,69851,,2375,,,,,,
1896,,,,,,,3523,5739,,,6494,,,,,,,,,16362,,,,5218,3151,2818,391980,,,,,,,,,,,,,51111,,,2428,,,,,18238,,,2515,40192,,39599,,,,,,,4764,,,,,,,43174,282540,4542,,,,,32863,,,42196,,,,,,,,,,,,3693,,,,,,,,12822,,,,,,,,,,,,,,,,4866,2112,,748,,,,3470,,,,,5252,,,,,,,,,,,,,,,,,,4941,,,,,,,,,,,,,,,,815,71161,,2408,,,,,,
1897,,,,,,,3586,5798,,,6548,,,,,,,,,16753,,,,5269,3188,2853,393970,,,,,,,,,,,,,51921,,,2462,,,,,18320,,,2549,40348,,39987,,,,,,,4813,,,,,,,43645,283029,4530,,,,,33078,,,42643,,,,,,,,,,,,3752,,,,,,,,13014,,,,,,,,,,,,,,,,4935,2142,,764,,,,3513,,,,,5290,,,,,,,,,,,,,,,,,,4986,,,,,,,,,,,,,,,,839,72471,,2442,,,,,,
1898,,,,,,,3642,5856,,,6604,,,,,,,,,17154,,,,5325,3226,2889,395970,,,,,,,,,,,,,52753,,,2497,,,,,18402,,,2589,40473,,40381,,,,,,,4862,,,,,,,44121,283518,4518,,,,,33285,,,43145,,,,,,,,,,,,3820,,,,,,,,13209,,,,,,,,,,,,,,,,5003,2174,,779,,,,3558,,,,,5327,,,,,,,,,,,,,,,,,,5036,,,,,,,,,,,,2690,,,,864,73781,,2475,,,,,,
1899,,,,,,,3691,5915,,,6662,,,,,,,,,17564,,,,5383,3263,2924,397980,,,,,,,,,,,,,53592,,,2530,,,,,18484,,,2624,40546,,40773,,,,,,,4912,,,,,,,44607,284009,4502,,,,,33487,,,43626,,,,,,,,,,,,3874,,,,,,,,13406,,,,,,,,,,,,,,,,5070,2204,,794,,,,3603,,,,,5366,,,,,,,,,,,,,,,,,,5080,,,,,,,,,,,,2759,,,,889,75091,,2509,,,,,,
1900,,,800,,4693,,3741,5973,,,6719,,,,4000,,,,1696,17984,,,,5457,3300,2959,400000,,,,,3998,,,297,12142,1658,,,54388,,11,2561,,,1400,,18566,,,2646,40598,,41155,,,,,,,4962,1300,265,500,,1560,7127,45100,284500,4469,,,,,33672,720,,44103,,,,,9896,,,,,,,3912,,,,,,,,13607,,,,10174,,,,,,,2232,,,,478,5142,2230,5283,807,,,263,3648,7324,24750,959,,5404,440,,,11000,,,,,,215,,766,,,124500,,,5117,,,,,,7320,,,268,,,2794,,,,915,76391,,2542,,,11174,,,
1901,,,,,4873,,3795,6035,,,6801,,,,,,,,1710,18392,,,,5536,3341,2994,402243,,,,,4079,,,310,,1716,,,55214,,12,2594,,,1420,,18659,,,2667,40640,,41538,,,,,,,4997,1313,,511,,1583,,45575,286200,4447,,,,,33877,728,,44662,,,,,,,,,,,,4031,,,,,,,,13755,,,,10490,,,,,,,2288,,,,485,5221,2255,,824,,,269,3694,7465,,974,,5447,450,,,,,,,,,,,782,,,,,,5156,,,,,,7413,,,274,,,2877,,,,930,77888,,2576,,,,,,
1902,,,,,5060,,3850,6099,,,6903,,,,,,,,1723,18782,,,,5650,3384,3029,404498,,,,,4162,,,320,,1775,,,56104,,12,2623,,,1441,,18788,,,2686,40713,,41893,,,,,,,5032,1327,,522,,1607,,46060,288000,4435,,,,,34166,737,,45255,,,,,,,,,,,,4071,,,,,,,,13904,,,,10642,,,,,,,2345,,,,492,5305,2275,,844,,,275,3741,7609,,990,,5494,461,,,,,,,,,,,799,,,,,,5187,,,,,,7507,,,279,,,2949,,,,945,79469,,2609,,,,,,
1903,,,,,5254,,3896,6164,,,6997,,,,,,,,1737,19180,,,,5813,3428,3065,406766,,,,,4247,,,320,,1837,,,56963,,12,2653,,,1462,,18919,,,2706,40786,,42246,,,,,,,5067,1341,,533,,1631,,46552,289700,4418,,,,,34436,745,,45841,,,,,,,,,,,,4156,,,,,,,,14055,,,,10796,,,,,,,2404,,,,499,5389,2288,,867,,,281,3788,7755,,1006,,5541,472,,,,,,,,,,,816,,,,,,5210,,,,,,7602,,,285,,,2974,,,,961,80946,,2643,,,,,,
1904,,,,,5455,,3946,6228,,,7086,,,,,,,,1751,19587,,,,5994,3472,3100,409047,,,,,4334,,,330,,1879,,,57806,,13,2681,,,1483,,19050,,,2735,40859,,42611,,,,,,,5102,1355,,545,,1655,,47051,291500,4408,,,,,34715,754,,46378,,,,,,,,,,,,4233,,,,,,,,14208,,,,10953,,,,,,,2467,,,,507,5470,2297,,893,,,287,3836,7904,,1022,,5589,483,,,,,,,,,,,834,,,,,,5241,,,,,,7699,,,291,,,3023,,,,977,82485,,2690,,,,,,
1905,,,,,5664,,4004,6292,,,7175,,,,,,,,1765,20003,,,,6166,3461,3136,411340,,,,,4422,,,340,,1927,,,58644,,13,2710,,,1505,,19133,,,2762,40890,,42981,,,,,,,5138,1369,,556,,1680,,47559,293300,4399,,,,,35011,763,,46829,,,,,,,,,,,,4383,,,,,,,,14363,,,,11112,,,,,,,2532,,,,514,5551,2309,,919,,,293,3885,8056,,1039,,5637,494,,,,,,,,,,,851,,,,,,5278,,,,,,7797,,,298,,,3101,,,,993,84147,,2706,,,,,,
1906,,,,,5881,,4062,6357,,,7258,,,,,,,,1779,20427,,,,6282,3560,3172,413646,,,,,4512,,,340,,1979,,,59481,,13,2741,,,1527,,19316,,,2788,40942,,43361,,,,,,,5174,1383,,568,,1705,,48036,295100,4398,,,,,35297,772,,47227,,,,,,,,,,,,4458,,,,,,,,14519,,,,11273,,,,,,,2601,,,,522,5632,2319,,946,,,299,3934,8211,,1056,,5686,505,,,,,,,,,,,869,,,,,,5315,,,,,,7896,,,304,,,3135,,,,1009,85770,,2720,,,,,,
1907,,,,,6107,,4127,6421,,,7338,,,,,,,,1793,20860,,,,6596,3604,3208,415965,,,,,4604,,,350,,2034,,,60341,,14,2775,,,1549,,19450,,,2821,40942,,43737,,,,,,,5210,1397,,581,,1730,,48520,296900,4388,,,,,35594,781,,47691,,,,,,,,,,,,4467,,,,,,,,14676,,,,11437,,,,,,,2672,,,,529,5710,2329,,969,,,306,3984,8369,,1073,,5735,517,,,,,,,,,,,888,,,,,,5357,,,,,,7996,,,310,,,3164,,,,1026,87339,,2741,,,,,,
1908,,,,,6341,,4197,6485,,,7411,,,,,,,,1808,21303,,,,6813,3647,3244,418297,,,,,4697,,,350,,2092,,,61187,,14,2809,,,1571,,19585,,,2861,41046,,44124,,,,,,,5246,1412,,593,,1756,,49014,298700,4385,,,,,35899,790,,48260,,,,,,,,,,,,4520,,,,,,,,14836,,,,11603,,,,,,,2745,,,,537,5786,2346,,996,,,312,4034,8530,,1090,,5784,529,,,,,,,,,,,907,,,,,,5404,,,,,,8098,,,317,,,3191,,,,1043,89055,,2761,,,,,,
1909,,,,,6584,,4278,6550,,,7478,,,,,,,,1822,21754,,,,6993,3691,3280,420642,,,,,4793,,,360,,2154,,,62038,,15,2845,,,1594,,19721,,,2899,41109,,44520,,,,,,,5283,1426,,606,,1782,,49518,300500,4387,,,,,36213,799,,48869,,,,,,,,,,,,4585,,,,,,,,14997,,,,11771,,,,,,,2821,,,,545,5862,2367,,1024,,,319,4085,8694,,1108,,5834,542,,,,,,,,,,,926,,,,,,5453,,,,,,8201,,,324,,,3227,,,,1062,90845,,2780,,,,,,
1910,,,874,,6836,,4375,6614,,,7498,,,,4520,,,,1837,22216,,,,7188,3735,3317,423000,,,,,4890,,,363,12984,2219,,,62884,,15,2882,,,1617,,19858,,,2929,41224,,44916,,,,,,,5320,1441,,619,,1809,7644,50034,302100,4385,,,,,36572,808,,49518,,,,,10096,,,,,,,4668,,,,,,,,15000,,,,11942,,,,,,,2893,,,,553,5922,2384,,1045,,,326,4137,8861,26644,1126,,5884,554,,,11866,,,,,,,,946,,,,,,5499,,,,,,8305,,,331,,,3276,,,,1081,92767,,2805,,,13052,,,
1911,,,,,7098,,4500,6669,,,7517,,,,,,,,1851,22687,,,,7410,3776,3354,427662,,,,,4990,,,366,,2287,,,63852,,15,2917,,,1641,,19994,,,2962,41307,,45268,,,,,,,5355,1456,,632,,1836,,50563,303100,4381,,,,,36917,818,,50215,,,,,10258,,,,,,,4757,,,,,,,,14990,,,,12115,,,,,,,2967,,,,561,5984,2401,,1067,,,333,4189,9032,,1144,,5935,567,,,,,,,,,,,966,,,,,,5542,,,,,,8431,,,338,,,3345,,,,1112,94234,,2834,,,,,,
1912,,,,,7370,,4661,6724,,,7590,,,,,,,,1866,23168,,,,7602,3819,3392,432375,,,,,5091,,,369,,2358,,,64457,,16,2951,,,1665,,20128,,,2998,41359,,45426,,,,,,,5390,1470,,646,,1863,,51106,303400,4368,,,,,37150,827,,50941,,,,,10422,,,,,,,4784,,,,,,,,14980,,,,12220,,,,,,,3025,,,,570,6068,2423,,1092,,,341,4242,9206,,1162,,5964,580,,,,,,,,,,,987,,,,,,5583,,,,,,8559,,,345,,,3411,,,,1144,95703,,2856,,,,,,
1913,5730,,898,,7653,,4821,6767,,,7666,,,,4720,,,,1881,23660,,,,7852,3864,3431,437140,,,,,5195,,,372,13245,2431,,,65058,,16,2983,,5497,1689,12144,20263,,,3027,41463,,45649,,2043,,,,,5425,1486,422,660,,1891,7840,51637,303700,4346,10994,2613,,,37248,837,348,51672,,,,3070,10589,,1387,649,,,,4811,,,,,5111,,,14970,,,,12326,,725,,,,,3084,,,,578,6164,2447,5639,1122,444,,348,4295,9384,26710,1181,4897,5972,594,708,,12527,,,2676,,,323,,1008,,,156192,,,5621,,,1994,,,8689,,,352,1870,15000,3477,,,,1177,97606,,2874,19339,3284,13590,6153,,
1914,,,,,7885,,4933,6806,,,7723,,,,,,,,1915,24161,,,,8093,3897,3470,441958,,,,,5330,,,390,,2507,,,66096,,17,3018,,,1703,,20398,,,3053,41476,,46049,,,,,,,5463,1501,439,668,,1923,,52178,304000,4334,,,,,37526,840,,52396,,,,,10764,,,,,,,4838,,,,,,,,14960,,,,12433,,,,,,,3144,,,,580,6277,2472,,1143,,,365,4350,9565,,1199,,5980,608,,,,,,,,,331,,1030,,,,,,5659,,,,,,8822,,,357,,,3529,,,,1223,99505,,2899,,,,,,
1915,,,,,8072,,4971,6843,,,7759,,,,,,,,1951,24674,,,,8191,3883,3509,446829,,,,,5468,,,390,,2585,,,66230,,17,3055,,,1717,,20535,,,3083,40481,,46340,,,,,,,5502,1517,457,677,,1955,,52729,304200,4278,,,,,37982,842,,53124,,,,,10911,,,,,,,4905,,,,,,,,14950,,,,12541,,,,,,,3207,,,,595,6395,2498,,1152,,,383,4405,9749,,1217,,5988,622,,,,,,,,,341,,1052,,,,,,5696,,,,,,8957,,,362,,,3545,,,,1246,100941,,2918,,,,,,
1916,,,,,8226,,4955,6825,,,7762,,,,,,,,1986,25197,,,,8214,3883,3550,451753,,,,,5609,,,400,,2664,,,66076,,18,3092,,,1731,,20673,,,3105,39884,,46514,,,,,,,5541,1533,476,685,,1988,,53290,304500,4273,,,,,38142,845,,53815,,,,,11086,,,,,,,4971,,,,,,,,14940,,,,12650,,,,,,,3271,,,,604,6516,2522,,1155,,,402,4460,9937,,1235,,5996,637,,,,,,,,,351,,1074,,,,,,5735,,,,,,9094,,,367,,,3569,,,,1269,102364,,2929,,,,,,
1917,,,,,8374,,4950,6785,,,7729,,,,,,,,2023,25732,,,,8277,3888,3592,456732,,,,,5754,,,400,,2746,,,65763,,18,3130,,,1746,,20811,,,3124,39288,,46614,,,,,,,5580,1549,496,694,,2021,,53856,304800,4273,,,,,37981,847,,54437,,,,,11263,,,,,,,5040,,,,,,,,14930,,,,12760,,,,,,,3337,,,,613,6654,2551,,1152,,,422,4517,10128,,1254,,6005,652,,,,,,,,,360,,1098,,,,,,5779,,,,,,9232,,,373,,,3616,,,,1292,103817,,2944,,,,,,
1918,,,,,8518,,5032,6727,,,7660,,,,,,,,2060,26277,,,,8374,3880,3634,461766,,,,,5903,,,410,,2828,,,65237,,18,3165,,,1760,,20950,,,3125,38542,,46575,,,,,,,5620,1565,517,702,,2055,,53910,305100,4280,,,,,37520,850,,54886,,,,,11443,,,,,,,5109,,,,,,,,14920,,,,12871,,,,,,,3404,,,,622,6752,2578,,1156,,,442,4574,10323,,1273,,6013,667,,,,,,,,,370,,1121,,,,,,5807,,,,,,9418,,,378,,,3638,,,,1316,104958,,2958,,,,,,
1919,,,,,8672,,5193,6420,,,7628,,,,,,,,2098,26835,,,,8548,3869,3678,466855,,,,,6056,,,420,,2912,,,60547,,19,3202,,,1774,,21091,,,3117,38700,,46534,,,,,,,5660,1581,539,711,,2089,,54438,305300,4352,,,,,37250,852,,55253,,,,,11627,,,,,,,5179,,,,,,,,14910,,,,12893,,,,,,,3473,,,,631,6805,2603,,1195,,,464,4631,10522,,1292,,6021,683,,,,,,,,,380,,1145,,,,,,5830,,,,,,9608,,,383,,,3681,,,,1341,105473,,2973,,,,,,
1920,,,932,,8861,,5358,6455,,,7552,,,,5072,,,,2136,27404,,,,8798,3877,3723,472000,,,,,6213,,,420,12979,2997,,,60894,,19,3242,,,1790,,21232,,,3133,39000,,46821,,,,,,,5700,1597,561,720,,2124,7950,54993,305600,4361,,,,,37398,855,,55818,,,,,11804,,,,,,,5250,,,,,,,,14900,,,,13096,,,,,,,3545,,,,640,6848,2635,,1241,,,487,4690,10725,23968,1312,,6029,699,,,12340,,,,,,391,,1170,,,154607,,,5876,,,,,,9802,,,389,,,3721,,,,1371,106881,,2992,,,12422,,,
1921,,,937,,9092,,5461,6504,,,7504,,,,5148,,,,2161,27969,,,,9028,3876,3769,473673,,,,,6374,,,430,13008,3083,,,61573,,20,3285,,,1805,,21411,,,3170,39240,,44072,,,,,,,5837,1614,541,740,,2152,8029,55601,307300,3096,,,,,37691,860,,56490,,,,,12040,,,,,,,5304,,,,,,,,14895,,,,13212,,,,,,,3618,,,,640,6921,2668,,1275,,,489,4764,10932,24330,1336,,6071,715,,,12479,,,,,,418,,1190,,,152836,,,5929,,,,,,10000,,,367,,,3786,,,,1402,108964,,3008,,,12607,,,
1922,,,942,,9368,,5574,6528,,,7571,,,,5255,,,,2186,28542,,,,9159,3874,3817,475352,,,,,6539,,,430,13159,3170,,,61900,,21,3322,,,1820,,21628,,,3210,39420,,44372,,,,,,,5890,1631,553,770,,2181,8103,56220,310400,3002,,,,,38086,879,,57209,,,,,12281,,,,,,,5367,,,,,,,,15129,,,,13351,,,,,,,3698,,,,650,7032,2695,,1304,,,491,4838,11143,24935,1359,,6146,732,,,12666,,,,,,436,,1220,,,152403,,,5971,,,,,,10202,,,371,,,3844,,,,1433,110484,,3025,,,12796,,,
1923,,,947,,9707,,5697,6543,,,7635,,,,5365,,,,2212,29126,,,,9256,3883,3866,477037,,,,,6709,,,440,13293,3257,,,62307,,21,3356,,,1835,,21847,,,3243,39880,,44596,,,,,,,6010,1648,579,800,,2209,8173,56847,313600,3014,,,,,38460,891,,57937,,,,,12526,,,,,,,5426,,,,,,,,15367,,,,13491,,,,,,,3779,,,,650,7150,2713,,1326,,,493,4914,11358,25569,1383,,6223,749,,,12843,,,,,,458,,1240,,,153055,,,5997,,,,,,10435,,,376,,13877,3904,,,,1465,112387,,3049,,,12987,,,
1924,,,952,,10054,,5819,6562,,,7707,,,,5476,,,,2237,29723,,,,9394,3896,3917,478728,,,,,6882,,,450,13413,3345,,,62697,,22,3389,,,1850,,22069,,,3272,40310,,44915,,,,,,,6000,1665,603,820,,2239,8232,57486,316700,3005,,,,,38810,900,,58686,,,,,12777,,,,,,,5452,,,,,,,,15609,,,,13633,,,,,,,3863,,,,660,7264,2729,,1350,,,495,4992,11577,25992,1407,,6300,767,,,13020,,,,,,469,,1270,,,155581,,,6021,,,,,,10673,,,379,,13968,3959,,,,1498,114558,,3077,,,13180,,,
1925,,,956,,10358,,5943,6582,,,7779,,,,5590,,,,2263,30332,,,,9549,3910,3970,480425,,,,,7061,,,460,13537,3432,,,63166,,23,3425,,,1865,,22292,,,3304,40610,,45059,,,,,,,5958,1682,628,850,,2268,8299,58135,319900,2985,,,,,39165,910,,59522,,,,,13005,,,,,,,5505,,,,,,,,15854,,,,13776,,,,,,,3949,,,,660,7366,2747,,1382,,,497,5070,11800,26425,1431,,6378,785,,,13209,,,,,,492,,1300,,,158983,,,6045,,,,,,10916,,,382,,14059,4048,,,,1534,116284,,3114,,,13378,,,
1926,,,962,,10652,,6064,6603,,,7844,,,,5705,,,,2289,30953,,,,9713,3932,4025,482128,,,,,7243,,,470,13644,3519,,,63630,,24,3452,,,1881,,22518,,,3339,40870,,45232,,,,,,,6042,1699,615,880,,2298,8383,58807,323200,2971,,,,,39502,930,,60490,,,,,13179,,,,,,,5545,,,,,,,,16103,,,,13921,,,,,,,4038,,,,670,7471,2763,,1412,,,499,5150,12026,26815,1455,,6457,803,,,13399,,,,,,511,,1330,,,162621,,,6064,,,,,,11165,,,385,,14151,4140,,,,1571,117857,,3152,,,13578,,,
1927,,,967,,10965,,6188,6623,,,7904,,,,5798,,,,2316,31587,,,,9905,3956,4081,483837,,,,,7431,,,470,13728,3606,,,64023,,25,3475,,,1896,,22747,,,3368,40940,,45389,,,,,,,6127,1717,628,890,,2328,8454,59501,326400,2957,,,,,39848,946,,61430,,,,,13356,,,,,,,5591,,,,,,,,16356,,,,14067,,,,,,,4128,,,,670,7576,2775,,1437,,,502,5230,12305,27148,1478,,6538,822,,,13574,,,,,,532,,1350,,,166117,,,6081,,,,,,11419,,,388,,14250,4232,,,,1608,119502,,3185,,,13780,,,
1928,,,972,,11282,,6304,6643,,,7968,,,,5873,,,,2343,32234,,,,10107,3988,4140,485552,,,,,7624,,,480,13807,3693,,,64393,,26,3497,,,1912,,22977,,,3396,41050,,45578,,,,,,,6205,1735,652,910,,2359,8520,60250,329700,2944,,,,,40186,966,,62361,,,,,13535,,,,,,,5730,,,,,,,,16613,,,,14215,,,,,,,4221,,,,670,7679,2785,,1454,,,504,5312,12543,27509,1502,,6619,841,,,13760,,,,,,553,,1390,,,169269,,,6097,,,,,,11734,,,392,,14476,4330,,,,1646,120971,,3221,,,13986,,,
1929,,,977,,11592,,6396,6664,,,8032,,,,5950,,,,2370,32894,,,,10305,4022,4202,487273,,,,,7821,,,490,13884,3742,,,64739,,27,3518,,,1928,,23210,,,3424,41230,,45672,,,,,,,6275,1753,680,930,,2390,8583,61019,333100,2937,,,,,40469,985,,63244,,,,,13716,,,,,,,5669,,,,,,,,16875,,,,14364,,,,,,,4316,,,,680,7782,2795,,1471,,,506,5396,12890,27856,1526,,6701,860,,,13952,,,,,,575,,1410,,,172017,,,6113,,,,,,12058,,,398,,14705,4437,,,,1685,122245,,3259,,,14194,,,
1930,,,982,,11896,,6469,6684,,,8076,,,,6027,,,,2397,33568,,,,10488,4051,4266,489000,,,,,7914,,,500,13964,3837,,,65084,,27,3542,,,1944,,23445,,,3449,41610,,45866,,,,,,,6351,1771,711,950,,2422,8649,61805,336400,2927,,,,,40791,1009,,64203,,,,,13900,,,,,,,5707,,,,,,,,17175,,,,14515,,,,,,,4413,,,,680,7884,2807,,1493,,,515,5480,13194,28204,1552,,6784,880,,,14141,,,,,,596,,1440,,,174212,,,6131,,,,,,12392,,,405,,14928,4563,,,,1713,123668,,3300,,,14407,,,
1931,,,988,,12167,,6527,6705,,,8126,,,,6106,,,,2425,34256,,,,10657,4080,4332,492640,,,,,8009,,,510,14052,3910,,,65423,,28,3569,,,1995,,23675,,,3476,41860,,46074,,,,,,,6440,1810,728,970,,2453,8723,62878,341000,2933,,,,,41132,1039,,65205,,,,,14117,,,,,,,5748,,,,,,,,17480,,,,14667,,,,,,,4513,,,,690,7999,2824,,1514,,,527,5569,13507,28615,1584,,6869,901,,,14355,,,,,,563,,1460,,,175987,,,6152,,,,,,12735,,,412,,15174,4684,,,,1741,124633,,3336,,,14618,,,
1932,,,993,,12402,,6579,6725,,,8186,,,,6186,,,,2453,34957,,,,10794,4102,4401,496307,,,,,8104,,,520,14138,3984,,,65716,,29,3603,,,2050,,23897,,,3503,41860,,46335,,,,,,,6516,1860,781,990,,2485,8785,63986,345800,2949,,,,,41431,1061,,66189,,,,,14338,,,,,,,5788,,,,,,,,17790,,,,14870,,,,,,,4604,,,,690,8123,2842,,1527,,,543,5660,13829,29022,1615,,6954,922,,,14554,,,,,,580,,1470,,,176807,,,6176,,,,,,13087,,,417,,15414,4806,,,,1770,125436,,3368,,,14819,,,
1933,,,998,,12623,,6631,6746,,,8231,,,,6267,,,,2482,35673,,,,10919,4122,4473,500000,,,,,8201,,,530,14216,4060,,,66027,,30,3633,,,2095,,24122,,,3526,41890,,46520,,,,,,,6591,1910,800,1010,,2517,8848,65131,350700,2962,,,,,41753,1082,,67182,,,,,14562,,,,,,,5825,,,,,,,,18115,,,,15075,,,,,,,4697,,,,700,8237,2858,,1540,,,559,5752,14158,29421,1647,,7040,944,,,14730,,,,,,515,,1490,,,177401,,,6201,,,,,,13399,,,422,,15658,4932,,,,1799,126180,,3401,,,15022,,,
1934,,,1003,,12834,,6682,6760,,,8262,,,,6349,,,,2511,36404,,,,11030,4140,4548,502639,,,,,8299,,,540,14282,4137,,,66409,,31,3666,,,2140,,24349,,,3549,41950,,46666,,,,,,,6688,1940,818,1020,,2549,8919,66314,355600,2971,,,,,42093,1098,,68090,,,,,14789,,,,,,,5872,,,,,,,,18445,,,,15283,,,,,,,4793,,,,710,8341,2874,,1552,,,576,5846,14497,29771,1679,,7127,966,,,14924,,,,,,525,,1510,,,178453,,,6222,,,,,,13718,,,428,,15906,5063,,,,1829,126978,,3431,,,15228,,,
1935,,,1009,,13044,,6732,6761,,,8288,,,,6415,,,,2540,37150,,,,11136,4155,4625,505292,,,,,8398,,,550,14339,4221,,,66871,,32,3695,,,2196,,24579,,,3576,41940,,46868,,,,,,,6793,1980,837,1040,,2582,8985,67538,360600,2971,,,,,42429,1113,,69238,,,,,15020,,,,,,,5897,,,,,,,,18781,,,,15494,,,,,,,4890,,,,730,8434,2889,,1562,,,592,5941,14843,30129,1710,,7216,988,,,15069,,,,,,572,,1530,,,179636,,,6242,,,,,,14045,,,435,,16158,5179,,,,1859,127859,,3465,,,15439,,,
1936,,,1014,,13260,,6783,6758,,,8315,,,,6469,,,,2569,37911,,,,11243,4168,4706,507959,,,,,8498,,,560,14387,4289,,,67349,,33,3722,,,2249,,24810,,,3601,41910,,47081,,,,,,,6886,2020,856,1060,,2615,9046,68807,365700,2967,,,,,42750,1130,,70171,,,,,15139,,,,,,,5943,,,,,,,,19040,,,,15708,,,,,,,4993,,,,750,8516,2904,,1573,,,608,6038,15199,30471,1743,,7305,1012,,,15256,,,,,,603,,1550,,,181502,,,6259,,,,,,14379,,,442,,16434,5297,,,,1889,128681,,3510,,,15651,,,
1937,,,1030,,13490,,6841,6755,,,8346,,,,6514,,,,2599,38687,,,,11341,4180,4789,510640,,,,,8599,,,580,14429,4357,,,67831,,34,3749,,,2298,,25043,,,3626,41930,,47289,,,,,,,6973,2070,1111,1080,,2648,9107,70121,370900,2948,,,,,43068,1142,,71278,,,,,15260,,,,,,,5989,,,,,,,,19370,,,,15925,,,,,,,5099,,,,770,8599,2919,,1587,,,623,6137,15563,30791,1777,,7396,1036,,,15434,,,,,,651,,1570,,,184626,,,6276,,,,,,14721,,,450,,16725,5432,,,,1921,129464,,3565,,,15860,,,
1938,,,1040,,13724,,6904,6753,,,8374,,,,6564,,,,2629,39480,,,,11452,4192,4875,513336,,,,,8702,,,590,14603,4428,,,68558,,35,3777,,,2355,,25279,,,3656,41960,,47494,,,,,,,7061,2110,1281,1100,,2682,9167,71484,376100,2937,,,,,43419,1163,,71879,,,,,15381,,,,,,,6045,,,,,,,,19705,,,,16145,,,,,,,5207,,,,780,8685,2936,,1604,,,640,6237,15934,31062,1810,,7488,1061,,,15601,,,,,,710,,1590,,,188498,,,6297,,,,,,14980,,,458,,17016,5552,,,,1952,130476,,3623,,,16084,,,
1939,,,1070,,13984,,6971,6653,,,8392,,,,6614,,,,2659,40289,,,,11570,4206,4964,516046,,,,,8935,,,610,14683,4497,,,69286,,36,3805,,,2412,,25517,,,3686,41900,,47991,,,,,,,7156,2150,1516,1120,,2716,9227,72903,381400,2934,,,,,43865,1191,,72364,,,,,15504,,,,,,,6095,,,,,,,,20047,,,,16368,,,,,,,5317,,,,810,8782,2954,,1627,,,656,6338,16275,31365,1844,,7581,1086,,,15751,,,,,,728,,1610,,,192379,,,6326,,,,,,15244,,,466,,17517,5680,,,,1944,131539,,3699,,,16305,,,
1940,,,1088,,14169,,7042,6705,,,8346,,,,6666,,,,2690,41114,,,,11688,4226,5056,518770,,,,,9174,,,620,14713,4566,,,69835,,37,3832,,,2466,,25757,,,3698,41000,,48226,,,,,,,7280,2200,1547,1150,,2751,9287,74376,386800,2958,,,,,44341,1212,,72967,,,,,15627,,,,,,,6134,,,,,,,,20393,,,,16594,,,,,,,5434,,,,830,8879,2973,,1636,,,697,6440,16585,30021,1880,,7675,1111,,,15907,,,,,,751,,1630,,,195970,,,6356,,,,,,15513,,,476,,17821,5837,,,,1965,132637,,3784,,,16300,,,
1941,,,1100,,14402,,7111,6745,,,8276,,,,6715,,,,2721,42069,,,,11818,4254,5151,521508,,,,,9419,,,630,14671,4635,,,70244,,37,3863,,,2541,,25979,,,3702,39600,,48216,,,,,,,7362,2250,1420,1170,,2786,9344,75588,391700,2993,,,,,44734,1230,,74005,,,,,15859,,,,,,,6169,,,,,,,,20955,,,,16824,,,,,,,5554,,,,840,8966,2990,,1629,,,720,6550,16902,,1935,,7757,1137,,,15774,,,,,,769,,1650,,,,,,6389,,,,,,15787,,,492,,18011,6002,,,,1987,133922,,3858,,,,,,
1942,,,1117,,14638,,7173,6783,,,8247,,,,6771,,,,2753,43069,,,,11969,4286,5248,524261,,,,,9671,,,650,14577,4704,,,70834,,38,3903,,,2575,,26182,,,3708,39400,,48400,,,,,,,7339,2300,,1200,,2820,9396,76785,396300,2963,,,,,45004,1254,,75029,,,,,16094,,,,,,,6191,,,,,,,,21532,,,,16727,,,,,,,5592,,,,860,9042,3009,,1639,,,773,6662,17169,,1987,,7826,1164,,,15839,,,,,,,,1680,,,,,,6432,,,,,,16060,,,510,,18203,6174,,,,2010,135386,,3934,,,,,,
1943,,,1119,,14877,,7236,6808,,,8242,,,,6828,,,,2785,44093,,,,12115,4323,5348,527028,,,,,9930,,,660,14538,4779,,,70411,,39,3949,,,2641,,26387,,,3721,39000,,48789,,,,,,,7297,2340,,1210,,2856,9442,77615,400900,2946,,,,,45177,1249,,76005,,,,,16332,,,,,,,6296,,,,,,,,22125,,,,16908,,,,,,,5630,,,,880,9103,3032,,1633,,,795,6776,17552,,2033,,7896,1191,,,15840,,,,,,,,1690,,,,,,6490,,,,,,16462,,,525,,18396,6325,,,,2032,137272,,4020,,,,,,
1944,,,1122,,15130,,7309,6834,,,8291,,,,6885,,,,2817,45141,,,,12268,4364,5449,529810,,,,,10196,,,680,14593,4849,,,69865,,40,3998,,,2712,,26594,,,3735,38900,,49016,,,,,,,7284,2390,,1240,,2892,9497,77646,405600,2944,,,,,45290,1259,,77178,,,,,16574,,,,,,,6442,,,,,,,,22734,,,,17090,,,,,,,5668,,,,900,9175,3060,,1654,,,784,6892,17887,,2062,,7967,1219,,,15946,,,,,,,,1720,,,,,,6560,,,,,,16868,,,536,,18592,6266,,,,2055,138937,,4114,,,,,,
1945,,,1138,,15390,,7389,6799,,,8339,,,,6942,,,,2850,46215,,,,12404,4412,5552,532607,,,,,10469,,,700,14152,4932,,,67000,,41,4045,,,2781,,26802,,,3758,39700,,49182,,,,,,,7322,2440,,1260,,2928,9024,77545,410400,2952,,,,,45442,1266,,76224,,,,,17917,,,,,,,6650,,,,,,,,23724,,,,17272,,,,,,,5707,,,,920,9262,3091,,1688,,,791,7010,18228,,2099,,8038,1247,,,15929,,,,,,,,1740,,,,,,6635,,,,,,17284,,,547,,18790,6140,,,,2081,140474,,4223,,,,,,
1946,,,1154,,15654,,7474,7000,,,8367,,,,7000,,,,2883,47313,,,,12634,4467,5656,535418,,,,,10749,,,710,12916,5039,,,64678,,42,4101,,,2853,,27012,,,3806,40290,,49217,,,,,,,7418,2500,1343,1290,,2961,9042,78050,415200,2957,,,,,45725,1298,,77199,,,,,19369,,,,,,,6854,,,,,,,,24413,,,,17454,,,,,,,5746,,,,950,9424,3127,,1759,,,788,7130,18775,23959,2141,,8110,1275,,,15971,,,,,,,,1760,,,173900,,,6719,,,,,,17710,,,561,,19235,6014,,,,2107,141940,,4347,,,,,,
1947,,,1175,,15942,,7578,6971,,,8450,,,,7064,,,,2916,48438,,,,12901,4524,5761,538244,,,,,11036,,,730,12164,5152,,,66094,,43,4146,,,2936,,27223,,,3859,40680,,49519,,,,,,,7529,2570,1516,1320,,2994,9079,78880,346000,2974,,,,,46040,1327,,78119,,,,,19886,,,,,,,7037,,,,,,,,25122,,,,17636,,,,,,,5786,,,,980,9630,3165,,1797,,,804,7252,19338,23734,2162,,8183,1305,,,15849,,,,,,938,,1780,,,174000,,,6803,,,,,,18148,,,583,,19690,6419,,,,2134,144688,,4486,,,15596,,,
1948,,,1192,,16307,,7715,6956,,,8557,,,,7130,,,,2950,49590,,,,13180,4582,5865,541085,,,,,11332,,,750,12339,5268,,,67295,,44,4190,,,3017,,27437,,,3912,41110,,50014,,,,,,,7749,2640,1559,1350,,3028,9158,79856,350000,2985,,,,,46381,1350,,80155,,,,,20027,,,,,,,7244,,,,,,,,25852,,,,17818,,,,,,,5922,,,,1000,9800,3201,,1833,,,822,7376,19918,23980,2187,,8256,1335,,,15893,,,,,,961,,1810,,,175100,,,6883,,,,,,18569,,,600,,20156,6724,,,,2160,147203,,4656,,,15817,,,
1949,,,1209,,16737,,7919,6943,,,8614,,,,7195,,,,2984,50769,,,,13469,4640,5969,543941,,,,,11635,,,770,12339,5386,,,67991,,45,4230,,,3104,,27651,,,3963,41480,,50312,,,,,,,7856,2720,1609,1390,,3062,9250,81120,355000,2981,,,,,46733,1374,,81971,,,,,20208,,,,,,,7455,,,,,,,,26603,,,,18000,,,,,,,6061,,,,1030,9956,3234,,1871,,,838,7502,20516,24410,2197,,8329,1366,,,16084,,,,,,979,,1840,,,177500,,,6955,,,,,,19000,,,616,,20634,7302,,,,2188,149770,,4843,,,16040,,,
1950,8150,4117.617,1227.156,71.52,17150.336,1355.269,8267.337,6935.1,2885.332,2362.522,8639.369,1672.661,4376.162,45645.964,7250.5,114.84,2662,7722.155,2766.028,53443.075,211,430.413,1260,14011.422,4694,6090.833,546815,2860.288,4887.591,13568.762,826.308,11591.658,148,146,866.982,12389,5785,494,8925.122,68374.572,79,51,4271,2352.968,8892.718,3369.955,21197.691,28062.963,1095.61,20605.2175154271,4008.9,42518,415.767,50127,3515.602,5297.454,2585.509,271,573.268,211,7566.028,2968.976,1960.22018570767,1431.447,3837.297,3097,9338,82611.5269347421,359000,2963.018,16357,5163.443,142.938,1286.131,47105,1384.55,561.254,83805,6693.23,6121.184,1738.961,4471.17,20845.771,144.774,1886,1364.03,824,961.305,79,7533.097,726,2553.159,295.587,1936.498,9343.384,2336.432,4620.437,28485.18,1224.627,3687.654,311.973,19487.657,395.587,779,6250.443,1006,481.27,2816.6,6433.799,463.729,3271.073,31796.939,1098,10113.527,3265.126,8990,1908.31,488.588,39448.232,893,7632.5,21131.264,24824,2218,9471,8442.75,1475.669,1017,25.101,16311,101936.816,2439.435,3859.801,6326.44078955545,2653.637,1022.1,2087,1939.8,5956,60,179571,3463.446,1467.759,7014,277.384,33,3495,2607.769,1172,20041.628,1530.047,1204.075,632,3517.21,21121.639,7456,7934.924,5521.758,36774.854,2194.275,152271,6292.797,5009.006,25348.144,4777.089,16298,13595.84,2553,2853.151
1951,8284,4173.095,1254.119,73.298,17517.342,1379.204,8510.6,6935.451,2983.082,2403.682,8678.386,1705.754,4422.822,46149.84,7258.2,117.58,2721,7742.159,2823.667,54995.532,215,436.32,1275,14330.675,4749,6251.933,557480,2918.07,4947.09,13831.813,840.223,11965,151,151,895.336,12532,5892,502,9023.17,68875.884,81,52,4303.62,2419.125,9073.304,3458.093,21704.443,28298.01,1111.966,20943.8602751692,4047.3,42862,418.227,50290,3579.417,5436.555,2624.584,278,576.948,214,7646.402,3066,2043.38166797476,1474.191,3859.83,3146,9423,83772.7235746611,365000,2959.311,16806.708,5299.983,145.604,1489.998,47418,1405.615,584.172,85163.848,6936.06,6289.336,1767.107,4581.15,20876.189,152.197,1921,1401.246,843,989.591,81,7755.062,737,2561.579,297.425,1950.888,9633.621,2422.094,4690.031,29296.235,1255.619,3761.365,312.646,19788.256,405.216,789,6345.838,1014,498.593,2866.038,6581.839,474.595,3324.164,32492.088,1131,10264.311,3295.871,9086,1947.389,498.207,40382.206,916,7826.2,21775.167,25262.265,2235,9167,8490.25,1515.299,1022,27.088,16464,103506.916,2485.919,3931.753,6502.18226247847,2703.457,1068.1,2115,1989.756,6029.178,60,182677,3508.698,1483.131,7070,283.699,33,3576.577,2644.428,1195,20653.334,1584.833,1226.498,648.7,3582.97,21669.334,7771,8124.902,5670.97,37435.785,2223.06,154878,6489.85,5217.02,25793.577,4869.125,16519,13926.314,2611,2950.941
1952,8425,4232.095,1282.697,75.273,17876.956,1416.722,8691.212,6927.772,3090.973,2445.618,8730.405,1740.025,4469.979,46881.899,7274.9,120.447,2791,7698.249,2883.315,56602.56,218,442.308,1292,14785.584,4815,6377.619,568910,2977.019,5009.067,14100.005,854.885,12350.771,154,155,926.317,12683,6008,508,9125.183,69145.952,83,53,4334,2491.346,9279.525,3548.753,22223.309,28549.87,1130.445,21295.2985295682,4090.5,43184,420.702,50430,3628.347,5581.001,2664.249,284,580.653,217,7733.25,3166,2135.09504149975,1517.453,3882.229,3197,9504,84945.6470949604,372000,2952.156,17267.289,5441.766,147.962,1620.914,47666,1426.095,607.914,86459.025,7123.394,6464.046,1786.533,4693.836,20947.571,160,1957,1439.529,863,1019.729,82,7987.879,749,2583.984,299.263,1964.319,9939.217,2466.74,4762.912,30144.317,1271.611,3836.551,316.619,20093.491,413.834,801,6446.316,1023,516.556,2917.802,6748.378,485.831,3379.468,33207.747,1166,10381.988,3327.728,9183,1994.794,507.833,41346.56,940,8025.7,22438.691,25730.551,2227,8875,8526.05,1555.876,1031,29.109,16630,105385.09,2534.927,4005.677,6682.80500643774,2755.589,1127,2143,2042.865,6102.453,60,185856,3558.137,1489.518,7125,290.243,33,3661.549,2682.462,1219,21289.402,1640.949,1252.749,662.85,3647.735,22235.677,8031,8322.925,5824.797,38006.18,2252.965,157553,6681.196,5439.568,26246.839,4963.829,16708,14264.935,2672,3080.907
1953,8573,4293.84,1314.608,77.48,18230.816,1455.777,8857.924,6932.483,3158.974,2488.348,8777.873,1775.516,4517.639,47652.925,7346.1,123.469,2863,7666.821,2944.968,58266.357,221,448.377,1309,15183.375,4878,6492.774,581390,3037.159,5073.595,14373.435,870.325,12749.619,157,160,958.893,12820,6129,515,9220.908,69550.236,86,54,4369.28,2568.919,9531.71,3642.591,22754.58,28804.128,1140.395,21659.9858841143,4139.4,43495,423.276,50593,3687.436,5731.008,2704.514,291,584.381,220,7817.095,3269,2234.99983989544,1562.218,3906.475,3250,9595,86166.5113328822,379000,2947.311,17734.742,5589.018,151.036,1667.098,47957,1446.425,632.897,87655.163,7260.866,6646.268,1817.007,4809.293,21060.464,168.372,1995,1478.915,884,1051.835,83,8229.847,761,2593.918,301.101,1976.212,10205.766,2505.504,4839.248,31031.279,1299.452,3913.24,317.248,20403.435,419.454,814,6552.276,1032,536.057,2971.986,6928.942,497.453,3437.066,33944.6,1202,10493.184,3360.888,9280,2047.391,517.464,42342.412,962,8232.1,23122.432,26221.264,2204,8594,8578.95,1597.419,1040,31.157,16847,107302.806,2586.573,4081.572,6868.44574731224,2810.131,1191.8,2172,2099.13,6175.824,60,188961,3598.761,1497.875,7171,297.025,34,3750.114,2721.913,1244,21964.158,1684.446,1282.64,678.3,3713.496,22830.516,8326,8529.355,5983.396,38541.349,2283.92,160184,6886.387,5674.259,26724.094,5061.153,16937,14623.631,2734,3190.967
1954,8728,4357.527,1352.982,79.947,18580.559,1505.668,9064.017,6940.209,3222.581,2531.886,8819.38,1812.456,4565.808,48592.988,7423.3,126.708,2916,7698.751,3008.635,59989.219,225,454.64,1328,15636.245,4929,6612.138,595310,3098.513,5140.805,14657.484,886.576,13162.003,160,164,993.786,12952,6254,523,9290.617,69868.115,88,55,4406,2651.127,9611.093,3740.256,23298.551,29060.413,1148.378,22038.3998182708,4186.9,43822,425.951,50765,3759.86,5886.798,2745.388,299,588.133,223,7893.412,3376,2342.2390865994,1610.959,3929.591,3306,9706,87441.3431861411,386000,2936.769,18216.059,5742.552,154.563,1711.647,48299,1467.585,659.275,88753.892,7516.649,6836.36,1857.891,4927.59,21258.836,177.181,2035,1519.439,906,1086.038,84,8468.96,773,2597.435,302.939,1990.651,10486.5,2565.909,4919.118,31959.113,1325.223,3991.461,319.787,20722.16,425.065,828,6663.941,1042,553.977,3028.691,7117.564,509.47,3497.045,34933.365,1239,10615.38,3394.246,9379,2092.779,528.286,43372.063,985,8447,23827.009,26715.134,2214,8590,8632.1,1639.946,1049,33.223,17040,109208.917,2640.978,4160.424,7059.2427825428,2867.186,1248.2,2202,2158.554,6244.573,60,192171,3661.437,1509.187,7213,304.057,35,3841.974,2762.828,1271,22684.974,1729.862,1313.402,697.5,3779.257,23463.817,8635,8745.102,6147.541,38993.798,2316.543,163026,7061.494,5918.702,27210.027,5162.494,17151,14991.553,2800,3307.273
1955,8891,4423.223,1392.164,82.715,18927.821,1565.329,9277.087,6946.885,3313.718,2576.249,8868.475,1850.718,4614.49,49588.403,7499.4,130.253,2974,7780.565,3074.311,61773.546,227,461.1,1348,16050.356,4980,6743.269,608655,3164.27,5210.832,14952.568,903.672,13588.405,164,169,1031.782,13093,6381,530,9365.969,70195.612,90,57,4439,2737.257,9841.851,3842.399,23855.527,29318.745,1154.371,22431.0369106795,4234.9,44218,428.772,50946,3827.154,6048.606,2786.879,306,591.909,226,7965.538,3487,2455.39971365298,1662.219,3955.526,3365,9825,88765.9282231846,393000,2916.133,18716.232,5903.253,158.044,1772.032,48633,1488.805,686.955,89815.06,7976.879,7033.999,1901.498,5048.797,21551.834,186.639,2077,1560.985,928,1122.475,86,8693.779,786,2614.336,304.777,2002.111,10781.677,2622.424,5002.657,32929.914,1340.031,4071.246,314.369,21049.927,431.658,844,6781.616,1053,571.669,3088.155,7311.72,521.903,3559.494,35953.308,1277,10750.842,3427.409,9479,2136.168,539.115,44434.445,1011,8671.5,24553.055,27220.668,2250,8863,8692.6,1683.477,1054,35.299,17325,111125.498,2698.272,4243.218,7255.34069581754,2926.863,1305.5,2233,2221.139,6313.411,60,195613,3726.601,1517.499,7262,311.346,36,3938.446,2805.256,1298,23451.316,1780.85,1347.774,720.8,3846.014,24144.571,8992,8970.61,6317.454,39368.099,2353.136,165931,7232.067,6170.497,27738.063,5265.327,17364,15368.551,2869,3409.017
1956,9062,4490.992,1434.476,85.831,19271.511,1617.46,9500.606,6952.359,3416.717,2621.454,8923.845,1890.546,4663.691,50461.719,7575.8,134.207,3025,7856.79,3141.998,63631.992,226,467.765,1370,16445.087,5045,6888.843,621465,3231.423,5283.822,15259.279,921.651,14029.321,167,174,1071.654,13229,6513,536,9442.04,70602.518,93,58,4466.471,2827.784,10057.133,3948.587,24425.817,29579.142,1162.801,22838.42238875,4281.7,44657,431.741,51184,3887.496,6216.679,2830.374,315,596.365,229,8031.013,3602,2572.477805989,1715.023,3973.442,3427,9911,90136.4556815023,401000,2895.253,19233.254,6073.493,161.358,1850.059,48921,1509.975,715.991,90766.211,8413.793,7240.247,1939.419,5183.86,22031.228,196.601,2121,1603.579,952,1160.947,87,8917.01,800,2641.167,306.615,2026.333,11088.51,2682.168,5090.058,33945.886,1339.977,4152.626,314.066,21387.025,437.249,862,6906.364,1065,591.764,3151.911,7519.663,534.767,3624.507,37005.207,1317,10889.351,3459.992,9580,2178.289,549.95,45535.711,1037,8904.9,25301.226,27743.876,2249,9145,8756,1726.702,1061,37.15,17583,112859.299,2758.591,4328.97,7456.88564238643,2989.276,1371.6,2264,2286.889,6382.341,61,199103,3787.111,1524.799,7315,318.904,38,4040.976,2849.247,1327,24244.475,1836.703,1381.525,742.5,3903.067,24877.395,9341,9206.352,6493.361,39940.18,2389.29,168903,7440.744,6431.274,28327.287,5380.106,17508,15755.233,2941,3529.739
1957,9241,4561.361,1476.505,89.353,19610.538,1672.403,9712.569,6965.86,3526.313,2667.518,8989.111,1931.809,4713.416,51346.451,7651.254,138.655,3076,7912.626,3211.738,65551.171,226,474.639,1392,17010.154,5126,7048.426,637408,3300,5359.923,15577.932,940.458,14485.993,171,180,1112.3,13358,6641,546,9513.758,71019.069,96,58,4487.831,2923.186,10270.856,4058.385,25009.741,29841.614,1174.251,23261.1043989061,4324,45152,434.904,51430,3936.823,6391.288,2875.481,323,601.095,233,8096.218,3720,2690.92924546966,1770.39,3991.242,3490,9839,91559.3870917589,409000,2878.22,19773.113,6248.643,165.11,1944.401,49182,1535.09,746.559,91563.009,8709.753,7454.779,1976.436,5322.536,22611.552,212.846,2166,1647.412,976,1201.578,88,9150.728,813,2651.63,308.453,2055.709,11406.35,2758.94,5181.679,35015.548,1344.846,4235.632,318.779,21733.717,442.829,882,7038.035,1077,609.816,3221.238,7739.235,548.08,3692.184,38089.805,1359,11026.383,3491.938,9682,2229.407,561.977,46679.944,1064,9146.1,26072.194,28235.346,2260,9447,8817.65,1770.902,1070,39,17829.327,114554.838,2822.082,4419.65,7664.02927796583,3054.547,1445.929,2296,2355.805,6451.361,61,202604,3844.277,1533.07,7364,326.741,38,4149.908,2894.855,1357,25041.917,1898.639,1425.659,764.9,3950.849,25670.939,9662,9452.826,6675.501,40655.779,2424.959,171984,7694.366,6702.668,28998.543,5498.09,17659,16151.549,3016,3646.34
1958,9429,4635.885,1521.417,93.34,19946.539,1733.125,9915.267,6987.358,3630.59,2714.458,9052.707,1974.566,4763.672,52377.012,7727.553,143.798,3126,7982.625,3283.613,67533.213,228,481.731,1416,17462.004,5199,7219.783,653235,3373.788,5439.35,15909.008,960.128,14958.277,175,185,1154.408,13474,6763,558,9574.65,71488.167,101,59,4515.132,3022.747,10484.925,4172.445,25607.624,30106.188,1185.336,23699.6520966681,4359.8,45654,438.31,51652,3994.787,6572.719,2922.277,332,606.044,237,8173.129,3843,2807.82362904085,1828.733,4004.029,3557,9882,93014.3717702217,418000,2851.522,20339.795,6433.104,168.771,2024.772,49476,1565.755,778.683,92388.772,9062.534,7678.739,2027.026,5464.922,23253.622,234.855,2213,1692.357,1001,1244.627,88,9387.757,828,2672.229,310.291,2072.119,11734.866,2838.489,5277.482,36141.955,1344.772,4320.297,321.94,22090.294,448.399,904,7176.661,1090,627.66,3294.697,7965.93,561.854,3762.63,39207.803,1402,11186.875,3522.993,9789,2281.533,572.826,47868.932,1085,9396.7,26866.654,28692.576,2299,9769,8888.55,1816.096,1078,40.841,18055.948,116259.155,2888.902,4514.271,7876.92718717664,3123.116,1518.8,2328,2427.891,6520.472,62,206201,3899.751,1540.332,7409,334.837,39,4267.748,2942.133,1389,25845.443,1953.527,1478.072,788.6,4007.3,26505.694,10020,9710.558,6864.123,41359.132,2460.411,174882,7951.857,6982.276,29775.192,5619.377,17796,16558.044,3094,3764.157
1959,9625,4714.676,1571.329,97.87,20281.15,1796.363,10131.729,7014.331,3740.596,2763.722,9103.729,2019.076,4814.463,53459.151,7797.777,149.769,3185,8075.29,3357.701,69580.328,231,489.08,1441,17872.034,5259,7399.842,666005,3463.05,5522.218,16253.014,980.7,15446.73,179,191,1200.148,13565,6901,567,9618.554,72013.853,106,59,4546.636,3125.752,10696.396,4291.418,26219.8,30372.877,1197.418,24153.1248474933,4394.7,46129,442.007,51956,4071.078,6761.28,2970.766,342,611.217,240,8258.162,3970,2920.00414500855,1888.715,4020.631,3625,9937,94505.5827357271,426000,2843.041,20932.29,6624.713,172.314,2081.592,49832,1599.115,812.544,93296.566,9499.911,7912.591,2095.631,5611.117,23981.313,262.006,2261,1738.617,1028,1290.121,88,9639.588,843,2717.677,312.129,2088.934,12074.375,2919.316,5377.583,37328.466,1353.539,4406.655,324.842,22458.612,454.949,929,7321.327,1103,645.313,3370.054,8195.711,576.077,3835.954,40359.976,1446,11347.639,3552.851,9906,2331.122,586.055,49104.112,1115,9657.8,27685.324,29152.334,2322,10103,8961.55,1862.301,1101,43.011,18225.83,117956.865,2958.761,4613.822,8095.73888354437,3194.821,1587.2,2362,2503.149,6589.675,63,209928,3946.039,1548.561,7446,343.201,40,4395.082,2991.261,1422,26667.243,2009.483,1530.083,817.05,4074.97,27355.811,10468,9978.909,7059.486,42006.03,2495.022,177830,8223.106,7267.687,30682.902,5743.926,17968,16974.984,3173,3886.947
1960,9829,4797.344,1623.114,103.048,20616.009,1868.852,10361.273,7047.437,3881.546,2815.405,9118.7,2065.211,4865.796,54592.652,7867.374,156.648,3240,8167.918,3434.073,71694.81,232,496.695,1467,18266.765,5362,7585.349,667070,3576.077,5608.76,16610.482,1002.214,15952.727,183,197,1248.022,13654,7027,573,9659.818,72480.869,111,60,4581,3231.488,10909.294,4415.956,26846.61,30641.187,1210.647,24622.0593382984,4429.6,46584,446.003,52372,4146.57,6958.283,3020.947,352,616.682,244,8327.405,4100,3024.7896384266,1951.64,4036.145,3697,9983.512,95960.6889928225,434000,2832,21547.591,6822.03,175.86,2141.495,50197.6,1631.784,848.515,94091.638,9982.014,8156.827,2171.285,5761.223,24784.14,292.229,2309,1786.235,1055,1337.947,88,9913.489,859,2764.864,313.969,2115.183,12423.434,2998.981,5481.721,38578.505,1366.198,4494.738,328.517,22839.044,461.487,955,7472.23,1117,663.229,3450.444,8428.493,590.731,3912.663,41547.479,1493,11486,3581.239,10035,2371.746,599.292,50386.898,1148,9931,28528.939,29589.842,2358,10448,9036.7,1909.538,1113,45.588,18403.414,119631.633,3031.804,4718.301,8320.62859528,3269.808,1646.4,2396,2581.583,6658.968,63,213780,3994.27,1557.756,7480,351.842,42,4532.557,3042.303,1456,27512.75,2080.556,1584.82,841.15,4149.157,28217.122,10861,10259.653,7261.862,42644.035,2530.969,180671,8531.032,7556.483,31656.282,5871.831,18133,17416.653,3254,4010.933
1961,10043,4752.489,1676.635,108.989,20950.583,1943.799,10598.814,7086.299,4033.503,2894.153,9165.8,2113.243,4890.688,55708.888,7943.118,164.334,3299,8262.998,3512.782,73832.902,230,504.585,1495,18634.977,5512,7773.314,660330,3705.211,5699.165,16964.231,1024.609,16476.124,187,203,1296.587,13779,7134,578.7,9587.25,73123.148,117,60,4609.817,3340.557,11121.645,4546.197,27522.861,30903.894,1224.467,25104.9916170491,4461.004,47128,450.485,52807,4211.113,7153.508,3072.827,363,622.07,248,8398.05,4232,3120.63695567043,2018.693,4055.443,3771,10029,97610.346,444000,2818.3,22180.698,7026.278,178.905,2217.05,50523.2,1647.918,886.8,94943.293,10466.809,8411.966,2254.93,5919.487,25613.842,325.342,2359,1835.62,1083,1388.517,89,10190.59,875,2810.271,316.845,2145.744,12736.342,3068.962,5590.111,39836.23,1381.753,4585.151,328.854,23232.014,468.013,982,7627.642,1132,681.284,3532.056,8663.401,605.831,3992.502,42771.546,1541,11638.713,3609.8,10176,2432.45,613.723,51718.581,1181,10217.5,29410.457,29978.949,2403,10714,9031.2,1959.034,1110,49.193,18566.932,121324.346,3045.908,4827.708,8550.91112142672,3348.228,1702.4,2432,2664.838,6728.352,64,217618,4191.642,1571.851,7520,360.775,43,4681.153,3095.331,1491,28376.096,2163.433,1644.416,861.387,4216.031,29029.976,11235,10555.397,7471.533,43195.765,2563.794,183691,8867.714,7847.836,32701.357,5993.828,18318,17869.991,3337,4140.117
1962,10267,4826.015,1728.137,115.827,21283.783,2006.853,10794.968,7129.864,4157.301,2961.915,9218.4,2164.627,4919.632,56803.22,8012.946,171.863,3349,8365.073,3593.918,76039.39,229,512.764,1523,18985.849,5666,7961.258,665770,3842.85,5793.633,17486.434,1047.924,17009.885,192,210,1345.187,13858,7254,576,9620.282,73739.117,123,61,4646.899,3453.434,11000.948,4681.707,28173.309,31158.061,1238.786,25604.3491893365,4491.443,48089,455.661,53292,4278.649,7355.248,3126.146,374,627.82,249,8448.233,4367,3207.75264497294,2090.162,4076.557,3848,10063,99620.4995835217,454000,2830,22836.593,7240.26,182.053,2310.904,50843.2,1665.128,933.559,95831.757,10945.885,8678.557,2332.685,6083.619,26420.307,358.266,2409,1886.848,1113,1441.863,90,10465.387,893,2850.22,320.75,2172.829,13056.604,3136.438,5703.324,41121.485,1401.167,4678.528,329.011,23637.928,474.528,1010,7788.944,1147,701.016,3628.608,8906.385,621.392,4076.008,44033.212,1591,11805.689,3638.919,10332,2488.55,628.164,53100.671,1216,10516.5,30325.264,30329.617,2448,10988,9019.8,2009.813,1133,53.538,18680.721,122877.56,3051.242,4943.029,8787.56633078399,3430.243,1750.2,2468,2747.687,6785.822,65,221227,4237.384,1582.962,7562,370.006,44,4834.621,3150.417,1528,29263.397,2253.472,1704.534,887.498,4286.552,29788.695,11615,10863.958,7688.797,43697.245,2598.466,186538,9209.65,8143.375,33796.14,6120.081,18500,18356.657,3421,4277.736
1963,10501,4919.586,1779.715,123.751,21616.403,2065.618,11001.483,7175.811,4283.47,3008.458,9283.1,2216.898,4952.695,58186.081,8078.145,179.108,3399,8438.881,3677.637,78316.598,231,521.237,1553,19342.841,5789,8147.349,682335,4001.575,5892.378,18027.167,1072.198,17546.017,196,217,1393.441,13948,7415,582.3,9666.468,74340.26,129,62,4683.579,3569.217,11272.878,4822.279,28820.665,31429.834,1254.604,26120.727949531,4523.309,48799,461.357,53625,4344.22,7563.839,3180.665,386,633.939,250,8479.625,4506,3288.34518359347,2165.93,4098.506,3928,10091,101674.26104846,464000,2850,23512.274,7468.223,185.481,2406.662,51198.3,1697.847,974.549,96811.94,11311.646,8957.178,2412.696,6253.99,27211.316,394.128,2460,1940.191,1144,1498.607,91,10735.234,912,2886.18,324.1,2199.396,13385.36,3204.914,5821.158,42434.264,1422.47,4774.976,328.116,24057.245,480.046,1031,7957.01,1162,715.14,3726.394,9148.451,637.428,4162.926,45333.217,1642,11965.966,3666.54,10500,2541.35,644.99,54524.471,1251,10825.8,31273.198,30662.122,2497,11288,9081.6,2061.907,1156,58.825,18813.131,124276.517,3129.004,5065.249,9030.77180983832,3516.025,1795,2505,2836.09,6843.366,66,224585,4281.858,1595.028,7604,379.526,45,4993.12,3207.638,1566,30173.764,2339.558,1765.175,904.38,4374.477,30509.221,11999,11185.238,7913.96,44255.938,2632.111,189242,9546.588,8444.361,34932.464,6248.206,18685,18856.708,3508,4412.423
1964,10744,5026.044,1832.284,132.98,21949.244,2134.94,11218.304,7223.801,4430.183,3088.827,9367,2271.339,4989.961,59358.57,8144.339,185.691,3445,8501.607,3764.067,80666.939,233,529.966,1585,19711.053,5887,8330.423,698355,4171.038,5995.682,18432.651,1097.474,18090,201,224,1440.184,14052,7612,586.5,9726.03,74954.262,135,63,4720.171,3687.001,11612.858,4967.705,29533.07,31740.862,1272.439,26653.6189045246,4548.544,49357,467.592,53991,4406.832,7781.813,3236.427,399,610.284,252,8510.429,4650,3365.90007296203,2246.099,4113.553,4010,10124,103771.569200802,474000,2864,24217.713,7711.071,188.847,2498.199,51600.2,1738.997,1017.18,97826.267,11601.936,9247.518,2494.509,6426.971,27984,433.233,2512,1996.143,1176,1560.361,92,10995.616,932,2922.673,327.75,2227.495,13722.483,3271.001,5943.744,43774.575,1444.676,4874.607,323.591,24490.203,486.538,1061,8127.242,1178,736.182,3816.197,9397.464,653.95,4252.122,46675.411,1695,12127.12,3694.339,10677,2591.95,661.826,55988.385,1288,11143.5,32254.35,30975.52,2552,11615,9122.5,2115.353,1182,64.701,18927.081,125521.51,3183.993,5192.398,9272.73261192526,3636.138,1841.6,2543,2923.87,6900.986,67,227698,4326.174,1606.083,7661,389.347,47,5156.816,3271.357,1606,31106.615,2424.081,1825.383,923.887,4468.393,31227.361,12385,11521.695,8147.346,44785.626,2663.61,191889,9877.755,8752.058,36099.052,6378.206,18852,19370.514,3599,4537.263
1965,10998,5134.818,1883.652,143.798,22283.1,2205.833,11439.384,7270.889,4566.962,3170.653,9448.1,2327.816,5031.519,60284.264,8201.4,191.378,3493,8590.786,3853.315,83092.908,235,538.1,1628,20071.104,5943,8509.95,715185,4356.37,6103.788,18855.509,1123.795,18646.175,206,232,1487.605,14147,7810,590.8,9776.922,75638.851,142,64,4758.1,3805.881,11963.091,5117.779,30265.148,32084.511,1287.808,27203.6370478661,4563.732,49802,474.386,54350,4464.959,8009.602,3293.441,412,603.78,253,8550.333,4746,3443.02001941711,2329.159,4133.313,4094,10152.934,105913.384338115,485000,2876,24948.906,7970.746,192.288,2578.184,51987.1,1777.397,1061.463,98882.534,11902.456,9549.179,2573.131,6602.402,28705,476.123,2565,2057.945,1209,1623.77,94,11260.675,952,2959.173,331.5,2253.604,14066.154,3333.549,6070.004,45142.399,1469.729,4977.536,319.164,24937.268,491.051,1090,8301.446,1195,755.528,3914.095,9647.654,670.981,4343.664,48064.037,1750,12292,3723.153,10862,2640.4,678.672,57494.94,1326,11467.3,33267.569,31262.358,2597,11964,9128.85,2170.183,1211,71.231,19027.367,126541.293,3264.64,5327.432,9496.77918074043,3743.967,1886.9,2582,3017.852,6958.681,69,230513,4369.939,1620.052,7734,399.481,48,5325.878,3344.52,1648,32061.978,2510.619,1882.148,939.255,4565.747,31950.718,12766,11870.412,8389.294,45234.869,2693.133,194303,10205.805,9067.735,37258.369,6510.081,19038,19898.242,3694,4685.272
1966,11262,5201.25,1932.963,156.574,22611.604,2273.695,11655.083,7322.066,4701.73,3253.61,9507.8,2386.65,5077.473,61496.046,8258.057,196.706,3541,8694.009,3945.474,85557.441,236,545.965,1685,20448.496,5996,8685.954,735400,4563.607,6216.951,19343.383,1151.207,19201.732,212,239,1538.442,14224,7985,595,9815.359,76206.173,149,65,4797.5,3926.395,12339.14,5272.639,30986.381,32451.975,1300.177,27771.3429404453,4580.869,50254,481.519,54643,4518.103,8245.481,3351.686,426,598.111,256,8613.651,4843,3521.10617467315,2413.644,4155.83,4179,10184.561,108102.688760905,495000,2884,25707.838,8240.451,195.61,2641.123,52331.6,1820.082,1107.384,99790.308,12179.771,9863.639,2655.353,6780.293,29436,523.259,2619,2121.579,1244,1693.925,96,11533.482,974,2996.683,333.895,2278.721,14414.636,3394.16,6200,46537.832,1489.836,5083.886,317.482,25398.927,496.539,1119,8486.381,1212,774.16,4023,9899.803,688.539,4437.62,49491.141,1807,12454.8,3753.628,11057,2687.55,696.718,59046.203,1365,11796.4,34304.274,31532.016,2627,12337,9108.8,2228.306,1236,78.431,19140.783,127414.772,3358.202,5469.365,9725.38170729354,3856.528,1934.4,2622,3128.206,7016.451,70,233139,4408.988,1632.029,7808,409.941,49,5500.483,3419.366,1691,33035.794,2592.754,1935.923,952.535,4676.017,32677.758,13140,12231.389,8640.153,45673.64,2721.207,196560,10529.599,9387.176,38378.468,6624.755,19221,20440.487,3794,4835.691
1967,11538,5247.469,1984.06,171.745,22934.225,2338.063,11872.264,7376.998,4827.284,3330.989,9556.5,2447.705,5127.935,62765.415,8310.226,202.182,3585,8786.887,4040.665,88049.823,238,553.541,1734,20819.767,6063,8858.908,754550,4790.271,6335.506,19941.073,1179.76,19764.027,217,247,1588.717,14277,8139,599.4,9835.109,76368.453,157,66,4838.8,4049.146,12760.499,5432.424,31681.188,32850.275,1311.56,28343.7691949985,4605.744,50650,489.004,54959,4564.785,8490.213,3411.147,440,601.287,260,8716.441,4942,3599.67890990091,2500.689,4174.366,4267,10223.422,110339.487296592,506000,2900.1,26476.539,8519.282,198.676,2693.585,52667.1,1861.096,1255.058,100825.279,12451.717,10191.512,2736.572,6960.524,30131,575.003,2674,2186.894,1280,1759.224,98,11806.781,996,3033.728,335.012,2301.371,14770.296,3452.263,6334.556,47995.559,1511.816,5193.779,318.573,25875.687,501.035,1150,8680.909,1231,789.309,4151.575,10154.878,706.64,4534.062,50948.612,1865,12596.822,3786.019,11262,2728.15,714.775,60641.899,1405,12132.2,35356.6,31785.378,2649,12732,9103,2287.985,1143,86.47,19284.814,128183.863,3451.079,5618.198,9992.09146504009,3965.841,1977.6,2662,3232.927,7074.296,71,235630,4442.238,1646.912,7868,420.69,50,5680.812,3495.635,1736,34024.249,2672.279,1994.131,960.155,4786.986,33411.317,13460,12607.312,8900.294,46111.262,2748.579,198712,10864.03,9709.552,39463.91,6740.785,19390,20997.321,3900,4995.432
1968,11825,5350.384,2038.698,190.974,23260.514,2402.358,12101.66,7415.403,4945.231,3400.775,9589.8,2511.079,5183.033,64071.965,8369.603,207.811,3627,8864.776,4139.069,90569.084,240,561.941,1763,21143.1,6132,9029.621,774510,5038.277,6459.744,20570.629,1209.505,20321.665,223,254,1638.476,14323,8284,604.3,9851.051,76584.401,164,68,4867.3,4173.328,13146.267,5596.925,32337.877,33239.301,1324.437,28943.2102826252,4626.469,51034,496.853,55214,4606.979,8744.302,3471.858,454,611.16,263,8740.765,5045,3677.32416412136,2591.112,4189.903,4356,10263.542,112622.807836421,518000,2912.5,27254.009,8807.547,201.245,2746.986,52986.6,1893.477,1382.539,101960.672,12691.968,10532.389,2818.308,7143.204,30838,631.802,2730,2253.719,1318,1833.726,99,12085.281,1019,3068.801,335.867,2322.031,15137.266,3505.944,6473.179,49518.803,1532.751,5307.348,319.254,26368.073,505.522,1181,8883.626,1249,804.177,4272.708,10409.339,725.304,4633.063,52445.059,1926,12724.68,3818.983,11473,2759,735.222,62282.496,1447,12476,36424.438,32034.813,2674,13150,9115.05,2349.262,1000,95.446,19720.984,128876.498,3547.932,5774.916,10261.4571622751,4073.826,2012,2704,3347.32,7132.217,72,237983,4471.59,1657.849,7912,431.797,51,5867.053,3572.229,1782,35028.438,2759.277,2054.487,963.086,4894.178,34164.759,13918,12988.137,9170.101,46510.301,2776.607,200706,11232.04,10041.225,40511.528,6859.408,19552,21569.468,4009,5171.817
1969,12123,5471.641,2100.263,217.858,23600.026,2463.153,12379.384,7441.055,5059.334,3460.144,9612.7,2577.121,5242.904,65416.782,8434.172,213.596,3669,8946.091,4240.872,93114.241,239,571.874,1795,21448.073,6212,9199.122,796025,5299.106,6590.041,21178.812,1240.372,20869.14,230,262,1687.1,14284,8421,609.4,9806.577,77143.888,172,69,4890.687,4298.133,13528.304,5765.935,32966.239,33566.084,1342.891,29574.4954306169,4623.785,51470,503.763,55461,4650.335,9009.048,3533.907,469,615.749,267,8772.764,5151,3751.8145926885,2685.322,4200.551,4447,10302.814,114955.701885648,529000,2925.6,28046.226,9105.567,202.92,2817.051,53317,1919.615,1453.541,103171.831,12900.122,10887.934,2895.676,7328.687,31544,690.445,2787,2320.495,1357,1922.974,101,12356.46,1043,3101.819,337.5,2341.871,15517.155,3549.42,6615.873,51110.928,1553.615,5424.728,322.749,26873.709,510.001,1214,9092.797,1269,816.027,4392.979,10662.303,744.618,4735.173,53990.042,1988,12873,3850.977,11692,2788.5,755.682,63969.987,1489,12829.1,37506.719,32280.848,2722,13592,9097.2,2412.181,1006,105.05,20010.178,129572.617,3656.796,5938.534,10531.7964420623,4192.724,2042.5,2746,3469.177,7190.213,73,240253,4477.625,1666.805,7968,443.277,53,6059.4,3649.335,1830,36049.959,2850.066,2116.408,962.927,4996.3,34952.315,14200,13389.543,9449.977,46871.405,2801.859,202677,11591.49,10388.58,41542.068,6978.155,19705,22157.355,4123,5352.802
1970,12431,5605.626,2156.612,249.369,23962.313,2519.745,12660.16,7467.086,5168.973,3521.913,9637.8,2645.694,5303.777,67331.349,8489.574,219.543,3703,9027.198,4346.218,95684.297,239,583.999,1839,21749.986,6267,9368.558,818315,5579.014,6726.733,21780.955,1272.408,21429.658,237,269,1735.523,14319,8543,614.6,9795.226,77783.164,180,70,4928.757,4422.755,13931.846,5939.246,33574.026,33876.479,1363.183,30204.3615096438,4606.307,51918,514.579,55632,4694.491,8788.945,3597.353,485,620.02,270,8792.806,5264,3822.05985925756,2760.666,4205.389,4541,10337.004,117338.245127315,541000,2950.1,28854.184,9413.671,204.104,2903.434,53661.1,1943.787,1502.959,104344.973,13106.377,11247.182,2963.792,7395.691,32241,747.502,2845,2383.029,1397,1999.162,103,12618.72,1067,3137.562,339.174,2361.159,15909.275,3594.517,6765.644,52775.158,1574.407,5546.065,325.569,27392.973,514.472,1248,9304.375,1289,829.511,4508.062,10910.216,764.683,4840.501,55585.637,2053,13032.335,3877.386,11919,2828.05,778.536,65705.964,1531,13192.8,38603.696,32526,2722,14062,9044.2,2476.785,1032,115.302,20252.541,130245.476,3769.171,6109.051,10834.0321407006,4317.891,2074.507,2789,3603.907,7248.285,74,242478,4523.873,1675.739,8043,455.145,54,6258.053,3727.238,1964,37090.871,2938.516,2181.272,955,5098.627,35758.382,14532,13806.869,9742.933,47235.697,2823.659,205052,11940.155,10758.017,42576.676,7098.239,19840,22739.921,4251.612,5514.536
1971,12749,5752.957,2208.719,288.136,24363.816,2581.671,12937.2,7500.482,5283.659,3596.811,9672.5,2717.178,5366.018,69149.652,8536.395,225.375,3761,9101.396,4454.684,98265,241,599.647,1884,22026.4,6343.293,9540.298,841105,5873.709,6870.244,22385.56,1305.794,21992.579,244,273,1785.636,14381,8669,619.8,9824.749,78354.709,188,71,4963.126,4546.974,14335.388,6116.773,34183.988,34195.056,1381.459,30852.8110893815,4612.124,52432,525.93,55907,4741.628,9065.186,3662.129,501,623.282,274,8831.036,5385,3886.2834504216,2855.882,4215.869,4585,10364.869,119766.538,554000,2978.3,29677.875,9732.199,206.092,2996.919,54005.5,1967.012,1556.226,105696.786,13324.719,11633.03,3029.219,7388.311,32883,793.314,2904,2529.477,1440,2077.381,105,12869.417,1092,3177.533,342.4,2381.641,16313.391,3648.754,6920.494,54406.901,1596.091,5671.505,325.468,27926.302,519.914,1283,9539.059,1311,841.079,4630.328,11171.333,792.629,4948.667,57234.219,2120,13193.776,3903.039,12155,2875.3,802.594,67491.369,1574,13568.3,39718.094,32777.81,2766,14527,8990.45,2544.518,1060,124.489,20469.658,130977.408,3880.225,6287.454,11144.2560881082,4450.142,2112.9,2834,3710.335,7306.432,75,244887,4556.627,1685.624,8098,467.416,56,6478.681,3806.002,2021,38201.901,3039.443,2246.71,961.605,5197.559,36579.964,14862,14236.867,10008.815,47637.239,2826.042,207661,12334.057,11151.693,43614.366,7251.383,20015,23338.08,4376.371,5684.187
1972,13079,5895.212,2263.554,336.325,24779.799,2647.035,13177,7544.201,5393.681,3529.983,9709.1,2791.434,5433.886,70676.996,8576.2,230.8,3819,9169.156,4565.872,100874,242,619.351,1927,22284.5,6401.4,9717.524,862030,6171.63,7021.028,23007.669,1340.458,22542.89,252,275,1834.796,14456,8830,626.3,9862.158,78717.088,197,72,4991.596,4671.329,14760.787,6298.651,34807.417,34513.161,1397.391,31542.8271663156,4639.657,52894,538.009,56079,4786.475,9353.659,3728.194,517,625.361,278,8888.628,5510,3946.45849761694,2965.146,4225.31,4677,10394.091,122564.573715357,567000,3024.4,30522.278,10061.506,209.275,3095.893,54365.564,1997.616,1613.551,107188.273,13541.694,12044.785,3094.945,7452.24,33505,841.934,2964,2680.396,1484,2183.877,107,13116.399,1117,3213.271,346.6,2401.244,16660.67,3703.001,7082.43,55984.294,1617.701,5801.204,319.43,28474.102,527.678,1321,9809.596,1333,851.334,4760.666,11441.462,821.782,5060.262,58941.176,2183,13329.874,3933.004,12389,2929.1,829.05,69325.921,1617,13954.7,40850.141,33039.545,2847,14956,8970.45,2614.104,1089,134.408,20662.648,131768.681,3992.121,6472.756,11470.0589279118,4588.696,2152.4,2879,3791.291,7337.52,77,247343,4593.433,1694.51,8122,480.105,57,6701.172,3886.643,2080,39276.153,3145.141,2313.102,975.199,5303.507,37492.953,15168,14706.593,10224.459,48026.627,2829.526,209896,12741.848,11515.649,44655.014,7407.075,20197,23935.81,4506.497,5861.135
1973,13421,6026.363,2295.691,391.337,25209.829,2712.997,13380.4,7586.115,5497.774,3540.066,9738.4,2868.577,5507.594,72382.694,8620.997,238.977,3872,9236.465,4679.923,103513,244,643.076,1965,22559.5,6441.1,9896.635,881940,6465.22,7179.499,23668.471,1376.455,23069.231,259,277,1886.035,14549,9000,633.9,9912.08,78950.22,206,73,5021.861,4796.148,15197.724,6485.013,35480.414,34836.716,1410.836,32264.25566218,4666.081,53333,560.658,56210,4825.85,9649.467,3795.61,534,633.266,271,8929.086,5639,4009.61161284323,3077.805,4234.664,4771,10425.984,125431.887373623,580000,3073.2,31392.368,10401.956,212.364,3197.411,54796.843,2036.377,1674.258,108706.797,13754.298,12482.054,3161.16,7535.673,34073,893.534,3027,2825.848,1529,2312.369,109,13351.662,1142,3245.551,350.45,2421.355,16998.378,3752.827,7250.455,57557.303,1639.236,5935.323,321.838,29234.935,534.461,1360,10087.915,1356,861.239,4900.549,11711.866,851.258,5175.408,60702.378,2248,13438.404,3960.613,12631,2992.3,856.714,71121.085,1660,14350.3,41998.117,33331.131,2863,15349,8975.95,2693,1124,145.116,20827.525,132556.176,4109.838,6666.928,11875.8071178808,4727.163,2193,2925,3878.991,7368.646,78,249712,4637.193,1703.373,8137,493.232,58,6931.304,3969.803,2140,40302.225,3242.778,2379.578,984.786,5426.213,38503.442,15454,15201.384,10428.151,48367.002,2834.115,211909,13147.733,11893.035,45736.496,7579.501,20367,24549.294,4642.941,6001.949
1974,13772,5987.492,2347.924,453.222,25646.371,2776.539,13599.1,7599.038,5599.407,3594.958,9767.8,2949.028,5587.373,74584.661,8678.745,248.343,3925,9304.311,4796.24,106182,246,671.769,2006,22874.7,6460,10076.544,900350,6749.048,7346.174,24333.992,1414.408,23598,267,279,1937.413,14658,9151,640.7,9975.77,78966.137,216,73,5045.297,4921.761,15653.2,6675.986,36216.313,35184.287,1422.291,33022.3612655367,4690.574,53690,597.135,56224,4865.233,9904.862,3864.444,550,640.043,250,8962.023,5773,4085.27579146457,2765.159,4245.822,4866,10471.272,128369.315801378,593000,3124.2,32306.077,10753.925,215.324,3285.761,55226.259,2071.146,1737.593,110162.302,13971.543,12944.287,3231.885,7610.236,34692,948.296,3092,2988.248,1577,2451.375,111,13562.004,1169,3276.362,355.05,2442.473,17335.236,3800.643,7423.573,59122.839,1661.657,6074.032,323.524,29798.623,542.221,1403,10370.281,1380,873.292,5072.873,11986.26,882.005,5294.763,62523.705,2320,13540.584,3985.258,12884,3058.4,884.395,72911.78,1707,14753.1,43162.098,33642.89,2887,15702,9098.3,2774,1166,156.679,21028.841,133378.674,4226.38,6868.001,12235.579266586,4872.244,2229.8,2974,3973.004,7399.811,80,252111,4682.1,1713.184,8161,506.812,58,7169.339,4055.702,2202,41305.651,3344.985,2450.654,995.364,5556.437,39512.945,15752,15681.232,10672.198,48676.939,2838.213,213854,13568.7,12280.562,46902.295,7755.019,20550,25178.954,4784.668,6172.535
1975,14132,5885.455,2401.108,522.571,26081.88,2834.136,13771.4,7578.903,5696.117,3676.308,9794.8,3032.648,5673.472,76152.535,8720.742,258.789,3980,9360.184,4914.316,108879,247,704.591,2058,23209.2,6403.5,10251.542,916395,7030.905,7521.53,25032.766,1453.65,24125,276,280,1991.58,14772,9287,610.5,10042.019,78682.325,227,74,5059.861,5048.499,16140.252,6871.698,36952.499,35563.535,1432.246,33802.5904023451,4711.439,53955,647.436,56215,4897.656,10117.862,3934.764,566,680.919,213,9046.542,5910,4179.57796904314,2857.841,4255,4963,10531.82,131218.748080617,607000,3177.3,33265.38,11117.804,218.031,3354.242,55571.894,2104.879,1802.96,111573.116,14157.075,13433.414,3300.684,7491.268,35281,1006.892,3161,3098.996,1618,2569.606,112,13779.193,1195,3305.195,358.95,2461.606,17687.376,3846.519,7603.79,60678.045,1684,6217.503,327.842,30335.029,549,1446,10432.604,1404,885.461,5317.309,12267.303,915.325,5419.038,64421.5,2395,13653.438,4007.313,13146,3117.8,913.285,74711.541,1749,15161.199,44336.842,33969.24,2935,16014,9411.09,2852,1201,169.163,21245.103,134293.372,4356.863,7204.82,12616.5517843444,4989.168,2262.6,3030,4072.847,7431.015,82,254519,4729.718,1722,8193,520.864,60,7415.548,4144.061,2267,42272,3448.869,2523.906,1006.931,5703.966,40529.798,16061,16147.863,10952.422,48973.428,2844,215973,13987.696,12674.987,48075.207,7934.497,20732,25815.144,4923.73,6341.797
1976,14501,5943.466,2454.824,598.023,26531.28,2892.704,13915.5,7565.525,5789.818,3749.077,9811,3119.892,5764.606,77821.374,8755.037,273.661,4033,9405.544,4955.744,111603,248,741.273,2112,23517.5,6333.313,10432.214,930685,7334.543,7721.125,25741.477,1494.47,24638,284,283,2048.557,14884,9418,598.6,10105.143,78298.957,237,74,5072.596,5175.585,16634.618,7072.687,37736.99,35996.78,1442.204,34659.3117491709,4725.664,54159,687.762,56206,4930.036,10332.93,4006.591,582,732.707,191,9167.19,6051,4296.13969079693,2954.846,4286.311,5064,10588.729,134314.127140829,620000,3227.8,34259.296,11493.995,220.133,3423.635,55838.536,2133.388,1869.657,112774.841,14304.436,13951.436,3366.925,7227.154,35860,1071.549,3176,3119.581,1661,2666.16,115,14013.106,1223,3333.542,360.75,2476.76,18042.963,3885.894,7807.4,62219.964,1706.445,6365.926,329.354,30871.589,554.552,1487,10769.649,1430,897.811,5530.771,12553.963,950.488,5547.894,66392.898,2473,13769.913,4026.152,13418,3153.55,956.453,76456.121,1792,15573.199,45574.35,34299.428,3026,16294,9621.97,2922,1228,180.95,21445.698,135269.263,4502.352,7620.435,13020.4478886997,5100.499,2293.3,3088,4176.875,7462.259,84,256883,4778.54,1734.454,8222,535.618,61,7670.214,4234.743,2333,43221.022,3553.782,2594.288,1021.48,5859.294,41471.745,16435,16625.711,11242.107,49233.524,2861,218035,14404.009,13082.017,49273.016,8170.521,20930,26467.896,5067.045,6496.418
1977,14880,6163.714,2509.048,683.672,26983.828,2954.907,14074.1,7568.43,5886.578,3834.415,9821.8,3210.6,5891.063,80313.516,8797.022,297.41,4086,9457.385,5079.716,114373,249,781.472,2168,23796.4,6316.424,10599.793,943455,7642.397,7962.216,26483.952,1536.889,25119,309,286,2108.457,14990,9534,598.4,10161.915,78160.773,252,74,5088.419,5302.8,17152.804,7278.866,38783.863,36439,1453.168,35458.0460800581,4738.902,54378,706.489,56179,4963.464,10538.035,4079.95,599,745.228,193,9308.479,6197,4431.25599779851,3056.115,4318.673,5167,10637.171,137487.451402698,634000,3271.9,35350.26,11882.916,221.823,3495.918,56059.245,2156.814,1937.652,113872.473,14454.828,14500.404,3432.218,6991.474,36436,1140.357,3208,3116.929,1706,2721.783,117,14249.606,1255,3361.419,361.45,2491.407,18396.941,3920.281,8011.695,63759.976,1727.797,6454.823,332.066,31407.912,560.073,1528,11127.868,1456,913.025,5702.228,12845.381,977.026,5682.086,68421.168,2554,13852.989,4043.205,13700,3164.9,1004.533,78152.686,1842,15990.099,46850.962,34621.254,3081,16563,9662.6,2987,1261,193.557,21658.597,136263.686,4657.072,8128.505,13440.7715288379,5262.5,2325.3,3148,4285.219,7493.541,87,259225,4827.803,1746.919,8252,551.42,62,7932.503,4327.777,2402,44148.285,3659.375,2663.744,1039.009,6005.061,42376.642,16753,17129.565,11541.051,49453.675,2879,220239,14808.95,13503.563,50533.506,8403.99,21126,27129.932,5216.55,6642.107
1978,15269,6287.18,2563.376,778.736,27440.272,3014.042,14248.6,7562.305,5986.427,3929.974,9829.7,3304.94,6025.544,82812.761,8803.281,322.535,4135,9520.28,5204.622,117207,250,822.247,2225,24036.3,6332.568,10759.823,956165,7954.372,8212.692,27316.663,1580.962,25575,319,289,2192.367,15089,9630,601,10212.894,78066.074,275,74,5104.247,5431.308,17685.768,7489.432,40020.461,36861.034,1463.533,36053.8010262283,4752.528,54602,726.421,56167,4991.045,10720.781,4154.89,616,758.113,195,9429.959,6346,4574.87355202012,3168.948,4349.242,5270,10673.3,140738.776475177,648000,3314,36510.133,12317.137,223.587,3569.78,56240.143,2179.441,2006.908,114912.911,14623.619,15079.69,3496.165,6767.162,37019,1213.584,3248,3110.678,1754,2796.747,119,14511.088,1289,3386.988,362.1,2504.508,18758.283,3947.422,8224.285,65295.99,1747.113,6550.2,339.786,31863.413,565.561,1572,11466.483,1484,929.367,5880.328,13138.53,997.913,5815.607,70483.446,2608,13936.754,4058.671,13994,3165.8,1058.744,80051.3,1875,16414.399,48171.78,34929.072,3118,16830,9698.78,3054,1296,207.043,21831.875,137245.87,4818.993,8708.801,13918.1216472301,5430.859,2353.6,3208,4399.428,7524.862,89,261525,4876.017,1759.395,8276,568.347,62,8203.499,4424.045,2472,45056.957,3760.973,2733.933,1055.527,6136.282,43274.733,17090,17647.395,11850.352,49642.987,2897,222585,15207.113,13930.824,51662.728,8641.036,21309,27809.087,5371.218,6767.223
1979,15556,6452.546,2617.679,884.04,27901.971,3066.726,14421.9,7549.425,6082.087,4119.789,9837.2,3402.968,6168.269,85361.165,8811.589,336.07,4181,9581.518,5326.981,120101,251,862.602,2285,24276.9,6350.84,10922.822,969005,8270.975,8461.756,28203.768,1626.73,26072,329,293,2259.714,15182,9705,605.1,10259.67,78081.292,299,74,5116.8,5562.27,18229.932,7703.577,41257.718,37200.014,1472.244,36499.5548440501,4764.69,54836,722.911,56228,5018.606,10878.796,4231.47,634,771.376,221,9548.258,6496,4712.75442767729,3280.016,4379.909,5375,10698.234,144073.216907783,664000,3368.2,37838.548,12768.376,225.749,3653.48,56367.71,2207.245,2077.386,115890.431,14803.694,15690.251,3559.457,6733.638,37534,1291.514,3268,3100.87,1804,2928.575,120,14796.646,1323,3410.869,363,2514.167,19125.959,3969.989,8453.131,66825.878,1768.203,6651.246,346.876,32405.341,571.018,1617,11828.029,1514,946.64,6065.654,13443.844,1027.78,5952.447,72588.342,2687,14030.002,4072.517,14298,3164.55,1115.515,82374.302,1918,16848.699,49537.371,35256.645,3168,17104,9724.56,3122,1329,221.469,22001.388,138163.68,4975.585,9346.019,14447.7851299554,5605.756,2383.5,3271,4511.75,7556.223,92,263751,4922.558,1772.854,8294,588.291,63,8483.754,4524.409,2547,46003.776,3862.932,2804.142,1073.027,6280.477,44165.463,17448,18144.828,12138.465,49835.012,2914,225055,15605.49,14355.117,52668.447,8883.381,21490,28505.816,5531.99,6887.132
1980,15044,6743.08,2671.412,1000.285,28369.799,3115.289,14615.9,7549.433,6173.361,4287.693,9846.8,3510.052,6318.189,87937.333,8843.528,347.568,4092,9643.706,5441.298,123020,252,900.476,2349,24593.3,6385.229,11093.718,981235,8593.262,8762.486,29012.545,1674.288,26631,340,296,2299.124,15255,9648,611,10288.726,78297.904,327,74,5123.027,5696.855,18806.061,7920.499,42634.215,37488.36,1482.196,36866.3784417149,4779.535,55110,713.827,56314,5045.697,11016.641,4309.756,652,788.956,256,9642.505,6650,4834.75988699214,3403.436,4383,5483,10711.122,147489.948,679000,3401,39421.764,13232.839,228.161,3737.473,56451.247,2228.803,2162.807,116807.309,14966.718,16330.543,3622.728,6888.021,38124,1369.769,3293,3087.467,1858,3065.365,122,15055.97,1359,3435.289,364.4,2524.543,19487.272,3996.278,8691.245,68347.479,1792,6758.153,364.001,33061.428,560,1655,12102.619,1545,963.701,6258.512,13764.352,1058.021,6093.469,74821.273,2803,14143.901,4085.62,14613,3170.15,1174.857,85219.117,1960,17295.298,50940.182,35578.016,3210,17390,9777.8,3196,1360,236.9,22130.036,139038.849,5138.478,9999.161,14980.1210535685,5787.32,2413.9,3335,4570.41,7587.622,94,265926,4965.958,1833,8310,611.456,64,8773.582,4522.391,2626,47025.764,3966,2875.133,1090.513,6443.183,45047.973,17788,18665.062,12414.719,50046.649,2930,227726.463,15994,14767.89,53715.202,9132.545,21615,29251.588,5699.777,7169.968
1981,13676,6879.574,2724.272,1069.722,28848,3166.098,14923.26,7564.629,6270.531,4454.149,9852.4,3621.538,6474.37,90517.443,8869.441,363.427,4135.743,9712.761,5545.224,125992,252,934.438,2413,24900,6425.45,11282.304,993861,8922.474,9047.915,29808.023,1723.743,27215,348,300,2357.285,15312,9706,617.9,10297.904,78401.83,345,74,5121.572,5831.508,19407.036,8141.078,44196.104,37750.8,1493.318,38541.5396968776,4799.964,55399,730.836,56382.597,5073.148,11177.979,4389.818,671,807.179,272,9729.35,6829,4936.98636696714,3544.237,4390.829,5595,10711.848,150656.80688593,692000,3443.4,41141.318,13703.103,230.803,3801.338,56502.489,2258.368,2253.579,117648.092,15136.447,16987.225,3690.194,7080.11,38723,1432.188,3337,3083.231,1913,3204.071,124,15315.491,1395,3462.341,365.4,2536.976,19846.221,4026.204,8938.764,69969.263,1808.103,6871.186,363.652,33669.419,560.09,1694,12363.234,1578,979.05,6459.263,14096.09,1074.493,6238.998,77149.584,2899,14246.049,4099.702,14946,3185.45,1237.945,88417.079,1999,17754.798,52227.598,35901.961,3239,17675,9850.079,3279,1389,249.278,22256.551,139899.972,5306.749,10627.409,15481.1443935493,5975.667,2535.368,3402,4519.721,7619.061,96,268123,5013.692,1839.256,8320,631.276,65,9073.312,4514.94,2720,47936.504,4073,2946.676,1107,6605.707,46253.234,18097,19212.004,12725.252,50235.677,2848,229966.237,16400,15166.255,54902.677,9390.138,21707,30168.679,5885.614,7429.223
1982,12583,7018.526,2780.097,1137.549,29330,3218.691,15162,7574.613,6369.133,4550.618,9856.303,3736.658,6637.227,92626.498,8892.098,377.967,4172.693,9778.781,5642.224,129028,253,970.651,2478,25201.9,6468.126,11487.112,1000281,9259.826,9282.553,30648.843,1775.157,27826,356,304,2424.367,15352,9792,624.3,10303.704,78335.266,356,74,5117.81,5969,20033.753,8365.85,45681.811,37983.31,1504.043,40289.7027871811,4826.933,55697,754.241,56339.704,5101.213,11402.289,4471.714,691,825.975,285,9786.48,6983,5022.7366532878,3671.436,4413.368,5709,10705.535,153895.174181614,708000,3480,42885.17,14173.318,233.997,3858.421,56535.636,2298.309,2347.031,118454.974,15303.467,17659.971,3762.646,7293.842,39326,1497.494,3411,3088.741,1972,3344.074,126,15575.466,1433,3491.974,365.718,2552.229,20198.73,4055.086,9195.873,71640.904,1823.791,6988.555,360.222,34306.454,562.548,1734,12587.333,1612,992.04,6668.216,14441.17,1099.174,6389.183,79510.977,2976,14310.401,4114.787,15298,3217,1301.048,91465.209,2040,18173,53557.177,36227.381,3279,17952,9859.65,3370,1425,259.611,22356.726,140821.82,5480.042,11254.672,16004.0415168263,6169.733,2651.869,3472,4479.917,7645.035,98,270390,5048.043,1861.252,8325,649.864,65,9410.494,4732.876,2817,48827.16,4185,3018.436,1127,6734.098,47464.184,18399,19776.786,13078.93,50397.455,2968,232187.835,16830,15620.766,56142.181,9657.618,21885,31140.029,6102.344,7636.524
1983,12439,7240.535,2837.315,1209.1,29784,3270.153,15348,7552.896,6470.276,4658.6,9855.52,3855.535,6807.281,94788.1,8910.284,393.022,4207.275,9845.174,5737.434,131960,255,1007.017,2543,25456.3,6501.073,11686.845,1023288,9606.456,9562.721,31446.874,1828.563,28455,365,308,2494.353,15388,9887,631.8,10306.888,78121.655,370,74,5114.297,6106,20680.982,8593.494,47093.025,38184.166,1514.671,41502.4184974445,4855.787,55929,779.018,56382.623,5130.925,12152.304,4555.484,711,845.311,300,9840.526,7189,5097.87751018447,3797.761,4430.941,5827,10689.463,157207.77621267,723000,3504,44631.806,14652.218,237.041,3926.893,56630.129,2306.556,2439.504,119269.949,15466.787,18347.988,3841.789,7520.615,39910,1565.822,3495,3091.782,2033,3484.531,127,15784.464,1471,3523.38,365.885,2569.826,20750.247,4082.711,9463.017,73362.881,1831.444,7108.978,355.773,34980.263,565.705,1774,12772.841,1648,1002.175,6883.756,14792.539,1134.308,6544.13,81163.741,3044,14362.381,4128.432,15664,3258,1363.189,94154.723,2081,18591,54885.412,36571.418,3316,18237,9872.243,3467,1474,292.415,22407.281,141861.725,5658.948,11912.032,17091.3752856051,6368.519,2689.263,3546,4526.713,7670.692,100,272717,5081.376,1878.555,8329,672.532,66,9757.388,4971.162,2918,49694.245,4304,3091.431,1148,6859.89,48660.621,18657,20368.423,13470.393,50573.066,2989,234307.207,17171,16084.417,57436.347,9936.258,22018,32143.96,6340.246,7928.344
1984,12769,7442.448,2895.998,1284.385,30231,3322.394,15510,7554.132,6578.901,4757.485,9855.3,3978.703,6985.039,96954.796,8928.271,408.282,4241.401,9914.262,5834.293,134699,256,1043.396,2629,25701.8,6529.684,11879.139,1036825,9963.431,9867.132,32340.981,1883.981,29096,374,312,2567.516,15423,9983,639.9,10309.224,77855.422,375,74,5111.619,6242,21340.546,8825.829,48550.155,38362.861,1526.128,42507.4134519205,4881.788,56246,805.26,56462.228,5161.724,12832.613,4760.634,741,865.184,315,9887.169,7380,5171.49010876183,3934.859,4441.854,5950,10668.095,160595.383509886,739000,3529,46409.02,15160.546,239.498,3997.337,56696.963,2313.362,2532.511,120034.697,15630.279,19050.214,3923.781,7676.468,40406,1637.314,3577,3092.361,2096,3624.92,129,15976.917,1511,3555.054,366.272,2587.996,21315.514,4113.243,9740.535,75080.138,1837.295,7233.025,351.379,35670.645,558.389,1816,12922.824,1685,1012.042,7104.46,15157.163,1169.498,6704.046,82724.29,3114,14420.022,4140.095,16044,3298,1423.521,96501.806,2123,19011,56257.879,36904.134,3350,18530,9885.387,3568,1524,324.468,22453.788,142922.263,5828.738,12606.94,17657.1642600594,6573.248,2743.297,3623,4593.745,7695.799,102,275330,5114.08,1896.413,8337,696.517,66,10114.082,5025.174,3022,50533.778,4431,3164.611,1169,7184.53,49839.742,18918,20984.094,13919.514,50769.375,3008,236348.292,17729,16544.524,58762.04,10229.272,22087,33181.594,6567.207,8241.214
1985,13120,7584.709,2956.697,1363.482,30672,3373.532,15695,7559.776,6681.687,4848.532,9858.2,4107.519,7170.932,99154.171,8943.573,423.95,4275.355,9981.744,5934.935,137382,257,1079.692,2714,25941.6,6563.77,12068,1051040,10331.684,10191.372,33344.216,1941.765,29748,383,317,2643.808,15455,10084,647.3,10310.162,77684.907,382,73,5113.691,6379,22008.45,9061.664,50052.381,38534.853,1538.224,43134.1740045182,4901.783,56490,833.036,56620.24,5192.957,13228.425,5015.682,773,885.606,325,9923.253,7581,5250.12043916991,4079.44,4457.874,6076,10648.713,164060.812,755000,3540,48209.267,15693.62,241.403,4068.47,56731.215,2318.652,2627.75,120754.335,15789.549,19761.488,4005.552,7822.12,40806,1732.824,3657,3090.44,2163,3675.422,131,16188.11,1552,3587.032,367.169,2606.405,21885.901,4148.172,10028.632,76767.225,1844.74,7361.326,347.039,36345.622,560.562,1859,13062.6,1723,1020.544,7330.508,15545.309,1204.172,6869.209,84889.378,3180,14491.38,4152.419,16439,3324,1481.587,99076.266,2168,19432,57705.685,37225.792,3382,18831,9897.192,3673,1576,356.031,22521.195,143937.997,5981.814,13330.067,18255.8428804398,6785.11,2749.897,3703,4671.054,7719.7,104,277812,5144.632,1914.22,8350,721.809,67,10480.643,5066.042,3129,51341.809,4569,3240.472,1189,7363.698,50997.013,19148,21618.434,14391.743,50944.248,3012,238466.283,18215,16997.509,60093.068,10539.928,22216,34254.092,6784.665,8560.488
1986,13126,7748.632,3015.438,1446.574,31145,3421.978,15900,7568.242,6776.473,4930.967,9861.8,4240.544,7371.099,101438.048,8958.77,439.556,4307.685,10044.184,6041.35,140196,258,1115.756,2775,26203.8,6603.192,12261,1066790,10712.062,10530.147,34376.231,2002.137,30400,392,321,2723.111,15481,10183,650,10308.836,77713.485,397,72,5120.534,6517,22642.538,9301.083,51593.433,38707.556,1550.072,43916.8583407268,4917.386,56725,859.448,56796.26,5218.973,13781.213,5164.494,805,906.596,334,9951.37,7820,5335.9422229558,4229.325,4471.752,6205,10630.563,166997.314047971,771000,3540.5,50027.034,16247.34,242.999,4139.683,56733.833,2323.182,2724.221,121491.913,15946.119,20477.115,4089.478,8079.132,41214,1811.489,3762,3089.133,2233,3699.538,133,16423.789,1587,3619.593,369.019,2626.695,22457.811,4183.283,10327.391,78442.43,1850.679,7494.408,346.625,36997.574,564.558,1903,13143.017,1764,1028.233,7608.484,15941.987,1240.345,7039.813,87092.237,3248,14571.875,4166.596,16848,3341,1537.697,102065.71,2212,19855,59185.949,37504.275,3413,19137,9907.411,3781,1630,387.261,22599.678,144966.55,6156.947,13998.295,18772.789284857,7004.26,2750.069,3787,4758.322,7739.838,106,280296,5172.084,1932.129,8370,749.671,68,10856.962,5214.2,3241,52129.476,4716,3323.673,1208,7547.08,52127.339,19332,22284.172,14910.724,51095.072,3031,240650.755,18718,17450.161,61439.826,10869.58,22339,35101.383,7029.393,8876.783
1987,13056,7878.396,3075.321,1530.444,31625,3468.857,16137,7578.903,6873.978,5040.126,9870.2,4376.709,7591.809,103815.665,8971.958,454.612,4338.977,10097.446,6156.369,143027,259,1152.012,2841,26549.7,6649.942,12465,1084035,11105.274,10867.102,35482.158,2064.973,31042,401,326,2799.811,15511,10279,659.4,10311.597,77718.298,409,72,5127.024,6657,23254.956,9545.158,52793.544,38880.702,1562.224,45099.1041765205,4931.729,56989,880.916,56981.62,5239.97,14174.699,5279.172,839,928.188,342,9974.49,8160,5426.56327409532,4375.959,4484.31,6335,10612.74,169990.207989715,788000,3539.9,51607.119,16543.189,244.676,4210.377,56729.703,2326.606,2820.042,122091.325,16109.358,21195.78,4175.598,8380.011,41622,1891.487,3869,3091.699,2306,3799.845,134,16663.116,1616,3653.339,371.66,2648.965,23029.46,4216.682,10636.882,80122.492,1856.378,7632.679,349.047,37625.379,569.473,1947,12894.849,1805,1036.272,8049.175,16333.264,1278.282,7215.959,89405.017,3322,14665.278,4186.147,17273,3352,1593.882,105208.431,2257,20280,60648.112,37740.71,3444,19449,9915.289,3893,1691,396.947,22686.371,145958.907,6366.208,14619.745,19174.1787480974,7230.787,2794.552,3876,4850.135,7755.9,109,282718,5199.318,1945.87,8398,777.809,68,11242.847,5391.517,3356,52910.342,4865,3410.704,1225,7728.019,53242.665,19536,23016.721,15520.093,51218.101,3049,242803.533,19219,17910.182,62826.491,11219.34,22435,35947.696,7282.298,9216.479
1988,13169,8023.39,3136.843,1622.747,32099,3515.614,16400,7599.791,6975.798,5156.273,9884,4517.238,7833.491,106283.666,8982.025,469.484,4369.894,10149.612,6283.164,145873,260,1188.941,2917,26894.8,6704.112,12679,1101630,11511.744,11200.976,36628.158,2130.061,31673,411,331,2875.267,15537,10382,664.217,10313.782,78030.572,417,71,5129.516,6799,23880.766,9794.122,54015.071,39053.881,1569.187,46482.3745961086,4946.633,57255,899.743,57159.603,5320.248,14576.594,5397.044,875,950.432,352,9982.723,8496,5518.60235829525,4517.983,4493.676,6459,10442.5,173040.696400679,805000,3529.6,52997.297,17038.084,249.885,4282.043,56734.027,2330.226,2916.505,122613,16206.749,21915.872,4243.665,8691.85,42031,1973.148,3980,3098.338,2382,3913.314,135,16903.079,1645,3673.95,375.624,2664.068,23600.498,4289.659,10957.343,81781.816,1858.92,7777.037,351.951,38196.363,574.401,1992,12523.013,1849,1044.942,8579.782,16731.412,1332.831,7399.129,91760.42,3404,14761.339,4208.729,17714,3361,1651.822,108407.786,2302,20710,62080.71,37866.84,3475,19769,9920.611,4007,1758,413.461,22768.897,146865.701,6587.74,15233.131,19492.4545925282,7464.761,2869.266,3968,4938.989,7768.886,111,285020,5223.222,1961.775,8436,815.127,69,11632.19,5556.341,3475,53683.427,5006,3492.186,1238,7898.56,54355.531,19752,23763.758,16176.418,51422.963,3068,245021.414,19625,18378.534,64211.347,11591.069,22536,36794.884,7517.299,9560.047
1989,13503,8153.844,3195.8,1722.063,32572,3325.992,16681,7627.861,7101.735,5263.204,9937.697,4663.657,8091.541,108842.396,8990.055,484.791,4398.322,10184.084,6423.135,148659,261,1226.517,3000,27379.3,6763.653,12902,1118650,11930.647,11540.121,37804.132,2197.165,32307,421,335,2951.454,15559,10489,670.912,10314.343,78644.914,442,71,5132.593,6942,24496.305,10048.223,55251.811,39214.523,1570.926,47870.3844768493,4962.441,57821,918.835,57324.472,5398.106,14987.051,5518.192,912,972.126,361,10030.765,8731,5606.86399308215,4659.331,4501.397,6586,10397.959,176152.010321594,822000,3513.2,54479.33,17568.414,252.746,4355.345,56737.529,2337.517,3018.99,123107.5,16265.063,22634.772,4301.702,9013.993,42449,2056.779,4094,3109.21,2462,4026.847,136,17142.293,1674,3681.25,377.621,2667.309,24169.813,4359.496,11289.164,83366.836,1863.007,7927.759,355.323,38721.319,578.981,2070,12482.096,1886,1053.403,9082.018,17120.824,1408.635,7607.564,94159.653,3492,14848.907,4226.142,18173,3378,1711.642,111528.381,2347,21151,63554.672,37970.155,3506,20103,9923.147,4124,1821,430.159,22852.123,147351.694,6803.562,15829.361,19911.5532002219,7729.5,2957.752,4064,5024.777,7779.554,113,286462,5244.662,1976.217,8493,849.082,70,12018.448,5714.913,3597,54445.689,5148,3572,1248,8056.693,55462.482,19943,24484.892,16832.384,51501.478,3088,247341.697,20033,18850.722,65868.481,11986.392,22634,37639.331,7746.084,9868.2
1990,13568,8296.606,3250.778,1826.25,33036,3376.783,16956,7722.953,7199.838,5375.31,9969.31,4816.993,8361.039,111436.651,8894.028,500.476,4423.646,10201,6573.9,151170,262,1264.612,3085,27790.6,6836.626,13129,1135185,12490.877,11884.495,39047.458,2266.001,32957,430,340,3027.175,15572,10597,681.349,10309.514,79380.394,499,70,5140.954,7083,25089.032,10318.036,56683.22,39350.769,1569.322,49214.1205518368,4986.431,58168,938.084,57493.307,5426.207,15413.8,5806.512,951,993.559,371,10129.603,8966,5687.959,4797.664,4508.347,6725,10371.878,179323.41,839000,3508.2,56668.726,18134.702,254.719,4477.808,56742.886,2347.922,3262.054,123537.399,16398.131,23354.478,4382.486,9344.566,42869,2142.011,4210,3149.674,2178,4139.825,138,17365.08,1703,3694.836,382.966,2663.59,24734.809,4394,11632.868,84913.652,1861.361,8084.632,359.107,39242.996,583.202,2121,12666.573,1925,1061.598,9536.25,17507.289,1470.569,7841.73,96603.759,3644,14951.51,4242.006,18649,3414,1772.974,114606.69,2393,21600,65087.72,38119.408,3537,20451,9922.689,4244,1898,446.131,22865.945,147973,6981.76,16060.761,20469.2745620346,8000.632,3047.1,4228,5109.818,7786.397,116,288361,5262.616,1991.21,8559,881.354,71,12436.046,5841.411,3721,55196.722,5272,3658,1255,8211.005,56560.676,20172,25214.284,17455.758,51622.275,3110,250131.894,20530,19325.222,67282.704,12416.08,23016,38476.273,7977.698,10156.044
1991,13672,8587.26,3186.79,1928.84,33504.85,3434.16,17173.5,7800.45,7299.58,5493.167,10007.31,4977.069,8646.02,113756.21,8772.37,517.15,4437.46,10205.71,6731.48,153788.38,263,1302.53,3174,28138.13,6920.93,13371.31,1149978.85,13245.63,12257.59,40406.96,2332.56,33633.47,440,347,3097.38,15503.45,10697,700.71,10255.73,79989.52,552,70,5154.96,7210.98,25722,10429.92,57731.02,39420.56,1559.55,51120.28,5013.73,58459.56,961.2,57695.2,5425.5,15833.22,6215.029,991,1014.019,381,10215.35,9218.24,5735.82,4937.206,4540.64,6850,10352.87,182435.76,857530.33,3528.21,58973.46,17473.89,257.93,4649.53,56799.21,2380.6,3631.31,124027.11,16522.46,24104.61,4445.7,9682.91,43296,945.72,4331,3211.11,1907,4247.59,139,17511,1732,3676.1,388.18,2651.03,25205.99,4400.57,11988.69,86440.96,1867.71,8653.43,362.7,39884.71,590.872,2170,12856.79,1973,1071.72,9891.9,17971.11,1511.62,8071.91,98958.07,3839,15072.55,4263.01,19150,3548.31,1843.81,117782.05,2441,22540.28,66549.41,38197.59,3562,20813,9894.62,4367.11,1998,461.76,22825.56,148397.82,7149.42,16592.96,21253.92,8225.3,3135.1,4335,5196.237,7684.95,119,289958.95,5247.72,1999.48,8617,921.478,72,12866.89,6033.85,3846,55781.62,5406.82,3744.76,1262.02,8370.4,57520.11,20384.72,25935.79,18067.32,51730.36,3123.7,252981,21058.83,19764.74,68674.51,12882.42,23097,39417.52,8211.85,10435.28
1992,15023,8898.84,3077.55,2039.66,33967.31,3357.25,17366.86,7886.77,7411.83,5652.02,10048.32,5143.543,8942.78,116169.16,8658.51,532.49,4233.15,10228.13,6893.45,156388.15,265,1343.39,3267,28473.17,6984.31,13613.62,1163362.82,13654.48,12637.16,41735.41,2400.51,34300.11,451,356,3166.61,15536.37,10780,721.06,10264.81,80516.63,547,70,5171.96,7334.92,26386.97,10553.81,58583.49,39512.73,1528.72,52875.46,5042.03,58750.12,969.7,57841.85,5366.29,16255.8,6435.916,1034,1036.22,392,10290.12,9478.43,5784.69,5084.214,4490.68,6983,10330.85,185560.93,875407.18,3557.23,60398.76,17862.85,261.03,4823.61,56820.82,2413.42,3868.76,124492.83,16583.48,24986.23,4488.85,10116.79,43748,1409.84,4454,3250.74,2009,4354.04,141,17716.45,1762,3628.51,393.5,2613.31,25668.24,4402.35,12356.54,87905.84,1889.36,8960.98,366.15,40419.18,621.621,2210,13005.63,2043,1084.81,10246.3,18440.22,1551.1,8312.79,101378.15,4007,15186.58,4287.02,19705,3585.26,1916.36,119973.85,2489,23517.24,67929.79,38261.74,3585,21182,9890.64,4491.94,2106,477.12,22797.03,148541.79,7329.21,17095.64,22068.64,8448.71,3231.11,4246,5286.006,7645.53,121,290958.57,5271.56,1999.21,8668,956.68,73,13243.44,6274.97,3973,56306.7,5499.68,3829.75,1270.34,8529.4,58475.45,20578.81,26697.6,18702.53,51869.14,3136.53,256514,21609.49,20202.87,70031.62,13368,22905,40421.53,8451.92,10719.94
1993,17003,9241.7,3071.81,2157.76,34407.62,3184.66,17522.06,7952.07,7528.1,5433.427,10087.33,5392.889,9249.82,118565.77,8441.87,546.96,3912.7,10250.71,7049.12,158974.2,266,1387.03,3367,28787.79,7030.35,13855.93,1176726.93,14182.68,13026.1,43175.46,2474.02,34962.7,461,366,3236.54,15566.99,10850,740.52,10277.55,80962.72,534,70,5189.96,7451.17,27045.43,10753.68,59433.58,39599.12,1491.43,54165.91,5066.43,59005.73,1015.63,57971.43,5263.78,16751.31,6601.538,1077,1062.762,403,10346.87,9750.5,5884.4,5237.339,4478.37,7139,10300.83,188686.76,893369.39,3576.24,60738.15,18404.04,263.73,4999.96,56855.53,2446.47,3986.5,124863.61,16522.64,25764.6,4479.71,10595.54,44195,1495.6,4581,3286.19,2084,4458.63,143,17969.63,1791,3565.24,399.11,2560.65,26132.61,4400.8,12736.24,89337.57,1917.56,9191.58,370.39,41003.15,622.526,2242,13398.38,2119,1098.64,10400.7,18925.81,1592.2,8570.2,103916.25,4156,15294.61,4313.02,20278,3628.78,1990.54,122051.82,2538,18966.65,69347.84,38309.85,3615,21563,9901.66,4618.32,2218,493.02,22765.76,148462.38,7649.58,17568.72,22828.99,8668.16,3313.11,4100,5330.663,7639.68,123,291188.5,5289.44,1999.93,8718.7,984.309,73,13614.95,6210.9,3953,56859.28,5546.28,3917.47,1277.87,8686.87,59426.68,20776.63,27606.45,19391.08,51887.21,3149.03,259919,22127.44,20638.76,71356.58,13885.76,22666,41435.99,8696.67,10983.81
1994,18486,9600.6,3116.77,2281.82,34847.36,3059.8,17691.67,7982.74,7636.64,5446.215,10117.33,5604.889,9587.39,120934.91,8363.16,561.67,3726.53,10238.61,7205.29,161540.65,267,1430.31,3466,29104.83,7078.63,14098.25,1189961.97,14873.8,13422.89,44701.69,2549.27,35587.27,472,376,3331.61,15594.26,10893,758.31,10283.07,81163.76,547,71,5206.97,7565.09,27646.75,11012.55,60299.27,39670.12,1467.54,55636.21,5088.33,59225.4,1031.9,58120.09,5141.15,17230.73,6796.459,1120,1088.105,414,10393.81,10031.43,6018.03,5394.923,4499.27,7300,10267.81,191866.83,911360.86,3588.25,60930.48,18967.6,265.93,5177.51,56867.14,2479.7,4085.83,125041.5,16288.69,26399.45,4472.46,10944.13,44642,1583.33,4712,3319.74,2069,4562.71,145,18237.52,1819,3532.75,404.93,2516.97,26597.09,4391.94,13127.69,90755.64,1935.03,9462.97,374.12,41732.02,623.015,2272,14312.76,2183,1111.3,10182.4,19430.32,1633.59,8840.45,106570.58,4289,15385.64,4338.03,20844,3678.58,2052.01,124813.1,2588,19306.39,70860.01,38340.92,3649,21852,9925.49,4746.18,2349,508.97,22733.02,148411.5,5992.26,18012.7,23354.38,8891.17,3419.11,3978,5388.412,7634.41,125,291007.08,5311.19,2001.04,8780.8,987.944,74,13989.11,6321.82,3982,57409.77,5604.13,4003.4,1283.55,8838.28,60374.83,20982.73,28697.51,20103.19,51637.84,3162.34,263126,22603.66,21071.75,72653.82,14394.75,22583,42419.07,8948.6,11108.81
1995,19445,9963.75,3163.85,2408.58,35274.32,2994.93,17889.79,7994.97,7731.18,5812,10138.33,5720.531,9924.43,123279,8284,576.09,3635.99,10205.49,7361.89,164084.6,268,1472.97,3544,29407.56,7142.01,14340.56,1202581.43,15435.83,13824.41,46580.98,2621.11,36184.29,483,385,3428.52,15605.24,10921,774.89,10277.7,81324.8,553,71,5230.97,7683.34,28207.67,11265.61,61182.79,39727.55,1446.51,57288.95,5107.83,59440.08,1041.38,58283.82,5036.81,17625.68,7008.664,1161,1105.764,426,10421.53,10319.05,6138.69,5556.324,4480.94,7464,10335.82,195127.04,929359.12,3603.56,61683.46,19555.02,267.33,5356.27,56868.04,2513.04,4173.72,125361.31,16021.62,27091.5,4516.18,11203.53,45093,1672.8,4846,3351.31,2075,4630.2,146,18476.69,1848,3520.29,410.64,2480.44,27011.65,4374.99,13531.15,92155.18,1954.05,9758.43,377.55,42463.26,623.521,2306,15118.36,2235,1123.12,10095.71,19939.05,1674.93,9133.07,109342.8,4402,15464.33,4360.03,21359,3735.46,2113.06,127886.09,2638,19642.37,72503.97,38363.47,3683,22107,9953.68,4875.43,2506,524.67,22687.41,148379.39,5264.51,18430.53,23891.85,9121.43,3524.12,3881,5469.886,7624.99,127,290778.81,5327.54,2002.83,8827,993.789,75,14365.8,6585.55,4203,57935.9,5677.87,4078.21,1288.17,8969.21,61317.85,21178.86,29646.47,20679.68,51247.74,3175.45,266278,23067.16,21501.33,73903.63,14831.57,22554,43328.95,9200.74,11208.45
1996,20111,10312.91,3144.19,2577.67,35683.44,2985.18,18108.29,8005.77,7815.44,5815,10158.33,5873.704,10269.4,125622.62,8241.39,590.34,3648.74,10171.23,7518.77,166624.17,269,1514.71,3622,29716.57,7174.43,14540.37,1215171.1,15886.71,14231.04,47558.52,2692.17,36759.68,494,395,3515.6,15600.13,10963,787.33,10262.37,81482.83,568,71,5262.98,7805.77,28721.5,11526.48,62093.83,39892.94,1423.63,58915.21,5124.63,59651.76,1060.98,58423.44,4961.31,18019.73,7236.079,1202,1122.655,438,10467.57,10609.83,6417.9,5718.801,4419.9,7629,10318.08,198465.7,947349.69,3628.38,62412.85,20162.66,268.83,5494.09,56884.04,2546.42,4276.03,125636.15,15871.75,27812.89,4580.16,11453.51,45525,1749.58,4948,3381.01,2130,4667.56,148,18692.69,1869,3493.61,415.61,2452.65,27371.21,4353.79,13946.65,93507.91,1971.1,10075.07,379.77,43143.13,623.97,2341,15519.74,2271,1135.34,10345.9,20459.16,1716.34,9442.83,112235.15,4503,15535.36,4382.04,21804,3792.85,2173.41,131362.55,2690,19976.27,74238.79,38377.51,3725,22324,9991.11,5005.93,2671,540.24,22622.47,148163.72,6334.89,18819.82,24441.7,9356.96,3671.12,3811,5551.117,7641.35,130,290515.69,5337.76,2004,8841.1,1018.491,76,14749.97,6862.34,4402,58449.96,5764,4142.14,1291.81,9092.03,62256.76,21345.28,30291.33,21269.68,50813.39,3189.66,269394,23523.69,21927.75,75095.72,15283.82,22502,44144.7,9457.43,11404.98
1997,20769,10651.4,3124.52,2748.95,36102.64,2978.1,18305.22,8014.85,7897.25,5820,10182.34,6054.757,10507.48,128012.4,8191.37,604.57,3681.14,10129.09,7677.67,169178.01,270,1555.16,3707,30013.37,7195.43,14740.18,1227452.97,16303.87,14642.55,48436.08,2750.14,37307.81,506,404,3607.52,15598.23,11014,798.59,10250.72,81526.84,592,70,5285.98,7928.08,29200.15,11792.47,63365.29,40058.7,1404.46,60449.43,5139.83,59864.43,1085.8,58574.11,4912.17,18432.09,7295.772,1242,1144.911,451,10519.36,10900.27,6470.75,5881.443,4398.39,7792,10297.31,201698.33,965307.79,3666.6,63193.71,20785.05,270.83,5635.49,56914.16,2579.39,4379.33,125935.97,15691.72,28575.59,4643.69,11690.24,45954,1810.88,5055,3408.98,2317,4747.36,150,18915.8,1884,3468.01,421.01,2428.33,27721.24,4324.04,14374,94803.1,1984.86,10158.19,382.55,43782.22,623.786,2372,15860.95,2315,1148.35,10654.69,21011.08,1757.56,9752.03,115250.51,4598,15616.39,4406.04,22241,3838.19,2232.74,134716.84,2744,20308.83,75956.95,38380.51,3759,22443,10035.88,5133.38,2832,563.67,22557.74,147918.96,7394.52,19187.72,25004.2,9590.23,3796.12,3765,5620.865,7627.47,132,290183.65,5347.51,2000.45,8846.2,1031.563,76,15139.29,7079.8,4572,58949.87,5864.32,4200.06,1294.91,9208.78,63191.57,21525.16,31028.08,21926.05,50371.4,3206.58,272647,23952.05,22351.31,76233.82,15741.18,22521,44887.24,9741.81,11610.62
1998,21452,10990.17,3104.85,2923.33,36518.41,2971.93,18488.64,8023.65,7979.03,5955,10204.34,6252.794,10759.32,130475.57,8136.89,618.79,3713.47,10092.29,7840.31,171744.07,271,1593.9,3798,30263.49,7219.39,14940,1238722.12,16676.55,15059.74,49607.26,2812.03,37837.72,518,413,3694.98,15596.89,11064,808.47,10242.06,81462.82,621,70,5303.98,8051.31,29649.01,12050.63,64666.82,40222.83,1391.57,61980.65,5153.53,60085.1,1110.9,58735.82,4878.19,18872.79,7387.802,1282,1163.292,464,10577.83,11192.91,6525.6,6045.973,4395.69,7957,10273.38,204871.59,983180.71,3716.51,63971.98,21421.74,273.73,5775.05,56930.46,2611.52,4484.22,126273.77,15484.89,29375.16,4708.41,11912.66,46287,1869.29,5168,3435.41,2584,4870.13,151,19124.2,1897,3442.88,426.38,2405.54,28061.72,4285.7,14813.09,96051.47,1995.47,10286.32,385.03,44407,623.492,2403,16200.16,2374,1160.66,10975.63,21582.19,1798.52,10078.64,118391.17,4689,15712.42,4432.05,22672,3868.26,2290.9,138043.66,2797,20638.13,77636.64,38372.49,3781,22483,10086.71,5253.41,2915,595.17,22511.38,147674.36,7720.69,19558.46,25579.64,9836.75,3927.13,3746,5692.741,7609.13,135,289843.01,5354.83,1996.44,8851.1,1032.922,77,15532.82,7309.66,4715,59410.62,5983.12,4261.7,1297.85,9316.58,64096.63,21720.04,31951.02,22621.76,49941.24,3221.7,275854,24342.16,22771.61,77323.05,16224.22,22586,45577.49,10031.67,11812.61
1999,22206,11333.74,3085.19,3101.33,36923.91,2969.87,18692.03,8039.27,8055.64,6128,10227.34,6460.886,11074.91,132906.85,8091.39,633.39,3810.87,10064.2,8006.59,174320.07,273,1630.44,3889,30510.48,7257.6,15139.81,1248899.1,17105.62,15483.38,51181.35,2885.99,38365.28,531,422,3784.67,15589.53,11108,817.58,10229.96,81438.82,646,70,5321.99,8175.45,30083.24,12268.31,66001.39,40378.47,1377.68,63575.38,5165.53,60395.63,1142.99,58945.76,4847.71,19327.32,7610.461,1320,1182.537,478,10618.42,11487.06,6587.42,6198.223,4376.74,8121,10244.32,208105.3,1000964.74,3757.14,64703.75,22076.27,277.12,5927.17,56940.07,2642.78,4591.3,126511.63,15356.53,30191.65,4773.36,12122.15,46617,1926.06,5286,3460.18,2741,4993.03,152,19353.93,1908,3418.54,432.53,2386.06,28399.78,4244.18,15259.21,97242.3,2005.7,10596.34,387.24,45018.42,623.269,2433,16522.2,2437,1173.13,11309.82,22131.86,1840.87,10423.85,121649.22,4778,15817.46,4463.06,23087,3889.61,2347.74,141497.13,2848,20962.98,79345.75,38358.46,3800,22594,10143.9,5365.67,2996,626.82,22414.43,147218.35,7808.2,19963.7,26168.33,10070.4,3959.13,3736,5766.694,7610.97,138,289339.29,5359.57,1997.81,8858,1033.082,78,15929.63,7559.33,4852,59747.56,6110.48,4324.13,1300.57,9416.71,65020.15,21892.5,32912.42,23407.56,49491.19,3233.83,279040,24701.37,23188.24,78394.49,16728.3,22541,46257.29,10327.47,11985.01
2000,22461,11676.48,3064.76,3283.64,37336.15,2966.02,18907.15,8058.63,8127.31,6282,10252.35,6677.134,11405.08,135207.06,8051.53,648.13,3901.38,10033.95,8176.79,176901.86,274,1664.69,3980,30795.95,7295.66,15339.62,1258400.92,17552.11,15913.47,52781.73,2998.67,38910.64,545,430,3867.38,15584.37,11147,826.27,10219.74,81473.83,669,71,5338.99,8300.57,30514.67,12445.84,67376.68,40563.23,1399.76,65213.05,5176.23,60811,1178.63,59148.66,4814.41,19792.18,7780.073,1357,1207.665,491,10661.93,11728.4,6646.26,6367.242,4333.77,8279,10217.74,211407.57,1018667.41,3806.64,65411.32,22748.15,281.12,6088.39,56965.88,2670.45,4700.34,126755.48,15334.8,31024.77,4826.16,12317.24,47008,1982.27,5397,3499.46,2847,5115.5,153,19609.64,1916,3394.58,438.19,2363.21,28744.15,4199.33,15706.79,98402.89,2017.37,10832.5,389.72,45616.38,622.985,2461,16840.86,2501,1186.45,11657.9,22694.62,1893.31,10785.06,125013.93,4866,15931.5,4492.07,23487,3912.39,2403.18,145759.03,2900,21291.22,81131.21,38344.43,3811,22785,10215.47,5473.21,3075,658.68,22262.41,146600.43,7867.75,20425.95,26770.57,10304.7,4028.13,3809,5825.336,7586.69,141,288729.68,5364.63,2003.54,8872.2,1031.828,79,16329.3,7820.61,4992,60165.31,6229.31,4384.94,1303.29,9514.4,65948.8,22068.32,33953.49,24194.8,49013.83,3245.77,282162,25041.64,23600.76,79471.69,17235.92,22507,46958,10648.5,12104.31
2001,22507,12030.15,3046.63,3458.06,37713.74,2965.48,19151.47,8089.53,8193.79,6466,10288.35,6901.575,11827.97,137419.6,7798.39,665.18,3918.64,10000.04,8351.14,179388.87,275,1698.06,4054,31132.32,7331.76,15512.86,1267177.95,18009.93,16353.51,54452.9,3112.61,39410.81,559,438,3950.54,15515.27,11179,835.2,10171.67,81533.84,693,71,5357.99,8426.81,30952.16,12629.12,68790.07,40774.93,1391.17,66889.11,5188.03,61255.33,1207.44,59376.67,4788.88,20280.24,7821.148,1393,1233.497,506,10717.53,11967.65,6695.12,6535.344,4170.98,8430,10194.34,214475.08,1036256.26,3866.22,66167.23,23439.67,285.02,6236.09,57003.59,2694.39,4811.12,127056.3,15383.37,31919.02,4864.97,12503.66,47370,2038.03,5499,3554.35,2917,5236.93,154,19838.15,1922,3366.76,443.08,2333.36,29093.76,4154,16161.78,99598.6,2025.86,10889.69,392.86,46171.26,622.684,2489,17175.66,2566,1199.08,12019.52,23290.71,1945.46,11170.25,128512.68,4952,16051.54,4515.07,23887,3946.9,2457.3,150447.74,2952,21630.64,83022.56,38339.42,3819,22977,10287.75,5579.17,3155,691.14,22106.06,145980.01,7981.2,20956.44,27386.67,10575.71,4138.14,4043,5855.648,7573.65,144,288097.13,5343.6,2006.11,8896.1,1029.857,80,16730.17,8092.47,5135,60746,6338.71,4444.05,1307.96,9613.11,66869.25,22224.35,34973.97,24992.16,48520.34,3257.26,284969,25372.2,24011.17,80545.82,17762.37,22580,47819.76,10980.14,12208.01
2002,23600,12443.08,3037.51,3613.24,38079.14,2962.46,19370.56,8129.6,8256.54,6670,10334.36,7130.417,12379.55,139573.13,7754.63,707.49,3923.03,9955.44,8529.38,181720.82,276,1730.05,4128,31472.72,7384.16,15686.11,1275379.1,18438.09,16815.16,56170.49,3180.56,39918.43,574,447,4020.87,15491.1,11210,844.85,10148.37,81594.85,716,72,5377,8553.01,31396.8,12827.21,70269.4,41432.55,1381.98,68649.4,5200.63,61702.65,1233.76,59630.8,4770.54,20805.64,7905.703,1431,1260.374,521,10756.86,12257.69,6725.03,6698.324,4175.82,8580,10165.35,217515.5,1053662.56,3934.32,66689.11,24212.06,287.52,6365.65,57113.64,2707.31,4923.41,127324.14,15447.1,32865.23,4901.27,12690.54,47645,2093.88,5578,3609.52,2978,5356.65,155,20060.27,1926,3339.84,447.89,2306.09,29447.49,4107.59,16630.79,100862.57,2011.21,11007.42,395.69,46689.77,621.991,2519,17525.04,2632,1210.67,12394.83,23874.25,1980.76,11580.19,132165.34,5036,16154.57,4539.08,24273,4018.26,2510.22,154584.56,3003,21979.9,84875.55,38320.37,3824,23165,10344.24,5683.44,3235,724.03,21930.79,145310.02,8143.59,21549.33,28016.94,10863.98,4176.14,4287,5868.695,7570.22,147,287462.76,5342.73,2009.21,8925.1,1027.991,81,17131.64,8394.56,5278,61322.79,6451.61,4502.08,1314.11,9710.83,67728.13,22344.24,36021.41,25845.76,48074.07,3267.74,287625,25696.13,24424.59,81637.38,18309.57,22689,48479.69,11290.49,12280.78
2003,25005,12935.95,3026.17,3753.51,38438.45,2955.37,19594.62,8165.94,8319.21,6897,10377.36,7359.67,12829.12,141650.47,7709.95,772.98,3939.53,9905.46,8710.72,183969.78,278,1760.82,4215,31757.69,7437.94,15859.34,1283063.96,18895.19,17288.72,57859.72,3273.98,40415.63,590,455,4079.3,15492.65,11241,855.21,10149.25,81565.85,691,72,5391,8677.89,31846.68,13073.91,71784.5,42205.42,1373.69,70490.58,5213.03,62140.99,1261.56,59903.01,4746.33,21349.9,8120.753,1469,1288.445,536,10782.59,12556.06,6712.07,6862.657,4175.93,8739,10136.27,220548.61,1070881.82,3999.5,67806.63,24978.66,289.22,6484.47,57423.17,2709.36,5037.03,127558,15525.67,33846.16,4945.64,12881.4,47892,2150.68,5654,3664.84,2983,5475.69,156,20297.12,1926,3312.81,453.51,2283.84,29805.9,4059.43,17113.62,102132.4,2017.79,11306.84,398.32,47201.05,620.914,2547,17888.5,2699,1221.98,12786.22,24436.91,2007.98,12014.68,135971.21,5116,16230.6,4566.08,24645,4094.07,2562,158208.72,3054,22338.7,86696.97,38283.29,3826,23330,10383.15,5785.84,3315,757.24,21828.19,144652.13,8288.24,22188.86,28661.72,11171.51,4115.14,4466,5880.201,7550.6,151,286887.01,5343.4,2010.47,8958.3,1026.252,82,17533.99,8762.83,5425,61883.59,6567.44,4555.59,1320.06,9809.57,68540.83,22443.24,37099.9,26661.41,47692.44,3276.88,290108,25991.96,24840.5,82720.33,18854.79,22784,48951.36,11592.96,12317.79
2004,25698,13480.16,3013.55,3882.1,38799.8,2953.25,19805.27,8217.43,8391.14,7167,10422.37,7589.367,13177.75,143644.05,7668.17,839.41,3974.55,9856.19,8894.52,186165.41,279,1792.27,4289,32055.38,7487.68,16029.28,1290619.75,19432.14,17764.35,59598.53,3399.65,40898.58,606,463,4145.05,15500.9,11260,866.72,10154.49,81472.83,657,72,5404,8801.44,32320.2,13367.8,73297.86,42868.51,1364.8,72388.73,5228.23,62600.29,1297.37,60217.4,4738.53,21899.81,8316.554,1508,1317.452,551,10809.3,12873.21,6764.92,7028.058,4178.58,8900,10113.85,224472.83,1087941.16,4069.9,68479.51,25725.62,292.52,6602.96,57852.35,2710.51,5160.83,127657.94,15629.39,34880.3,4998.61,13076.05,48083,2208.44,5746,3720.55,3005,5595.3,157,20528.7,1925,3275.83,459.78,2258.8,30168.74,4012.88,17610.28,103333.96,2023.53,11579.46,400.91,47699.22,620.511,2574,18263.58,2768,1232.85,13196.07,24993.25,2034.39,12472.32,139900.21,5193,16287.62,4593.09,24989,4151.15,2612.83,161555.54,3104,22706.95,88568.1,38268.25,3827,23477,10408.07,5886.18,3396,849.69,21704.23,144070.82,8467.88,22850.36,29321.34,11498.25,4167.14,4602,5887.619,7533,154,286456.69,5346.41,2011.47,8993.6,1024.634,83,17941.8,9191.33,5578,62425.1,6688.02,4607.91,1326.19,9905.97,69365.84,22527.75,38167,27413.94,47342.45,3284.75,292805,26268.07,25254.6,83821.16,19409.69,22881,49478.46,11907.31,12335.81
2005,26335,14012.1,2998.17,4000.26,39171.29,2950.75,20047.81,8273.6,8475.29,7439,10480.38,7838.059,13540.36,145546.03,7627.5,906.56,3991.17,9807,9080.52,188329.88,280,1824.3,4363,32359.57,7532.09,16221.79,1298245.04,19967.69,18249.29,61473.89,3542.76,41374.02,623,471,4211.57,15532.64,11268,879.3,10181.52,81353.8,666,72,5420.01,8923.59,32785.04,13661.29,74832.48,43672.12,1357.41,74326.54,5246.13,63072.58,1339.63,60682.47,4785.64,22468.54,8477.819,1548,1347.728,567,10841.06,13199.77,6793.84,7194.127,4181.86,9061,10093.76,227533.56,1104803.03,4162.62,69324.65,26530.79,295.82,6723.3,58190.99,2710.71,5295.47,127678.93,15758.32,35961.32,5048.18,13275.77,48185,2268.12,5836,3776.51,3138,5715.32,157,20703.16,1922,3222.88,466.99,2234.59,30551.82,3966.31,18119.86,104508,2027.83,11804,403.55,48196.25,620.641,2602,18652.46,2838,1243.23,13624.51,25543.29,2059.96,12953.98,143913.81,5267,16325.63,4624.1,25255,4198.42,2663.04,165074.62,3155,23055.48,90418.14,38249.21,3822,23621,10427.33,5984.27,3478,1001.11,21570.5,143522.29,8645.38,23516.1,29996.14,11838.69,4266.14,4708,5899.475,7510.4,158,286149.53,5351.12,2015.03,9029.7,1023.13,84,18423.16,9593.55,5715,62956.09,6814.33,4663.56,1331.84,9996.71,70223.69,22608.01,39261.76,28200.12,47002.64,3291.25,295517,26540.34,25666.6,84941.68,20000.01,22951,50053.67,12243.44,12328.91
2006,27154,14534.99,2979.31,4531.54,39555.98,2947.9,20320.25,8316.52,8565.3,7709,10549.39,8088.622,13916.68,147376.03,7587.22,974.28,3992.51,9764.25,9268.47,190437.71,281,1856.8,4449,32688.16,7579.11,16364.13,1305115.74,20512.46,18746.12,63479.43,3701.68,41862.26,640,478,4278.26,15568.83,11266,894.09,10213.92,81189.77,679,72,5438.01,9044.31,33286.41,13915.49,76431.65,44370.19,1349.22,76326.33,5266.33,63512.91,1384.12,61098.32,4826.38,23057.77,8649.52,1589,1379.383,583,10873.66,13517.37,6837.72,7359.013,4183.16,9216,10078.05,230738.54,1121354.32,4272.5,70158.08,26705.98,304.22,6846.15,58424.29,2709.94,5764.57,127761.88,15913.64,37092.53,5095.6,13460.68,48438,2328.65,5931,3852.95,3311,5835.48,158,20917.43,1919,3171.87,474.24,2214.54,30953.2,3918.92,18640.92,105737.62,2031.19,12043.06,405,48673.71,620.482,2633,19058.65,2909,1252.89,14071.9,26086.03,2085.78,13459.04,148018.57,5338,16351.64,4662.11,25484,4247.71,2713.22,168846.15,3206,23380.2,92253,38220.14,3805,23764,10446.19,6079.9,3559,1152.85,21443.09,143053.11,8834.08,24177.78,30686.47,12203.57,4401.14,4818,5905.773,7480.93,161,285979.85,5354.91,2022.12,9080.6,1021.329,85,19251.67,9966.84,5865,63466.5,6943.47,4718.86,1337.68,10086.63,71106.17,22696.25,40387.27,29021.36,46685.26,3297.7,298380,26811.53,26078.92,86036.4,20610.7,23000,50666.53,12611.89,12394.48
2007,27387,15083.68,2956.88,5623,39946.76,2945.51,20694.45,8343.92,8657.37,7991,10627.4,8335.294,14309.45,149047.21,7548.53,1042.75,3989.88,9733.87,9457.49,192450.05,282,1889.67,4544,33007.16,7646.97,16535.65,1311877.23,21096.92,19278.26,65589.54,3859.48,42323.94,657,486,4337.89,15630.19,11261,913.33,10269.67,81008.73,694,72,5461.01,9163.58,33865.51,14132.75,78139.72,45245.87,1341.42,78410.72,5288.73,63906.32,1433.97,61592.51,4820.03,23660.57,8860.38,1630,1412.264,600,10901.4,13827.58,6896.55,7521.702,4182.91,9364,10062.45,233918.42,1137576.24,4402.94,71040.08,26428.55,311.32,6971.86,58780.74,2708.17,6242.51,127903.8,16085.79,38248.17,5137.44,13630.07,48684,2387.87,6035,3954.21,3469,5967.49,159,21119.85,1917,3134.41,482.03,2196.94,31354.08,3873.07,19173.15,107082.63,2034.5,12336.65,406.49,49151.45,620.495,2666,19479.58,2981,1261.22,14538.9,26620.39,2112.89,13986.38,152194.87,5408,16387.65,4710.12,25732,4286.78,2764.07,172882.36,3258,23707.79,94098.39,38204.11,3783,23908,10466.74,6173.12,3642,1305.6,21128.67,142808.57,9060.34,24841.07,31392.69,12584.19,4589.15,4918,5911.386,7450.66,165,286071.38,5360.52,2033.22,9148.19,1018.811,86,20493.05,10338.16,6042,63937.43,7075.79,4773.47,1344.33,10178.44,71991.73,22781.09,41556.62,29846.46,46406.83,3305.39,301231,27080.87,26588.89,87135.53,21236.42,23028,51339,13004.51,12494.49
2008,27706,15657.93,2934.27,7276.5,40342.61,2943.46,21113.35,8370.42,8749.61,8318,10711.41,8602.647,14721.63,150561.73,7512.7,1095.92,3986.91,9712.59,9646.69,194457.64,283,1922.82,4641,33366.54,7737.76,16700.27,1318559.28,21698.88,19842.9,67799.7,3989.28,42781.41,674,494,4399.99,15745.87,11258,936.55,10376.12,80780.68,709,73,5494.02,9281.35,34480.04,14351.56,79944.56,45993.19,1336.93,80563.72,5313.43,64263.78,1486.93,62099.76,4819.39,24270.4,9090.759,1671,1446.297,616,10930.37,14139.4,6938.43,7682.066,4181.09,9508,10044.85,237056.44,1153546.77,4498.85,71941.99,26968.79,319.31,7099.88,59235.93,2705.41,6397.17,127968.76,16271.34,39440.82,5179.6,13807.93,49055,2445.57,6145,4035.67,3603,6114.68,160,21315.43,1915,3102.34,490.58,2173.68,31754.08,3829.19,19716.71,108554.11,2037.83,12657.42,409.13,49504.89,621,2702,19928.36,3055,1268.9,15026.01,27160.8,2141.15,14531.93,156434.06,5476,16451.68,4769.13,25998,4322.92,2816.38,176808.99,3310,23944.04,95922.8,38204.11,3761,24051,10481.83,6264.03,3727,1459.76,20779.48,142745.83,9290.01,25518.05,32136.6,12978.49,4839.16,5023,5933.968,7419.01,168,286405.88,5369.75,2036.34,9219.74,1016.974,87,21220.64,10727.73,6220,64380.68,7210.76,4828.41,1351.84,10273.64,72909.09,22852,42741.37,30647.21,46155.64,3313.13,304094,27347.11,27098.32,88252.63,21877.51,23038,52077.36,13412.32,12567.78
2009,28484,16260.48,2914.57,8164.24,40736.44,2941.36,21553.02,8390.48,8841.5,8741,10797.42,8884.101,15152.19,152188.83,7474.98,1132.61,3984.85,9696.87,9835.72,196463.84,285,1956.15,4742,33749.68,7825.37,16863.84,1324993.12,22284.5,20418.92,70113.89,4145.51,43264.38,690,501,4467.3,15819.17,11260,962.04,10437.6,80499.63,725,73,5524.03,9397.51,35126.14,14569.42,81840.23,46377.65,1334.23,82787.15,5338.93,64594.28,1542.22,62538.71,4851.46,24899.08,9327.011,1713,1481.09,633,10959.14,14451.98,6953.39,7838.603,4176.67,9652,10029.3,240140.49,1169239.12,4542.01,72888.28,28023.93,319.11,7226.38,59580.37,2701.68,6537.71,127957.77,16480.18,40668.42,5237.75,13990.17,49308,2501.72,6257,4081.72,3708,6270.3,160,21502.54,1916,3068.09,499.6,2138.01,32153.76,3787.94,20271.5,110060.75,2041.58,12986.36,412.2,49896.47,621.968,2741,20418.49,3129,1275.68,15525.1,27714.8,2170.49,15092.16,160750.76,5541,16535.7,4830.15,26298,4370.39,2870.78,180689.63,3360,24086.7,97627.16,38571.95,3741,24191,10491.76,6352.42,3817,1614.84,20607.06,142788.81,9489.34,26227.03,33078.09,13382.26,4988.16,5132,5954.121,7389.32,172,286956.82,5381.57,2056.17,9298.62,1017.183,87,21541.96,11139.07,6405,64803.79,7347.59,4883.76,1358.82,10376.67,73921.89,22929.42,43889.49,31469.29,45950.76,3320.9,306772,27608.51,27510.3,89372.8,22533,22209,52861.73,13822.49,12665.53
2010,29121,16884.7,2900.13,8152.21,41400.71,2939.17,21890.95,8410.18,8932.65,9140,10897.43,9178.58,15599.74,153926.8,7424.88,1167.96,3982.7,9680.61,10024.1,198408.09,286,1989.59,4845,34127.03,7884.37,16999.47,1331357.45,22845.25,21001.57,72549.62,4323.52,43770.9,706,509,4543.8,15856.93,11262,987.53,10463.23,80300.58,741,73,5548.03,9511.92,35805.13,14786.12,83844.3,46572.63,1331.84,85095.87,5363.43,64912.8,1600.18,63039.94,4898.46,25558.59,9570.543,1755,1516.078,651,10973.31,14769.16,7004.25,7991.283,4167,9553,10006.65,243170.65,1184638.23,4562.63,73825.85,28956.36,317.91,7360.41,59844.38,2697.01,6679.88,127966.76,16696.7,41899.93,5288.84,14161.69,49554,2556.25,6368,4097.09,3817,6431.65,161,21712.65,1920,3004.42,508.94,2093.39,32553.12,3748.22,20837.29,111467.53,2045.89,13325.44,414.21,50284.71,622.553,2783,20950.31,3205,1281.61,16027.92,28267.91,2200.81,15668.71,165142.01,5604,16620.73,4890.16,26664,4415.83,2927.5,184989,3411,24227.87,99316.85,38606.03,3722,24326,10496.63,6438.09,3907,1770.35,20485,142852.94,9702.25,27068.45,33890.88,13793.58,5077.17,5246,5966.82,7359.68,176,287528.95,5393.7,2063.38,9378.24,1019.398,88,22050.23,11550.06,6587,65208.25,7485.37,4939.53,1365.44,10491.23,75053.72,22989.87,45131.64,32342.51,45768.17,3328.71,309327,27868.64,27920.23,90481.18,23195.12,22165,53681.67,14254.91,12781.92
2011,29758,17524.61,2892.35,8438.15,41880.85,2936.86,22197.18,8437.81,9024.51,9440,11039.45,9485.969,16063.83,155634.45,7241.62,1202.22,3979.92,9661.81,10211.41,200152.05,287,2023.11,4950,34462.67,7959.37,17188.98,1339548.68,23343.36,21586.3,75138.18,4467.93,44224.91,722,516,4586.73,15804.81,11264,1013.05,10442.76,80291.58,757,73,5571.03,9626.96,36506.26,15002.03,85969.34,46746.44,1328.24,87530.13,5388.33,65231.31,1656.15,63567.28,4933.83,26244.37,9824.572,1798,1551.45,668,10957.08,15088,7052.11,8140.864,4153.98,9670,9978.34,246150.36,1199809.73,4581.41,74625.46,29973.94,318.91,7497.8,60051.87,2691.54,6839.6,127754.89,16911.32,43197.68,5328.18,14321.6,49937,2609.09,6477,4114.73,3984,6143.65,162,21917.65,1925,2937.33,520.87,2055.01,32950.91,3709.19,21413.24,112826.32,2049.42,13679.13,416.01,50813.36,622.433,2827,21534.73,3282,1285.62,16533.89,28750.37,2232.03,16263.26,169607.43,5666,16698.76,4954.17,27081,4445.89,2986.38,189313.83,3460,24363.99,100998.65,38615.05,3679,24457,10481.24,6522.07,3997,1904.09,20384.7,142964.38,9973.22,27809.99,34568.26,14225.82,5184.17,5364,5984.029,7304.24,180,288146.19,5362.05,2067.43,9449.32,1024.153,89,22457.61,11982.78,6772,65598.65,7624.35,4995.78,1372.31,10612.25,76164,23040.24,46530.99,33257.06,45603.52,3336.69,311583,28131.88,28326.87,91591.04,23880.46,22113,54518.34,14709.49,12907
2012,30420,18201.96,2887.57,8747.48,42359.71,2934.42,22588.16,8475.81,9117.06,9748,11108.46,9805,16562.91,157326.34,7199.8,1235.51,3976.54,9643.21,10397.21,201894.14,288,2056.8,5057,34838.91,8044.33,17377.6,1349537.02,23878.67,22181.01,77792.05,4580.93,44660.44,737,524,4647.57,15825.44,11262,1028.61,10455.31,80442.61,774,73,5592.04,9742.24,37214.94,15217.57,88197.56,46776.59,1323.74,90066.04,5414.03,65551.83,1713.93,63989.15,4945.75,26945.21,10083.976,1840,1587.244,686,10897.95,15404.53,7129.89,8287.669,4140.53,9793,9926.94,249086.27,1214838.72,4600.32,75446.03,31321.33,320.61,7637.02,60216.34,2686.14,6952.07,127476.05,17123.68,44470.15,5373.02,14479.59,50200,2660.15,6586,4206.04,4141,5848.66,162,22120.31,1930,2898.19,532.97,2029.87,33345.93,3670.77,21998.58,114162.63,2051.91,14040.31,419.8,51368.72,622.079,2870,22149.89,3359,1288.49,17042.02,29162.8,2267.77,16903.09,174142.21,5728,16760.78,5020.19,27505,4471.4,3047.23,193569.43,3510,24490.6,102618.25,38623.07,3636,24589,10438.75,6605.39,4088,2009.57,20296.19,143205.19,10271.2,28516.26,35292.96,14668.23,5312.17,5486,6032.632,7268.89,183,288971.56,5370.13,2071.39,9519.48,1031.925,90,22258.03,12427.19,6961,65969.88,7764.62,5052.65,1378.91,10736.9,77140.88,23116.9,47965.47,34234.08,45491.54,3344.93,313878,28397.85,28722.1,92720.42,24594.25,22060,55356.05,15165.31,13036.17
2013,31108,18907.51,2882.28,9077.22,42836.43,2931.62,22980.24,8527.03,9209.84,10069,11160.47,10134.821,17072.15,158999.2,7159.62,1268.13,3972.56,9624.46,10581.19,203613.88,289,2090.75,5167,35208.97,8137.37,17545.37,1357519.74,24492.1,22800.32,80533.61,4666.73,45081.37,752,531,4707.37,15833.58,11250,1026.21,10456.73,80662.66,792,73,5614.04,9854.9,37930.36,15432.56,90566.05,46603.39,1318.75,92632.26,5439.03,65891.32,1778.41,64391.94,4937.65,27663.86,10351.174,1883,1624.345,704,10819.22,15718.92,7158.81,8429.445,4126.39,9922,9899.64,251947.06,1229765.16,4622.94,76417.71,32779.45,323.71,7780.74,60336.79,2681.6,7706.49,127257.18,17333.36,45639.36,5423.06,14636.78,50429,2709.53,6695,4695.52,4244,6010.44,163,22320.26,1936,2869.01,546.84,2009.07,33737.17,3632.88,22592.99,115471.31,2054.88,14412.34,425.81,51878.33,621.602,2912,22768.38,3438,1291.25,17551.22,29568.22,2311.59,17568.89,178736.59,5789,16809.8,5081.21,27917,4515.73,3109.91,197994.08,3559,24606.54,104298.92,38591,3589,24720,10381.66,6687.87,4178,2103.27,20223.86,143510.48,10589.99,29219.97,36093.08,15120.9,5399.18,5613,6120.762,7233.62,187,289870.01,5376.85,2074.19,9600.49,1041.209,91,20900.65,12894.7,7154,66332.3,7905.18,5110.29,1385.67,10865.75,78138.29,23189.72,49436.5,35271.19,45388.61,3353.43,316060,28665.75,29111.34,93883.34,25310.62,22005,56214.68,15631.04,13169.29
2014,31823,19623.85,2876.32,9320.63,43310,2928.26,23325.62,8594.12,9302.13,10380,11210.47,10479.67,17575.37,160650.01,7119.04,1300.52,3968,9605.22,10762.99,205358.16,290,2124.91,5278,35564.72,8237.26,17720.43,1366654.2,25104.43,23512.66,83368.34,4756.84,45846.4,767,539,4767.64,15853.09,11238,1014.97,10470.72,80999.73,810,73,5644.05,9964.78,38650.34,15646.81,93008.91,46465.24,1314.35,95337.07,5462.53,66211.83,1842.76,64885.13,4931.38,28405.02,10631.955,1926,1663.186,722,10747.35,16029.99,7208.67,8546.438,4108.53,10047,9873.01,254701.56,1244577,4655.38,77521.02,33856.66,327.31,7931.43,60345.89,2677.95,8839.09,127186.23,17540.03,46808.26,5477.82,14793.43,50747,2757.31,6804,5364.5,4348,6162.58,163,22517.08,1942,2844.45,559.87,1990.55,34123.69,3595.45,23195.82,116756.83,2058.31,14803.27,434.61,52374.25,620.896,2953,23393.39,3517,1293.75,18060.22,29976.74,2359.55,18241.88,183361.7,5849,16870.82,5138.22,28311,4597.11,3174.26,202387.19,3608,24713.97,106075.91,38572.96,3534,24852,10325.87,6769.34,4269,2186.58,20150.77,146094.16,10899.89,29936.1,37057.77,15588.73,5470.18,5744,6178.56,7198.53,190,292715.84,5382.37,2076.46,9696.22,1050.527,92,19317.7,13378.71,7351,66673.4,8045.42,5168.55,1392.47,10996.09,79199.31,23247.31,50964.61,36418.95,44943.74,3362.2,318386,28934.33,29418.09,95055.28,26019.67,21946,57075.4,16120.57,13314.02
2015,32564,20353.7,2867.95,9460.83,43779.41,2924.16,23663.74,8680.21,9392.99,10577,11275.48,10841.707,18093.58,162272.96,7073.75,1332.67,3962.86,9585.12,10942.24,207148.03,291,2159.17,5392,35831.15,8331.57,17903.54,1373405.76,25719.03,24273.08,86229.49,4851.33,46289.75,781,546,4826.6,15874.91,11214,1009.21,10488.79,81703.87,828,74,5683.05,10071.71,39372.21,15860.11,95432.34,46420.26,1311.86,98114.47,5480.53,66480.42,1905.12,65400.42,4926.75,29145.61,10924.395,1968,1703.302,741,10676.84,16337.36,7270.5,8660.816,4081.3,10254,9849.56,257350.98,1259235.84,4698.72,78651.63,34674.18,330.71,8090.84,60254.75,2675.28,9506.08,127034.32,17743.13,47983.12,5537.02,14994.06,51015,2803.51,6912,5639.77,4460,6290.6,164,22710.51,1948,2817.81,570.98,1973.64,34510.84,3558.37,23806.04,118017.14,2061.06,15210.44,445.08,52900.21,619.722,2993,24022.7,3597,1296.2,18571.17,30387.02,2407.78,18957.02,187978.54,5908,16945.85,5191.23,28678,4694.58,3240.14,206716.33,3657,24812.48,107868.13,38543.89,3473,24983,10283.18,6849.66,4359,2260.59,20055.46,146409.55,11122.15,30645.9,38164.74,16065.75,5535.18,5879,6205.417,7161.78,194,293226.27,5386.12,2077.97,9799.3,1059.815,92,18272.11,13823.36,7552,66975.32,8184.56,5227.35,1398.86,11124.31,80262.39,23305.97,52603.67,37673.11,44428.81,3371.27,320739,29205.15,29692.83,96221.85,26698.17,21882,57946.58,16623.65,13479.17
2016,33332,21097.59,2863.37,9587.25,44244.69,2919.23,24036.24,8791.15,9481.38,10721,11332.49,11220.072,18620.83,163938.02,7024.31,1364.59,3957.16,9564.17,11118.04,208859.27,291,2193.52,5507,36239.19,8423.05,18098.52,1382401.21,26347.76,24995.01,89193.32,4950.58,46796.16,795,553,4884.88,15905.54,11180,1013.86,10511.01,82366.01,847,74,5730.06,10176.82,40087.3,16071.88,97882.25,46459.99,1314.45,100858.15,5495.33,66730.05,1966.1,65940.82,4923.61,29879.33,11224.776,2010,1745.203,759,10632.5,16635.6,7316.37,8770.113,4046.82,10486,9820.53,259905.6,1273693.25,4751.97,79700.02,35437.31,335.31,8251.43,60140.3,2673.75,9862.89,126857.42,17941.33,49095.32,5598.06,15238.38,51218,2848.13,7019,5687.73,4576,6415.31,164,22898.68,1953,2782.23,585.75,1955.7,34898.05,3521.54,24422.51,117443.95,2063.31,15628.65,455.39,53416.38,618.125,3031,24660.45,3677,1298.18,19085.93,30781.6,2456.24,19708.07,192593.55,5967,17035.88,5237.24,29034,4799.84,3307.2,210928.54,3705,24903.64,109492.99,38515.83,3411,25115,10250.82,6930.16,4451,2326.2,19938.27,146678.1,11344.4,31359.54,39293.66,16548.85,5607.18,6019,6248.422,7124.37,198,293975.83,5394.53,2079.31,9923.2,1069.06,93,17669.14,14277.22,7757,67250.33,8322.2,5286.59,1404.68,11247.61,81350.1,23357.18,54336.3,39157.03,44207.71,3380.45,323072,29479.53,29960.68,97379.86,27347.41,21817,58830.32,17139.89,13664.82
2017,34124.811,21858.57,2860.75,9699.45,44705.95,2913.44,24444.62,8846.73,9566.62,10955,11376.49,11612.983,19157.02,165654.74,6973.2,1396.25,3950.92,9542.35,11289.48,210537.17,292.336,2227.94,5625.118,36676.5,8502.01,18349.61,1390135.72,26983.57,25679.72,92209.29,5054.88,47385.34,808.08,561.899,4941.67,15937.21,11147.407,1023.33,10535.14,82674.07,865.267,73.897,5766.07,10281.19,40787.44,16281.5,100303.24,46543.01,1314.15,103653.99,5508.23,67014.62,2025.34,66334.57,4921.95,30617.07,11534.306,2051.363,1788.61,778.358,10611.5,16928.72,7372.21,8877.729,4005.51,10646.714,9794.46,262379.07,1287901.85,4805.29,80724.9,36199.69,343.31,8412.1,60027.36,2673.14,10066.12,126630.56,18132.9,50201.1,5658.09,15479.64,51362,2891.16,7126.706,5680.12,4689.021,6548.55,164.994,23079.82,1958.042,2743.6,598.63,1937.55,35278.97,3484.9,25044.46,118799.05,2065.31,16059.6,468.21,53913.68,616.289,3068.243,25317.81,3758.571,1300.38,19603.08,31164.1,2504.89,20461.78,197417.01,6025.951,17136.91,5278.25,29384.297,4896.5,3375.06,215275.67,3753.142,24999.33,111093.8,38510.81,3351.827,25248.14,10225.8,7012.11,4532.88033776538,2384.19,19823.44,146845.96,11634.05,32183.66,40511.52,17044.25,5612.18,6163.195,6304.028,7086.56,201.025,294650.68,5402.07,2080.5,10057.81,1078.215,93.92,17327.22,14764.54,7965.055,67506.48,8458.44,5345.93,1410.59,11365.44,82412.15,23397.13,56061.93,40879.06,44029.19,3389.58,325122,29755.61,29856.26,98506.84,27984.86,21481.7645786806,59715.09,17674.37,13870.26
2018,34940.837,22638.16,2853.7,9796.02,45162.39,2906.81,24822.98,8889.62,9648.57,11229,11428.5,12017.978,19698.41,167358.03,6923.03,1427.59,3944.2,9519.36,11456.22,212257.83,293.131,2262.35,5745.062,37198.22,8564.88,18680.57,1395397.96,27614.17,26373.18,95231.59,5164.37,48221.68,821.164,568.373,4997.76,15981.48,11116.396,1035.89,10571.85,82923.13,884.017,74.027,5795.08,10384.55,41470.74,16488.67,102617.05,46738.99,1317.68,106465.63,5516.23,67347.11,2082.91,66732.33,4921.81,31362.33,11855.411,2092.731,1833.247,797.457,10589.99,17222.86,7432.04,9001.592,3967.71,10788.44,9782.04,264788.84,1301821.41,4863.7,81721.03,37015.4,352.6,8576.02,59902.2,2673.1,10272.68,126367.71,18316.33,51357.34,5716.78,15717.46,51585,2932.58,7234.171,5561.51,4809.768,6688.55,165.51,23253.73,1962.461,2717.54,610.49,1922.67,35652.66,3448.41,25671.33,120288.77,2067.02,16506.64,484.93,54403.34,614.249,3103.428,25998.05,3840.429,1302.3,20121.52,31538.78,2553.66,21227.97,202498.1,6085.213,17237.95,5313.26,29717.587,4982.03,3443.54,219926.58,3800.644,25403.39,112842.96,38501.79,3294.626,25381.085,10209.42,7095.2,4615.07976766621,2435.25,19713.07,146834.16,11913.21,32869.17,41764.36,17534.96,5639.19,6312.212,6368.351,7047.95,204.454,295243.78,5409.63,2086.69,10175.33,1087.2,94.633,17600.86,15251.88,8176.449,67749.94,8593.44,5405.12,1436.18,11477.26,83534.74,23419.53,57764.51,42329.09,43943.68,3398.67,326838,30031.42,28858.1,99603.57,28608.34,21423.5652361948,60594.64,18222.27,14096.56
2019,35972.024915857,23436.91,2841.56,9879.31,45613.27,2899.3,25203.53,8929.79,9727.2,11601.5905291282,11490.51,12370.0030896249,20242.08,169044.68,6874.46,1458.58,3937.02,9495.02,11620.83,213939.88,293.646647621636,2296.67,5874.22604275121,37736.29,8626.19,19035.04,1400034.69,28251.6,27114.25,98319.94,5279.27,49325.84,836.684723435006,574.172135584259,5052.04,16031.34,11105.0649389272,1050.04,10614.52,83110.16,898.061625067395,74.6593699222004,5818.08,10486.62,42135.24,16693.09,104815.64,47115.62,1323.36,109266.63,5521.63,67659.64,2138.69,67094.94,4923.24,32111.43,12160.1092224917,2147.48368838561,1876.581210407,824.500940466989,10578.82,17517.58,7486.89,9154.15996934171,3944.76,10933.4464907144,9777.62,267142.33,1315530.1,4930.26,82685.07,37845.87,360.5,8741.76,59754.04,2673.59,10480.27,126091.78,18490.91,52522.24,5774.07,15943.72,51765,2972.37,7343.16405405752,5330.73,4904.1043154356,6826.22,166.156639739611,23420.22,1987.17906759684,2710.36,623.22,1909.64,36018.27,3411.99,26302.33,121872.37,2067.69,16967.46,504.43,54884.2,613.218855823455,3170.55698642632,26693.96,3942.16721502667,1303.75,20640.32,31903.36,2602.44,22023.2,207698.62,6170.10945226866,17350.99,5349.27,30057.2092743334,5073.53,3512.44,224604.37,3862.03182052671,25965.57,114635.9,38474.73,3268.43986590481,25497.2011021822,10211.9,7179.08,4715.17670439877,2480.01,19622.4,146768.26,12180.7,33660.57,42952.28,18021.47,5704.19,6461.19687917733,6372.28280615795,7010.24,207.602884141494,295881.01,5416.82,2103.86,10279.01,1095.80538697791,95.8005267553176,18439.99,15749.52,8376.03161418593,67974.61,8727.38,5463.9,1452.4,11582.54,84737.37,23430.22,59464.56,43639.18,43951.4,3407.73,328330,30304.98,27920.92,100694.78,29216.33,21319.5958651115,61468.96,18779.59,14344.59
2020,37033.6456607217,24253.25,2825.29,9952.51,46057.94,2890.86,25529.04,8969.23,9802.49,11986.5440204432,11545.52,12724.965068187,20787.68,170709.31,6833.33,1489.2,3929.3,9469.35,11775.35,215577.48,294.184304592975,2330.81,6024.98658769172,38173.83,8689.45,19384.81,1402060.16,28895.37,27878.49,101499.25,5400.04,50283.48,852.741738479196,579.754350860116,5105.3,16069.24,11089.3651341203,1062,10645.2,83178.18,911.576106511741,75.2520207418494,5831.08,10587.15,42779.11,16894.46,106892.62,47366.01,1327.43,112099.9,5530.73,67901.27,2192.66,67380.21,4926.16,32864.43,12469.471284825,2203.21644193297,1919.79066186794,847.339107546081,10556.14,17812.4,7459.96,9303.9289733526,3925.41,11076.8326220402,9756.62,269436.93,1329061.88,4983.46,83613.65,38673.15,366.4,8899.46,59463.72,2674.6,10628.44,125633.55,18656.43,53691.29,5829.74,16148.8,51836,3010.53,7452.46154376633,4986.19,5004.73345668448,6960.23,166.76513238667,23579.31,2012.53372476191,2711.09,632.84,1897.33,36375.13,3375.58,26936.34,123260.43,2064.65,17442.21,515.56,55355.1,611.907586371159,3231.27704231144,27401.14,4045.36041323227,1305.31,21158.65,32256.84,2651.12,22841.55,213020.61,6255.26515579028,17448.02,5380.28,30595.2638874329,5159.06,3581.59,229276.42,3918.4804750307,26307.71,117026.22,38442.66,3247.27517265518,25608.1039185121,10222.62,7263.39,4820.45769210114,2519.01,19496.17,146463.36,12426.22,34541.89,44121.15,18517.62,5686.19,6611.46246287851,6384.98025706391,6963.69,211.513111391854,296210.85,5424.04,2117.75,10353.56,1106.15058926534,96.8624988118447,19241.48,16257.49,8578.7347548498,68180.23,8859.84,5521.99,1447.64,11680.79,85564.44,23439.58,61190.55,45119.75,43903.66,3416.7,331512,30575.54,27870.5,101770.5,29810.96,21192.2655015016,62354.78,19348.63,14614.82
2021,38126.5973803805,25089.1,2799.23,10018,46496.42,2881.41,25573.55,9004.1,9874.34,12384.2706905826,11593.52,13081.0271220088,21336.01,172354.38,6777.86,1511.24,3921.13,9442.37,11917.27,216720.02,294.715673178685,2364.77,6153.68829930792,38383.48,8756.22,19604.03,1402536.74,29545.71,28662.86,104766.66,5527.18,50978,869.093872574593,585.013175767942,5157.78,16046.68,11045.8680688121,1071.94,10642.36,83213.19,924.454248370693,75.6878856303743,5855.09,10686.38,43401.25,17093.16,108871.4,47341.86,1328.61,114964.46,5541.53,68113.95,2246.31,67651.42,4929.17,33622.19,12778.0203149446,2259.64166073436,1962.54488602954,867.73461325712,10498.74,18106.11,7392.15,9447.85921618732,3838.57,11214.7375497504,9716.33,271674.27,1339912.27,5021.78,84505.42,39491.12,372.4,9047.25,59157.89,2676.07,10716.46,125427.27,18813.39,54866.58,5883.52,16338.21,51745,3047.51,7560.0403465876,4801.71,5108.84199841821,7088.09,167.150324979763,23732.1,2036.95626480323,2724.18,642.81,1879.51,36723.46,3339.07,27572.94,124461.88,2057.08,17930.39,518.36,55814.8,610.750984458117,3283.70099557679,28120.63,4150.00589687293,1306.84,21676.94,32602.51,2700.08,23690.75,218473.32,6342.89670877767,17539.05,5409.28,31310.7803752163,5188.31,3650.68,233941.75,3970.37319826709,26508.32,119473.07,38250.21,3231.85451541529,25711.4980769831,10213.59,7347.97,4929.93067359441,2552.79,19351.32,145849.13,12654.66,33651.45,45290.49,19016.07,5716.2,6761.34985734412,6406.73050139986,6898.29,215.833515869862,296102.41,5404.32,2122.71,10415.93,1117.03356968291,97.7262116080348,20225.61,16775.93,8784.24545482938,68365.79,8990.31,5579.18,1450.42,11772.36,86346.36,23448.55,62944.43,46645.17,43745.64,3425.65,332032,30842.58,28315.65,102815.24,30399.24,21027.5338002263,62899.66,19927.76,14900.01
2022,39251.804727056,25878.2,2787.08,10099.28,46736.25,2870.57,25826.44,9106.86,9917.5,12795.1943676216,11694.54,13439.3003975561,21889.26,174216.9,6720.43,1520.5,3876.28,9399.77,12059.96,217718.33,295.171581136838,2403.02,6291.24872652558,38684.59,8833.8,19715.21,1401692.8,30279.34,29417.31,108171.07,5654.68,51331.73,885.118096613093,590.211302791307,5184.67,16099.31,11002.5132918779,1086.65,10635.49,83811.31,937.241245663537,76.0275884811431,5907.1,10793.02,44113.76,17288.38,110593.14,47625.4,1330.34,117924.42,5556.43,68386.54,2292.19,68093.38,4911.34,34280.48,13087.2133496748,2316.19955211222,2005.25339698954,889.205187272942,10437.18,18348.19,7386.52,9589.88947171865,3790.18,11349.3694298683,9689.89,273409.14,1349059.74,5117.92,85108.18,40364.27,380.1,9187.79,58966.21,2675.77,10848.72,124762.11,19010.9,55924.33,5976.24,16514.33,51730.69,3060.96,7666.35660690857,4713.37,5216.3276342612,7169.19,167.341990859417,23796.09,2058.7154855149,2748.06,651.14,1882.73,37101.22,3569.74,28236.68,125246.73,2047.56,18494.05,530.35,56210.31,609.99515629459,3333.31675047369,28903,4258.96327442145,1307.39,22238.84,32956.32,2739.42,24586.92,223735.37,6433.4976145088,17709.11,5458.29,31845.1446203077,5244.5,3695.77,238413.04,4022.67014292378,26771.02,121234.2,37914.44,3228.26039853414,25808.0282096286,10199.79,7432.31,5041.9860769213,2559.33,19266.49,146692.81,12950.59,34080.56,46497.72,19511.54,5749.51,6909.95735023542,6429.28131220255,6833.36,219.967212317359,294378.63,5463.82,2123.58,10487.06,1125.83945234,98.3200715220997,20985.23,17306.72,8991.40329691926,68457.39,9177.23,5657.41,1455.53,11861.81,87201.13,23481.45,64834.51,48065.07,39897.11,3422.18,333288,31336.88,28417.9,103573.51,31058.23,20862.7200547998,63381.79,20485.03,15204.66
